{"type":"FeatureCollection","name":"江苏省十三个设区市行政区划","source":{"dataset":"OpenStreetMap administrative boundary relations, clipped to Natural Earth Admin 1 – States, Provinces (1:50m) Jiangsu land outline","platform":"OpenStreetMap / Nominatim; Natural Earth","url":"https://www.openstreetmap.org/","api_url":"https://nominatim.openstreetmap.org/","province_outline_url":"https://www.naturalearthdata.com/downloads/50m-cultural-vectors/50m-admin-1-states-provinces/","license":"OpenStreetMap data: Open Data Commons Open Database License (ODbL) 1.0; Natural Earth: public domain","license_url":"https://www.openstreetmap.org/copyright","province_outline_license_url":"https://www.naturalearthdata.com/about/terms-of-use/","coordinate_system":"WGS84","retrieved_at":"2026-09-07","simplification_threshold_degrees":0.0002,"processing":"Each OSM prefecture-level administrative geometry was intersected with the Natural Earth CN-JS land outline to remove offshore administrative sea extents; no point coordinates were moved.","note":"用于文化数据库概览，不用于法定界线或测绘。"},"features":[{"type":"Feature","properties":{"city_name":"南京市","region":"苏南","osm_type":"relation","osm_id":2131524,"display_name":"南京市, 江苏省, 中国"},"geometry":{"type":"MultiPolygon","coordinates":[[[[118.3538729,31.9491262],[118.3545408,31.9487439],[118.3527115,31.9488554],[118.3526766,31.9483661],[118.353138,31.9483752],[118.353079,31.9476514],[118.35226972238084,31.947678446070952],[118.3527188929675,31.949224834843367],[118.3538729,31.9491262]]],[[[118.4046525,31.9113704],[118.404749,31.9120807],[118.405543,31.9137428],[118.39914942043967,31.914533020010676],[118.36160491198491,31.940121210309858],[118.3621421,31.9403477],[118.363907,31.9435979],[118.3633867,31.9440895],[118.3633438,31.9452275],[118.3626786,31.9453869],[118.3620939,31.9460241],[118.36211,31.9476947],[118.3617344,31.9476401],[118.3609942,31.9491649],[118.3610371,31.9498796],[118.3607903,31.9497066],[118.3606884,31.9499296],[118.3608896,31.9503598],[118.360101,31.9508241],[118.3602458,31.9516115],[118.36189,31.9528564],[118.3619222,31.9535619],[118.3616379,31.9536119],[118.3619812,31.9554371],[118.3627591,31.9560151],[118.3625177,31.9574033],[118.3631828,31.9577128],[118.363274,31.958837],[118.3641431,31.9591647],[118.365334,31.9590282],[118.365173,31.959283],[118.3668172,31.9612469],[118.3659053,31.9616383],[118.3654976,31.9622049],[118.3655566,31.9629058],[118.366136,31.963436],[118.3655754,31.963568],[118.365908,31.9648332],[118.3655673,31.9650812],[118.3650684,31.9649219],[118.3648217,31.9653679],[118.364532,31.9649788],[118.3640411,31.9653747],[118.3641914,31.9655318],[118.3636039,31.9660142],[118.364068,31.9660824],[118.3633894,31.9669835],[118.3641136,31.9676093],[118.3633277,31.9672293],[118.362802,31.9677526],[118.3636361,31.968235],[118.3646527,31.9680962],[118.3648297,31.968417],[118.3660528,31.9687697],[118.3664176,31.9681326],[118.3704972,31.9684489],[118.3713609,31.9689063],[118.3720958,31.9686491],[118.3727825,31.9688516],[118.3730319,31.96859],[118.3738795,31.9693591],[118.3754084,31.9698096],[118.3754888,31.968499],[118.3763525,31.968326],[118.3764705,31.9677162],[118.3767146,31.9677549],[118.3771598,31.969284],[118.37731,31.9703534],[118.3765268,31.9706128],[118.3766824,31.9711816],[118.3730453,31.9746401],[118.3715808,31.9753773],[118.3722353,31.9773568],[118.3706823,31.9783738],[118.371487,31.9792884],[118.3710954,31.9795386],[118.3712,31.9798321],[118.3719563,31.9800847],[118.3719403,31.9803304],[118.3709183,31.9802712],[118.3696282,31.9809697],[118.3694941,31.9803554],[118.3691668,31.9802189],[118.3687082,31.9815066],[118.368094,31.9818365],[118.367866,31.9815294],[118.3674422,31.9821368],[118.3685741,31.9830264],[118.3685097,31.9835587],[118.3680618,31.9834154],[118.3679277,31.9837203],[118.3687538,31.9841594],[118.369647,31.984016],[118.3696416,31.9848623],[118.3691829,31.9852286],[118.3662379,31.9857064],[118.366254,31.9860726],[118.371098,31.9860112],[118.3709022,31.985521],[118.3715969,31.9841867],[118.3720583,31.9839751],[118.3730936,31.9842572],[118.373327,31.9837567],[118.3741692,31.9835314],[118.3743247,31.982403],[118.3762801,31.9823075],[118.3775756,31.9812541],[118.3778653,31.9819526],[118.3791769,31.9829854],[118.3805743,31.9847645],[118.3819449,31.9847736],[118.3838385,31.9854152],[118.3840424,31.9861568],[118.3834094,31.9862706],[118.3840853,31.9872602],[118.3833343,31.9877015],[118.3839083,31.9888777],[118.3849007,31.9890574],[118.3854908,31.9883294],[118.3859092,31.9884022],[118.3858341,31.9901607],[118.3863062,31.990511],[118.3872181,31.9902676],[118.387658,31.9909],[118.3887899,31.9911207],[118.3886558,31.9919624],[118.3892485,31.9923946],[118.3890957,31.9926016],[118.3880255,31.9921831],[118.3877653,31.9923514],[118.3890688,31.9928837],[118.3895302,31.9938869],[118.3904448,31.9944055],[118.3903697,31.9957113],[118.3882856,31.9977471],[118.387894,31.9985592],[118.3842328,32.001473],[118.3844259,32.0017733],[118.385295,32.0018074],[118.3844997,32.0020508],[118.3858877,32.0022782],[118.3857053,32.0033632],[118.3832592,32.0037635],[118.3826771,32.0047871],[118.3836427,32.0052761],[118.3835059,32.0058538],[118.3850643,32.0057651],[118.3855042,32.0064907],[118.3850241,32.0064702],[118.3849972,32.0099728],[118.3839163,32.010273],[118.3838412,32.0112965],[118.3830768,32.0129909],[118.3829266,32.0147467],[118.3834201,32.0145875],[118.3839244,32.0149604],[118.3851072,32.0149582],[118.3848202,32.0174939],[118.385303,32.0175462],[118.385818,32.0195839],[118.3864886,32.0196339],[118.3867943,32.0188198],[118.387363,32.0189972],[118.3883285,32.0203662],[118.3925343,32.0209439],[118.3928078,32.0212304],[118.3929741,32.0205118],[118.3942455,32.0207938],[118.3953398,32.0211576],[118.396181,32.0222573],[118.3937681,32.0229951],[118.3936232,32.0236705],[118.3930117,32.0235772],[118.3931968,32.0239411],[118.3925664,32.024214],[118.3913568,32.0246574],[118.3904582,32.0244118],[118.3896857,32.0246802],[118.3900477,32.0259763],[118.3891556,32.026327],[118.389077,32.0254679],[118.387712,32.0257454],[118.3883046,32.026731],[118.3874381,32.0270001],[118.3872688,32.0274431],[118.3868272,32.0274529],[118.3868109,32.0278774],[118.3855694,32.0284019],[118.3841175,32.0280752],[118.3845051,32.0276648],[118.3846915,32.0263766],[118.383911,32.0259104],[118.3835542,32.0245642],[118.3826932,32.0243709],[118.3820911,32.0254613],[118.3816928,32.0280343],[118.3811215,32.0291644],[118.3816498,32.0296988],[118.3817196,32.0307334],[118.3801198,32.0334259],[118.3773335,32.0333298],[118.37710706798778,32.03318759008792],[118.37813856387616,32.03673878802462],[118.3795246,32.0400445],[118.3802721,32.0406193],[118.3815963,32.0395828],[118.3836459,32.0410536],[118.3832304,32.0424226],[118.3840846,32.0458515],[118.3871975,32.0461366],[118.3891225,32.04757],[118.3895897,32.0484629],[118.3886926,32.051278],[118.388738,32.0521921],[118.38669,32.0539917],[118.3841797067458,32.054711199497305],[118.44160775314568,32.096188249409835],[118.4426379,32.0964045],[118.4431958,32.0972998],[118.44320074173534,32.09733877552704],[118.44616305975251,32.099478291320416],[118.4472781,32.0989358],[118.4484744,32.0989494],[118.4492361,32.0994129],[118.4505382,32.1012196],[118.4536028,32.1030665],[118.4557593,32.1033528],[118.4577495,32.1025894],[118.4586346,32.1026666],[118.4593642,32.1032074],[118.4607589,32.1058429],[118.4649968,32.1099097],[118.4672743,32.110625],[118.4681565,32.1112865],[118.46843,32.1127405],[118.4678131,32.114767],[118.46780522576461,32.11510921133551],[118.47367816045825,32.119350901949964],[118.4752865,32.1190473],[118.4778285,32.1190787],[118.483209,32.1225452],[118.4892448,32.1236393],[118.4905797,32.1236492],[118.4937984,32.1225407],[118.4952414,32.122786],[118.4957081,32.1235856],[118.4955364,32.1244488],[118.4922105,32.1274836],[118.49038573426505,32.13141784338615],[118.499052,32.137677],[118.4998977101904,32.14109846999489],[118.5013108,32.1402127],[118.5022222,32.1399588],[118.5023351,32.1412326],[118.5010764,32.1427604],[118.50065662012177,32.14416877420604],[118.51241698037845,32.19174738943881],[118.513003,32.1913351],[118.5160017,32.1904362],[118.517611,32.1903726],[118.5190111,32.1908811],[118.5224658,32.19321],[118.5257855,32.1975581],[118.526693,32.197981],[118.5276693,32.1979039],[118.532685,32.1950939],[118.5343587,32.1946445],[118.5435203,32.1972861],[118.5441971,32.198444],[118.5442615,32.2006275],[118.544688,32.2011847],[118.546021,32.2018803],[118.5473943,32.2017623],[118.5542178,32.1990296],[118.5561973,32.1989933],[118.5611218,32.2017941],[118.5604271,32.20309],[118.5578763,32.2024205],[118.557069,32.2040205],[118.560344,32.2051394],[118.5652792,32.2062424],[118.5658693,32.2106316],[118.5716307,32.2092881],[118.5755253,32.2061017],[118.5756218,32.2008908],[118.5818607,32.2012312],[118.5846233,32.2025839],[118.5862273,32.2026928],[118.587018,32.2020218],[118.5869662,32.1985633],[118.5879976,32.1974],[118.5890597,32.1972366],[118.5911304,32.2004232],[118.5919672,32.2011903],[118.593754,32.2020521],[118.6049116,32.2044586],[118.6111933,32.2075497],[118.6124057,32.2077948],[118.6147553,32.2076223],[118.6201358,32.2053165],[118.6235368,32.2047581],[118.6246151,32.2051848],[118.6314869,32.2098009],[118.6388764,32.2121747],[118.645106,32.2200332],[118.6619486,32.2374601],[118.6693562,32.2522637],[118.6702366,32.2531877],[118.6700463,32.2548015],[118.6709851,32.2561897],[118.6707331,32.2573204],[118.6695195,32.2584131],[118.6636037,32.2593834],[118.6596501,32.2608713],[118.65836462401236,32.26195934341747],[118.67759377513696,32.31980888027802],[118.6780447,32.3199328],[118.6808342,32.320309],[118.6876856,32.3195797],[118.6908013,32.3197424],[118.6918741,32.3204768],[118.6913145,32.3225538],[118.6903453,32.3238132],[118.6889398,32.3244297],[118.6820102,32.3248418],[118.6801207,32.3253953],[118.67955635416207,32.32571316003117],[118.68153884095776,32.33167733089962],[118.6818212,32.3318955],[118.6835968,32.332385],[118.687765,32.3323533],[118.6914343,32.3312971],[118.6945295,32.3308529],[118.698703,32.331551],[118.6997169,32.3321719],[118.7010848,32.333704],[118.702898,32.3384768],[118.7028122,32.3404121],[118.7022489,32.3413593],[118.701455,32.3419394],[118.6938375,32.3440061],[118.692196,32.3449397],[118.6915308,32.3460093],[118.6910641,32.3472329],[118.691504,32.3489823],[118.6947517,32.3519002],[118.6885804,32.3527255],[118.6878294,32.3534597],[118.6874807,32.3546968],[118.6879152,32.3559702],[118.6900127,32.3588522],[118.694036,32.359405],[118.6970025,32.3602274],[118.6968523,32.3606443],[118.6947656,32.3622371],[118.6921531,32.3627582],[118.6912572,32.3633381],[118.6917508,32.3684582],[118.6908281,32.3699897],[118.6923301,32.3710499],[118.6935639,32.3709366],[118.6968517,32.3697275],[118.6975984,32.36978],[118.6985441,32.3707424],[118.6984522,32.373779],[118.6981127,32.3745869],[118.6969486,32.3752978],[118.692593,32.3758206],[118.6918289,32.3766708],[118.6918339,32.3772455],[118.6923675,32.3777511],[118.6952591,32.3787609],[118.6963422,32.3795968],[118.6967056,32.380838],[118.6962307,32.3821166],[118.6945729,32.3843323],[118.6933007,32.3854884],[118.6910936,32.3859941],[118.6890288,32.3850385],[118.6875987,32.3809672],[118.6870837,32.3801699],[118.6856407,32.3793499],[118.6847877,32.3808041],[118.683511,32.3846457],[118.6822262,32.3869198],[118.67730603607517,32.3867813383272],[118.67722532099936,32.38735007147214],[118.6778247,32.3896242],[118.67681437772082,32.39024565276063],[118.67554177727429,32.399212627604065],[118.6800832,32.4060615],[118.6837792,32.4210468],[118.6846429,32.4209879],[118.6850828,32.4222875],[118.6851042,32.4247916],[118.6844283,32.4255161],[118.6829638,32.4260685],[118.6815852,32.4311443],[118.6835914,32.4426169],[118.6805257,32.4424879],[118.6803615,32.4428894],[118.6804512,32.443912],[118.6810783,32.4442942],[118.6835626,32.4448335],[118.684026,32.4470444],[118.6826849,32.4489457],[118.6818239,32.4514399],[118.6818856,32.4527052],[118.6828083,32.4530605],[118.6848736,32.4521371],[118.6863434,32.4550613],[118.6862683,32.4569036],[118.68563,32.4593976],[118.6832991,32.4574626],[118.6813572,32.456856],[118.6795467,32.4573064],[118.6788306,32.458085],[118.6784068,32.4592686],[118.678742,32.4608687],[118.6792704,32.4616721],[118.680177,32.4621269],[118.6808878,32.4619798],[118.6820465,32.4603051],[118.6852355,32.4603776],[118.6872626,32.466711],[118.6859465,32.4750574],[118.6841762,32.4757656],[118.6803889,32.4754941],[118.6755341,32.4743899],[118.6704084,32.4725412],[118.6681178,32.4721271],[118.664521,32.472996],[118.6488743,32.4782988],[118.6481152,32.4781325],[118.6477652,32.4790568],[118.647088,32.4794165],[118.6444044,32.4787185],[118.6424169,32.4787343],[118.6422917,32.4784316],[118.6429426,32.4782479],[118.6428434,32.4771799],[118.6421567,32.477155],[118.6417866,32.4758856],[118.6424947,32.475648],[118.6425537,32.4753516],[118.6420065,32.474899],[118.6416793,32.4751389],[118.6413038,32.4748741],[118.6410731,32.4752384],[118.6414111,32.4755891],[118.640424,32.4762725],[118.6400753,32.4750076],[118.6390159,32.4740256],[118.6388147,32.4731023],[118.6379135,32.4725004],[118.6351883,32.4723692],[118.6328119,32.473392],[118.6294323,32.4732472],[118.6272865,32.4719935],[118.62512732027804,32.471870101771366],[118.61181,32.477682],[118.59564034366774,32.50376064768797],[118.5961622,32.503496],[118.5989195,32.5035187],[118.6011189,32.5027088],[118.6012101,32.5032879],[118.6019289,32.5031251],[118.6039138,32.5054731],[118.6046058,32.5048895],[118.6060166,32.5060521],[118.6052763,32.5077486],[118.605786,32.5079884],[118.6055016,32.5082282],[118.6052978,32.5099427],[118.6061722,32.5098567],[118.6064458,32.5106801],[118.6092031,32.5110837],[118.6096644,32.5114491],[118.6099487,32.5123222],[118.6112469,32.5126705],[118.611204,32.513141],[118.6114508,32.5131726],[118.6111987,32.5153349],[118.6105174,32.5174248],[118.6106944,32.5202157],[118.6099648,32.5214234],[118.6099219,32.5226627],[118.609466,32.5228617],[118.6092138,32.5243318],[118.6069447,32.5231196],[118.6054373,32.5228572],[118.6047399,32.5222104],[118.6031467,32.5229025],[118.6025727,32.5226401],[118.6012396,32.5227441],[118.601312,32.5239202],[118.6019316,32.525311],[118.6012906,32.5264847],[118.6017197,32.5272559],[118.6013067,32.5277511],[118.601245,32.5290583],[118.6008829,32.5296394],[118.6011404,32.5305146],[118.6001587,32.5325046],[118.6003518,32.5330202],[118.600105,32.5330473],[118.5998797,32.5342549],[118.6007219,32.5346347],[118.6016875,32.5345488],[118.6017948,32.535182],[118.6009848,32.5353493],[118.6020309,32.5365659],[118.6027175,32.5367287],[118.6031628,32.5372849],[118.6041552,32.5395235],[118.60327,32.5404596],[118.6024547,32.5406857],[118.6003518,32.5426755],[118.5983562,32.5437789],[118.5972351,32.5439281],[118.5937482,32.5469579],[118.5910767,32.5477221],[118.5870266,32.5499785],[118.5824025,32.5507653],[118.5810238,32.5520268],[118.5797095,32.5523343],[118.5772231,32.553675],[118.5721913,32.5547963],[118.5693294,32.5567632],[118.5680473,32.5571091],[118.5657084,32.5586735],[118.5637289,32.5609658],[118.5605317,32.5633168],[118.5593623,32.5647906],[118.5580296,32.5671249],[118.5587561,32.5677021],[118.5580963,32.5684617],[118.5591155,32.5702112],[118.56125574795136,32.57624259561602],[118.62437499182315,32.58825178588677],[118.6253768,32.5863082],[118.6251301,32.5851421],[118.6253285,32.5848302],[118.6260635,32.5845906],[118.6272061,32.5833566],[118.6277479,32.5837815],[118.6283272,32.5837318],[118.6297381,32.5820322],[118.6309075,32.5820503],[118.6321092,32.583099],[118.6325973,32.5829498],[118.6334395,32.5835148],[118.633984,32.583151],[118.6345607,32.5837476],[118.6340967,32.5846245],[118.6335441,32.5847624],[118.6337668,32.5850878],[118.6350703,32.5849002],[118.6358374,32.5855398],[118.6372429,32.5855398],[118.6368647,32.5866404],[118.6371464,32.5869636],[118.6362532,32.5889659],[118.6364329,32.5896687],[118.6380851,32.5908348],[118.6388522,32.5906699],[118.6405286,32.5910314],[118.64075583637441,32.591368437274596],[118.66623477729904,32.59621611019797],[118.6662376,32.5962154],[118.66625382448692,32.59621973415303],[118.66726507896192,32.59641213739898],[118.6715859,32.5952934],[118.6722752,32.5947104],[118.6729243,32.5932732],[118.6750138,32.5939376],[118.6780661,32.5930834],[118.6840314,32.5900959],[118.6922014,32.5899512],[118.693682,32.588758],[118.6953315,32.5890789],[118.6953074,32.5899942],[118.6958653,32.5899851],[118.6954898,32.590184],[118.6954951,32.5910427],[118.6963347,32.5918902],[118.6953717,32.5939511],[118.695935,32.5944957],[118.6950526,32.5949093],[118.694728,32.5962606],[118.6951572,32.5968481],[118.6946824,32.5970176],[118.6946985,32.5974537],[118.6940038,32.5983983],[118.6931992,32.5983757],[118.6932045,32.5995236],[118.6946154,32.5998693],[118.6955622,32.6009246],[118.6954066,32.6013223],[118.69559556376444,32.60180235061425],[118.71965876263606,32.60638066169731],[118.7202197,32.6057239],[118.7185514,32.6050957],[118.7188411,32.6047929],[118.7183905,32.6047206],[118.718605,32.6042461],[118.7197906,32.6039931],[118.7208903,32.603139],[118.7193185,32.6029175],[118.7192649,32.6016883],[118.7182724,32.6018374],[118.7185943,32.6011957],[118.7202841,32.601503],[118.7203968,32.601268],[118.719635,32.6008206],[118.7198281,32.5996637],[118.720327,32.5987824],[118.7210405,32.5983486],[118.7204611,32.5981],[118.7201124,32.597404],[118.720724,32.5975758],[118.7213516,32.5970018],[118.7194902,32.5943941],[118.7199086,32.5941274],[118.7213731,32.596125],[118.7222046,32.5965408],[118.7227346,32.5964068],[118.7221563,32.5947556],[118.7229663,32.594733],[118.7230575,32.5942585],[118.7234008,32.5942675],[118.7235135,32.5950855],[118.7239104,32.5955013],[118.7249243,32.594602],[118.7254983,32.5946833],[118.7268931,32.5938517],[118.7267482,32.59368],[118.7282449,32.5923557],[118.7293124,32.5928438],[118.7296021,32.5922472],[118.7300849,32.592071],[118.7304926,32.5926179],[118.7311417,32.5927083],[118.731485,32.5922382],[118.7313777,32.5916868],[118.7320751,32.5911942],[118.7333089,32.5916868],[118.7331159,32.5921093],[118.7342155,32.5925681],[118.7339685,32.5936595],[118.7343281,32.5934224],[118.7348163,32.5935851],[118.7350845,32.5929207],[118.7368494,32.5926857],[118.7365866,32.5936122],[118.7381959,32.5934359],[118.7384427,32.5946381],[118.7377238,32.5958132],[118.7381369,32.5966357],[118.7374985,32.5981768],[118.736785,32.5987508],[118.7352401,32.5989677],[118.7351543,32.5994649],[118.7348592,32.5994242],[118.7350306,32.6003765],[118.7358785,32.6003235],[118.7370747,32.6015211],[118.7374985,32.6013042],[118.7376165,32.6019595],[118.7379813,32.6019866],[118.7394351,32.6015663],[118.7395102,32.6009336],[118.7418169,32.6006805],[118.7419778,32.6003597],[118.7425357,32.6004003],[118.7424874,32.5999891],[118.7430078,32.5999168],[118.7429058,32.5996275],[118.7435549,32.5992976],[118.7454861,32.5991349],[118.7455451,32.5988141],[118.7462211,32.5995326],[118.7457383,32.6002602],[118.7463659,32.6008071],[118.7458563,32.6010601],[118.7457222,32.6020996],[118.7466556,32.6023978],[118.7470365,32.6028543],[118.7475944,32.6025921],[118.7475997,32.6022351],[118.7486458,32.6022216],[118.7492251,32.6025424],[118.7496275,32.6021719],[118.7494504,32.6030802],[118.7486511,32.6035457],[118.748458,32.6043817],[118.7477714,32.6043682],[118.7477338,32.6051048],[118.7467307,32.6053217],[118.7469613,32.6058052],[118.7463015,32.6061893],[118.7467468,32.6064469],[118.7472939,32.6063023],[118.7480181,32.606944],[118.748163,32.606483],[118.7491822,32.6065553],[118.7493271,32.606117],[118.749665,32.6065011],[118.7522829,32.6065734],[118.7527716,32.6067781],[118.7524438,32.6075134],[118.7529641,32.6081144],[118.7533665,32.6078026],[118.7542409,32.6080692],[118.7545359,32.607667],[118.7550992,32.6078116],[118.7555122,32.6070931],[118.7563384,32.6072603],[118.7565476,32.6058639],[118.7575078,32.6044585],[118.7588757,32.6053262],[118.7592459,32.6051816],[118.7596375,32.6059634],[118.7606513,32.605873],[118.7611556,32.6051364],[118.7619013,32.6047252],[118.7614024,32.6039208],[118.7616062,32.6035457],[118.7624538,32.6038801],[118.7629259,32.6034598],[118.7644869,32.6037129],[118.7646586,32.6030531],[118.7654042,32.602687],[118.7659353,32.6030893],[118.7665254,32.602687],[118.7660265,32.6020363],[118.7664449,32.6017154],[118.7677538,32.6027684],[118.7689419,32.6013973],[118.7696689,32.6013449],[118.7702268,32.6003868],[118.7711817,32.5998851],[118.7707472,32.5993202],[118.771525,32.5988954],[118.7722063,32.5990491],[118.7723404,32.597969],[118.7718308,32.5971103],[118.770774,32.5971826],[118.7703824,32.5963013],[118.7706345,32.5961702],[118.7703985,32.5951353],[118.769803,32.5949545],[118.7696099,32.5943986],[118.7695187,32.5925003],[118.7708008,32.5922246],[118.7712139,32.5939466],[118.7718898,32.5945794],[118.7724048,32.5943534],[118.7719166,32.5931873],[118.7720829,32.5926133],[118.7731075,32.5922518],[118.7727374,32.5904981],[118.7734455,32.5901411],[118.7734562,32.5894089],[118.7748671,32.589445],[118.7750065,32.5883919],[118.7756824,32.5883241],[118.7758005,32.5878631],[118.7765837,32.5879399],[118.7766695,32.5868958],[118.7778068,32.5857523],[118.7792766,32.5866563],[118.7798506,32.5856935],[118.7801564,32.5857071],[118.7806392,32.5859963],[118.7806231,32.5867195],[118.7809288,32.5866924],[118.7812293,32.5863218],[118.7811434,32.5857523],[118.7817335,32.5860506],[118.7820715,32.5848618],[118.7922209,32.5863308],[118.7923229,32.5857749],[118.7932402,32.5857839],[118.7933528,32.5853274],[118.7928271,32.5850019],[118.7938785,32.584107],[118.7951124,32.5843737],[118.7962389,32.5851782],[118.7965071,32.5847488],[118.7969148,32.5852234],[118.7972903,32.5849658],[118.7980843,32.585359],[118.7981754,32.5842878],[118.7985349,32.5838991],[118.8001442,32.5843059],[118.7997955,32.5856076],[118.8001764,32.5857568],[118.8001496,32.586141],[118.7999082,32.5866291],[118.799141,32.5869275],[118.7986636,32.5879264],[118.7982881,32.5880077],[118.7988138,32.5881343],[118.798669,32.588636],[118.7980682,32.5887716],[118.798728,32.5899603],[118.798551,32.5913207],[118.798846,32.591723],[118.7982023,32.5924552],[118.7987119,32.5936393],[118.7992001,32.5937297],[118.8003999,32.5956129],[118.8033318,32.5948567],[118.8047978,32.596054],[118.8030469,32.6009647],[118.8069817,32.6026132],[118.810303,32.6032726],[118.8123021,32.6042884],[118.8127252,32.603825],[118.81559524815022,32.604818485795676],[118.8174562081954,32.604594048202145],[118.8183629,32.6039141],[118.8202246,32.6037716],[118.8196005,32.6028983],[118.8180033,32.6018291],[118.8189235,32.6009023],[118.8182995,32.6004657],[118.8169456,32.6008934],[118.8162052,32.6001004],[118.8164273,32.5993429],[118.818786,32.596527],[118.8181514,32.5931941],[118.8190293,32.5927842],[118.8184476,32.5907791],[118.8161629,32.5906899],[118.8133387,32.5900394],[118.8135608,32.5890145],[118.8120906,32.5884085],[118.8115723,32.5859665],[118.812355,32.5828204],[118.8143224,32.5834354],[118.8155705,32.5822857],[118.8179822,32.5835067],[118.824244,32.5826422],[118.8260104,32.5829363],[118.8251897,32.5812822],[118.8259725,32.5806048],[118.8257609,32.5794818],[118.8244387,32.578332],[118.822355,32.5794462],[118.8214877,32.5792857],[118.8203304,32.5780822],[118.8216675,32.577922],[118.8231576,32.5770864],[118.8228135,32.5756494],[118.8205548,32.5742754],[118.8210035,32.5736199],[118.8240102,32.5738972],[118.8261942,32.5767208],[118.8274507,32.5741997],[118.8288718,32.5722207],[118.8295449,32.5719181],[118.8334192,32.5766452],[118.8344663,32.5774519],[118.8358874,32.5773763],[118.8386996,32.573872],[118.8387595,32.5734056],[118.8358874,32.5726619],[118.8348398,32.5704741],[118.8390496,32.5695025],[118.8414083,32.5695381],[118.8428257,32.5701443],[118.8430478,32.5729254],[118.8444969,32.5724529],[118.8450575,32.5728986],[118.8466653,32.5727382],[118.8471413,32.574298],[118.849902,32.5753053],[118.8491616,32.5765353],[118.8532973,32.5770255],[118.8545243,32.5760985],[118.857909,32.5772751],[118.8582581,32.5786299],[118.8626054,32.5779971],[118.8653238,32.5779881],[118.8646362,32.5790131],[118.8653978,32.5795658],[118.8675873,32.5789062],[118.8674816,32.5818296],[118.8680739,32.5819722],[118.868095,32.5827209],[118.8667094,32.583523],[118.8663709,32.5854927],[118.8694807,32.5854659],[118.8707923,32.5835319],[118.8715115,32.5817583],[118.8727597,32.5818385],[118.8746424,32.5783892],[118.8740818,32.5778188],[118.87588,32.5772751],[118.8760281,32.5778723],[118.876631,32.5781664],[118.8772233,32.5775158],[118.87698,32.5763214],[118.8803119,32.578621],[118.8795292,32.5786299],[118.8796138,32.5795747],[118.8786407,32.5808492],[118.8798042,32.581482],[118.878958,32.5822218],[118.8779849,32.5821148],[118.8780166,32.5825694],[118.877181,32.5827031],[118.8773502,32.5833626],[118.8788416,32.5840756],[118.8781541,32.5846995],[118.8784609,32.5853501],[118.8775618,32.5865622],[118.8772868,32.5876405],[118.8788522,32.59043],[118.8793282,32.5921589],[118.8798782,32.5923995],[118.882036,32.5908399],[118.8821312,32.5903854],[118.8846169,32.5909023],[118.8866901,32.5896101],[118.8884036,32.5892358],[118.8899056,32.5895923],[118.8908787,32.588915],[118.8915451,32.5889417],[118.8919258,32.5898864],[118.8933009,32.5908845],[118.8944538,32.5907063],[118.89687170281468,32.59130045037114],[118.90180326258755,32.587400751993336],[118.896236,32.5848439],[118.8952637,32.5832684],[118.8941567,32.5824365],[118.8936182,32.5808861],[118.8923019,32.5802811],[118.8914791,32.5787811],[118.8927057,32.5767265],[118.8916736,32.5761467],[118.8936332,32.5742432],[118.8919428,32.573802],[118.8889661,32.5710288],[118.8898337,32.5691378],[118.8910304,32.5689487],[118.8914941,32.569932],[118.8927805,32.5692009],[118.8926908,32.5674486],[118.8936481,32.5676629],[118.8942016,32.5664653],[118.8920775,32.5654567],[118.8920924,32.5650155],[118.8945457,32.5648012],[118.8935135,32.5623554],[118.8927057,32.5620276],[118.8934387,32.5609308],[118.8932592,32.5597583],[118.8905218,32.5622293],[118.8899683,32.564486],[118.8905517,32.5649525],[118.8896392,32.5652298],[118.8876198,32.5647634],[118.8869018,32.5634144],[118.8881733,32.5624058],[118.8849055,32.5610001],[118.88279,32.5614012],[118.8821237,32.5603404],[118.8837314,32.5604384],[118.8836362,32.5600194],[118.8825785,32.5592973],[118.8830122,32.5585752],[118.8819015,32.5582721],[118.8817323,32.5576034],[118.8846622,32.5571131],[118.8822294,32.5549199],[118.8826948,32.5546347],[118.8844189,32.5554727],[118.8857834,32.5554281],[118.886471,32.5561414],[118.8869258,32.556177],[118.8871691,32.5555975],[118.8897288,32.5563553],[118.8920346,32.5553211],[118.8910192,32.5540997],[118.8897572,32.5534537],[118.8894822,32.5513853],[118.8899476,32.5513318],[118.8922535,32.5531595],[118.8930362,32.552794],[118.8964738,32.5552101],[118.8982085,32.5566989],[118.8981133,32.5579025],[118.8991076,32.5586692],[118.8999432,32.5584017],[118.9009375,32.5588207],[118.9008846,32.5595964],[118.8999326,32.5596944],[118.8996788,32.5602828],[118.9004615,32.5610049],[118.9020798,32.5608355],[118.9028837,32.5611565],[118.9038462,32.5605502],[118.9030212,32.5586514],[118.9035078,32.5581967],[118.903603,32.5574835],[118.9027779,32.55669],[118.9026247,32.5555877],[118.9039575,32.5557928],[118.9035873,32.5556323],[118.9043224,32.555503],[118.9043383,32.5549057],[118.9038305,32.554616],[118.9040262,32.5537868],[118.9052796,32.553399],[118.9049888,32.5529175],[118.9053431,32.5522489],[118.906898,32.5526545],[118.9085745,32.5520082],[118.9102404,32.5518744],[118.9109597,32.5521775],[118.9121496,32.5540008],[118.9105736,32.5554807],[118.9105101,32.5570008],[118.9087543,32.5574332],[118.9083206,32.5578344],[118.9082307,32.5581419],[118.9093043,32.55939],[118.91005,32.5590914],[118.9096428,32.5595817],[118.91069,32.5589443],[118.9110496,32.5595639],[118.9103039,32.559809],[118.9098861,32.5608031],[118.9086221,32.5610215],[118.9083746,32.5614905],[118.911294,32.5618292],[118.9113151,32.5614013],[118.9118651,32.5609601],[118.912632,32.5608664],[118.913219,32.5602825],[118.9134253,32.5594133],[118.9140018,32.5593019],[118.9138643,32.5599036],[118.9145782,32.5600597],[118.9151177,32.5589676],[118.9166937,32.5593375],[118.9166673,32.5589497],[118.9175716,32.5591548],[118.9177091,32.5586689],[118.9210201,32.5593055],[118.9217605,32.5588706],[118.9232811,32.5591679],[118.9239792,32.55874],[118.9258861,32.559632],[118.9269268,32.5589357],[118.9277208,32.5589764],[118.9279407,32.5584655],[118.9285523,32.5587639],[118.9286542,32.5594828],[118.9293462,32.5597993],[118.9306819,32.5597495],[118.9309931,32.5602966],[118.931728,32.56017],[118.9318728,32.5593652],[118.9322913,32.5592477],[118.9320928,32.5566705],[118.933273,32.5541791],[118.9337611,32.5542424],[118.9346892,32.5531075],[118.9340723,32.5527367],[118.9351666,32.5517736],[118.9357513,32.5516334],[118.9357567,32.5509914],[118.9372909,32.550503],[118.9367813,32.5499016],[118.937071,32.5496032],[118.9370441,32.5485812],[118.9380526,32.5487169],[118.9400643,32.5480024],[118.9420867,32.5483325],[118.9424837,32.5481065],[118.9452785,32.5440638],[118.9501226,32.5393969],[118.950187,32.5384653],[118.9516139,32.5378955],[118.9520967,32.5368553],[118.9515495,32.5345488],[118.9524937,32.5342503],[118.9534056,32.532776],[118.9534271,32.5318895],[118.9547682,32.530388],[118.956989,32.5303699],[118.9582872,32.5300081],[118.9591133,32.5314734],[118.9613557,32.5302342],[118.9619779,32.5291397],[118.9624071,32.5289316],[118.9628684,32.5277376],[118.964349,32.5272943],[118.9647353,32.5268782],[118.9647245,32.526444],[118.9630079,32.526245],[118.9629543,32.5255485],[118.9647245,32.5253947],[118.9654326,32.5249333],[118.96451,32.5244629],[118.9649498,32.5236488],[118.9644456,32.5224637],[118.9633083,32.5216134],[118.9629006,32.5203016],[118.9624822,32.5203468],[118.9622998,32.5200393],[118.9629757,32.5190622],[118.9633727,32.5173524],[118.964231,32.5164567],[118.9647567,32.5153259],[118.9686513,32.5116798],[118.9691341,32.5101689],[118.9687908,32.5091284],[118.9695632,32.5074365],[118.9708614,32.5067036],[118.9722991,32.5066765],[118.972857,32.5057355],[118.9737368,32.506595],[118.9756036,32.5065588],[118.9768481,32.5058621],[118.978554,32.5061788],[118.9793372,32.505654],[118.9799273,32.5059074],[118.9808071,32.5080879],[118.9858603,32.5075541],[118.9872551,32.5069569],[118.9889717,32.5049935],[118.9885318,32.5044144],[118.9893472,32.5035096],[118.9908278,32.5038987],[118.9923513,32.5031296],[118.9930165,32.5038896],[118.9938319,32.503763],[118.9941001,32.5043963],[118.9934885,32.5060069],[118.9938104,32.5070384],[118.9963317,32.508477],[118.997072,32.5096622],[118.9993465,32.5098341],[118.99969185201117,32.50999401032081],[119.0574687957374,32.46430610140335],[119.0558085,32.4629379],[119.0534244,32.4640644],[119.0499912,32.4639035],[119.0489421,32.4668806],[119.0481792,32.4642253],[119.0446506,32.4643863],[119.042934,32.4663174],[119.0407406,32.4668806],[119.0382611,32.464869],[119.0386425,32.4628574],[119.037212,32.462777],[119.0358769,32.4590755],[119.0315854,32.4578685],[119.0303456,32.4546497],[119.028629,32.4548106],[119.0272939,32.4571443],[119.0259588,32.4582708],[119.0175665,32.4595583],[119.015087,32.45642],[119.017948,32.4542473],[119.0184248,32.452316],[119.0160406,32.4510284],[119.0158499,32.4479703],[119.0105094,32.4443487],[119.0126074,32.4429],[119.0155638,32.4441877],[119.0180433,32.4431414],[119.018997,32.4415318],[119.0189016,32.4404855],[119.0168036,32.4395197],[119.0166128,32.4379904],[119.0149916,32.4381514],[119.0148009,32.4370246],[119.0164221,32.4364612],[119.0196646,32.4381514],[119.0209043,32.4364612],[119.0213812,32.4340465],[119.022907,32.4340465],[119.0244329,32.4330806],[119.0221441,32.4314708],[119.0237653,32.4300219],[119.0204275,32.4296999],[119.018997,32.4278485],[119.0160406,32.4296194],[119.0152777,32.4288145],[119.0166128,32.4272046],[119.0185202,32.4263996],[119.0188063,32.4252726],[119.0176619,32.4247896],[119.0174711,32.4226966],[119.0121306,32.4235016],[119.0121306,32.4210866],[119.0090789,32.4230991],[119.0103186,32.4205231],[119.0099372,32.4180275],[119.0117491,32.4164174],[119.0107955,32.4130361],[119.0072669,32.4132776],[119.0045966,32.4115064],[119.004692,32.4095741],[119.0064086,32.40893],[119.0084113,32.4108623],[119.0119399,32.406112],[119.010414,32.4035355],[119.0118445,32.4023277],[119.011463,32.4013615],[119.0098418,32.4012004],[119.0111769,32.3990264],[119.0137518,32.4015225],[119.0151823,32.3999926],[119.0175665,32.4008784],[119.0182341,32.3996705],[119.020046,32.4004758],[119.020046,32.3990264],[119.0187109,32.397738],[119.0204275,32.3956444],[119.0166128,32.3937118],[119.0174711,32.3925039],[119.0191877,32.3929871],[119.0281522,32.3905712],[119.0292012,32.388558],[119.0312993,32.3871889],[119.0312039,32.3859809],[119.0320622,32.3847729],[119.0279615,32.3827595],[119.0234792,32.3835649],[119.0223348,32.3825985],[119.017185,32.3811488],[119.0164221,32.379377],[119.0145148,32.3783299],[119.0151823,32.3759137],[119.0169943,32.3767191],[119.0172804,32.3750277],[119.020809,32.3751083],[119.0214765,32.3744639],[119.0204275,32.3730141],[119.0209043,32.3702756],[119.0230978,32.3721281],[119.0225256,32.3732558],[119.0244329,32.3742223],[119.0271032,32.3742223],[119.0258634,32.3730141],[119.0264356,32.3720476],[119.0288198,32.3731752],[119.0295827,32.3722892],[119.0315854,32.3724503],[119.0321576,32.3710005],[119.0310132,32.3704367],[119.0317761,32.3696312],[119.0339696,32.3696312],[119.0357815,32.3681008],[119.037975,32.3680202],[119.0383564,32.3665703],[119.0337788,32.3646371],[119.0331113,32.359401],[119.0298688,32.3584344],[119.0289151,32.3562593],[119.0264356,32.3561787],[119.0249097,32.3547286],[119.0235746,32.3556148],[119.020809,32.3551314],[119.0209043,32.3506199],[119.0238607,32.3458665],[119.0234792,32.3414351],[119.0255773,32.3407099],[119.0260541,32.3433688],[119.028629,32.3411128],[119.0281522,32.339179],[119.0290105,32.3378898],[119.0331113,32.3379703],[119.0338742,32.337084],[119.0326344,32.3351501],[119.0365445,32.334022],[119.0359723,32.3326522],[119.0349232,32.331524],[119.0325391,32.3303153],[119.0324437,32.3285425],[119.0303456,32.327656],[119.0326344,32.3256414],[119.0331113,32.3221761],[119.0321576,32.319436],[119.0321576,32.3169376],[119.0294873,32.3154868],[119.0292012,32.3140361],[119.0307271,32.3128271],[119.0294873,32.3115375],[119.0312039,32.3079105],[119.0350186,32.3083135],[119.0365445,32.3071045],[119.0356862,32.3043639],[119.034351,32.3032354],[119.0341603,32.3003335],[119.0317761,32.2993662],[119.0301549,32.2974315],[119.0303456,32.2946907],[119.0334927,32.2934814],[119.0331113,32.2909017],[119.035114,32.2889669],[119.0354001,32.2865482],[119.0339696,32.2846133],[119.0360676,32.2809852],[119.0368306,32.2782438],[119.0339696,32.2781632],[119.0325391,32.272519],[119.033302,32.271632],[119.034351,32.2739704],[119.0354001,32.2742123],[119.0347325,32.2691323],[119.0307271,32.2605843],[119.0511626,32.2543973],[119.0704042,32.2513957],[119.0713315,32.2515668],[119.0716298,32.2494744],[119.0707875,32.2481834],[119.0714727,32.2448668],[119.0747598,32.2379329],[119.0808728,32.2409905],[119.083993,32.2421696],[119.0918929,32.2440554],[119.1072713,32.2463122],[119.1148026,32.2469061],[119.1216562,32.2470622],[119.1329794,32.2466465],[119.1615418,32.2439739],[119.1682115,32.2423203],[119.1900592,32.2358105],[119.223504,32.2246314],[119.2395068,32.2181113],[119.218567,32.2043626],[119.2164233,32.2032302],[119.2149665,32.2018372],[119.2122543,32.1937591],[119.2107738,32.1923158],[119.2039637,32.1911933],[119.1908645,32.1869534],[119.1890411,32.186749],[119.1857415,32.187231],[119.182827,32.1887548],[119.1795055,32.1913987],[119.1784187,32.1915129],[119.1694649,32.1895183],[119.1672501,32.1887064],[119.1650949,32.1887189],[119.1580349,32.1875352],[119.1555057,32.1875636],[119.1547018,32.1857349],[119.1541155,32.1828147],[119.1508159,32.1828431],[119.1507656,32.1842181],[119.1496936,32.1841756],[119.1496266,32.1851112],[119.1474157,32.1856924],[119.1474994,32.1867698],[119.1462767,32.1871383],[119.1467082,32.1889698],[119.1404439,32.1915071],[119.1362816,32.1937538],[119.1338027,32.1947035],[119.1317592,32.195235],[119.129364,32.1953484],[119.1238702,32.1933569],[119.1237864,32.1936758],[119.120738,32.1930805],[119.1204281,32.1924214],[119.1185773,32.1918686],[119.1183847,32.1911669],[119.1172038,32.1908622],[119.1156545,32.1893384],[119.1140046,32.1884241],[119.1104286,32.188176],[119.1023637,32.1856315],[119.0917277,32.1832216],[119.0887044,32.1819245],[119.0818287,32.1805352],[119.0795507,32.1803084],[119.0747436,32.1807195],[119.072235,32.1804599],[119.0714523,32.178593],[119.0721307,32.1783733],[119.0723735,32.1787206],[119.0735209,32.1783449],[119.0736884,32.1763673],[119.074819,32.1764878],[119.074819,32.1745171],[119.0739982,32.1742761],[119.0739942,32.1745277],[119.0722176,32.1746379],[119.0713649,32.1709086],[119.0776065,32.1686629],[119.0764458,32.1676804],[119.0747356,32.1673479],[119.0739406,32.1666307],[119.0716602,32.165724],[119.0716865,32.1651399],[119.072474,32.1641828],[119.0707821,32.165272],[119.0681622,32.1646721],[119.0652845,32.1653031],[119.0629023,32.1641593],[119.0617232,32.1639897],[119.0604209,32.1647859],[119.0587974,32.1641365],[119.0572129,32.1640353],[119.0549948,32.1647632],[119.0474325,32.1636417],[119.0451872,32.1642463],[119.043861,32.1655797],[119.0423754,32.1648719],[119.04292,32.1635908],[119.0424451,32.1632809],[119.0425887,32.1630728],[119.046599,32.1619103],[119.0490425,32.1624735],[119.0495172,32.1623145],[119.0493858,32.1617718],[119.0535459,32.1610543],[119.0531623,32.1583704],[119.0500563,32.1595988],[119.0493429,32.1595148],[119.0492758,32.1608727],[119.0478113,32.1608795],[119.0473446,32.1602005],[119.0476481,32.1595869],[119.0423141,32.160274],[119.0420087,32.1582465],[119.0386585,32.1579754],[119.036257,32.1589438],[119.0356201,32.1581077],[119.0339872,32.1589834],[119.033016,32.157313],[119.03324,32.156644],[119.032474,32.156278],[119.033152,32.15617],[119.033121,32.1555],[119.035178,32.15382],[119.033648,32.152821],[119.034477,32.151774],[119.03475,32.150727],[119.032681,32.150836],[119.032689,32.151102],[119.031994,32.151232],[119.030664,32.147629],[119.029817,32.147286],[119.029746,32.146895],[119.027133,32.148142],[119.026862,32.147312],[119.025445,32.146519],[119.025549,32.146035],[119.025124,32.145023],[119.023977,32.145196],[119.023957,32.144688],[119.0230259,32.1432078],[119.0214448,32.1431627],[119.0213678,32.1426212],[119.0206157,32.1420846],[119.0198873,32.1408611],[119.0182825,32.1398182],[119.0189458,32.1396326],[119.0197097,32.1369248],[119.0189419,32.1366699],[119.0189419,32.1362593],[119.0194271,32.1362568],[119.018902,32.1351681],[119.0177406,32.1349858],[119.0174066,32.1343557],[119.0173639,32.1325077],[119.0170086,32.1324977],[119.0167776,32.1320112],[119.015386,32.131605],[119.0151432,32.1308879],[119.0146457,32.1305168],[119.0128315,32.1308779],[119.0128986,32.1324902],[119.0117144,32.1323221],[119.0113887,32.1317454],[119.0107787,32.1317655],[119.0106011,32.1309882],[119.0085403,32.1300354],[119.0083745,32.1291778],[119.0078178,32.1289572],[119.0076875,32.1293834],[119.0073441,32.1292982],[119.0073974,32.1289873],[119.0066216,32.1286964],[119.0066986,32.1284406],[119.00568,32.1282952],[119.0057688,32.1271217],[119.0048154,32.12657],[119.004845,32.1261036],[119.0039035,32.1267506],[119.003637,32.1252711],[119.0043476,32.1236963],[119.0035487,32.1179476],[119.0078415,32.1175023],[119.0077467,32.1166747],[119.0090614,32.1166697],[119.0092604,32.1173528],[119.0116138,32.117062],[119.0122586,32.1161044],[119.0153908,32.1173244],[119.0167559,32.116835],[119.0213118,32.1180266],[119.0229532,32.1175159],[119.0237823,32.1176152],[119.027082,32.1161044],[119.031864,32.1163597],[119.032869,32.1160902],[119.0340666,32.1151964],[119.0348538,32.114097],[119.0400294,32.1136217],[119.0390077,32.1126357],[119.0372741,32.1123945],[119.0385471,32.1121463],[119.0370229,32.1109191],[119.0368386,32.1103445],[119.0376342,32.1112028],[119.0396023,32.1123023],[119.0398117,32.1121392],[119.0394851,32.1113021],[119.0398871,32.1109191],[119.0396191,32.1102168],[119.0403477,32.1105006],[119.0405905,32.1099969],[119.041093,32.1098692],[119.0410763,32.1111886],[119.0426089,32.1097628],[119.0414196,32.1119122],[119.0425754,32.1124513],[119.0438986,32.1123307],[119.0444011,32.1118342],[119.0445016,32.1105644],[119.0460296,32.1076109],[119.0481999,32.1059004],[119.0536046,32.1044581],[119.0596034,32.1075103],[119.062672,32.1095729],[119.0641569,32.1086674],[119.0657407,32.1108977],[119.0673839,32.1106294],[119.0678788,32.1087345],[119.06972,32.1078121],[119.0747685,32.1092376],[119.0754218,32.1030997],[119.0763127,32.0994101],[119.0777381,32.0989405],[119.0801732,32.1006344],[119.0818758,32.1000978],[119.0840734,32.1003829],[119.0842318,32.099863],[119.0832023,32.0990579],[119.0834795,32.0971628],[119.0821134,32.0987728],[119.0811235,32.0986554],[119.082648,32.0958043],[119.0858948,32.0959384],[119.0899335,32.0966764],[119.0913719,32.0939925],[119.0956276,32.0930911],[119.0940037,32.0897703],[119.0956276,32.0886791],[119.0932758,32.0810881],[119.0956429,32.0778891],[119.0953334,32.0764206],[119.0937861,32.0740081],[119.0937448,32.0722599],[119.0928783,32.0704417],[119.0919912,32.0672948],[119.0930846,32.0668927],[119.0942193,32.0693578],[119.0949827,32.0688333],[119.0945494,32.0656164],[119.0926513,32.0656339],[119.0922387,32.063396],[119.0887314,32.0619273],[119.0887314,32.0606684],[119.0880094,32.0592696],[119.0871635,32.0608957],[119.0864368,32.0608252],[119.0870397,32.0597942],[119.0840911,32.0582804],[119.0836097,32.0567596],[119.0805607,32.0580455],[119.0803273,32.0576127],[119.0816111,32.0566978],[119.0806774,32.0553625],[119.0786059,32.0549174],[119.0809692,32.0531369],[119.0802689,32.0510596],[119.0813777,32.0490318],[119.0864544,32.045619],[119.0868629,32.0422061],[119.0909014,32.0388536],[119.0870938,32.0310748],[119.090347,32.0299246],[119.0900698,32.0284776],[119.0912369,32.0280818],[119.0907409,32.0268821],[119.0896468,32.0269934],[119.0882025,32.0240127],[119.0902011,32.0235427],[119.0918058,32.0216874],[119.0916392,32.0201118],[119.0882934,32.0141934],[119.0878319,32.0109651],[119.0860244,32.0079975],[119.0850821,32.0048504],[119.086332,32.0023229],[119.0917546,32.0023229],[119.0970618,32.0056984],[119.0972925,32.0088454],[119.0998885,32.0085193],[119.1007345,32.0059919],[119.1033497,32.0040677],[119.1033112,32.0013119],[119.1080983,31.9977747],[119.1089405,31.9933248],[119.1086806,31.9903682],[119.1125263,31.9875957],[119.1152569,31.9845295],[119.11418,31.97993],[119.1047194,31.9808434],[119.1045271,31.975787],[119.1074114,31.9735686],[119.1058731,31.9714154],[119.1037579,31.9712197],[119.1014889,31.9692622],[119.1005275,31.9673373],[119.0949511,31.9696537],[119.089725,31.9752042],[119.0762203,31.9756288],[119.073072,31.9727048],[119.0716335,31.9692512],[119.067481,31.96909],[119.0644412,31.9717608],[119.0659124,31.975339],[119.0652203,31.9774801],[119.0629541,31.9756959],[119.0612442,31.9757419],[119.0608371,31.9769621],[119.060092,31.9759286],[119.0592138,31.9754234],[119.0593055,31.9746267],[119.0570835,31.9743481],[119.0564314,31.973364],[119.0536223,31.9733986],[119.0526394,31.9742315],[119.0512192,31.9741927],[119.0514712,31.9730397],[119.0499364,31.9728],[119.0498905,31.9723207],[119.0484932,31.9722365],[119.0484932,31.9714916],[119.0481419,31.9714333],[119.0480961,31.971796],[119.0461414,31.9713685],[119.0447364,31.9717572],[119.0439575,31.9702349],[119.0425067,31.9706625],[119.042186,31.970358],[119.0421249,31.9695354],[119.0409185,31.9695742],[119.0397502,31.970954],[119.0394448,31.9701313],[119.0391775,31.9702025],[119.0386965,31.9693799],[119.0382536,31.9694965],[119.0383529,31.9686738],[119.0379176,31.9680325],[119.0370471,31.9681103],[119.0373907,31.9670868],[119.036925,31.9661928],[119.0364286,31.9656292],[119.0347259,31.9651563],[119.0348938,31.9645604],[119.0354513,31.9645604],[119.0355047,31.9643207],[119.0349778,31.9642494],[119.0355582,31.9633619],[119.0343441,31.9632129],[119.0343212,31.9626882],[119.0339088,31.9623772],[119.033863,31.9632907],[119.0334201,31.9634202],[119.0331529,31.9631158],[119.0323053,31.9636988],[119.0320304,31.9627854],[119.0317403,31.9627141],[119.0314348,31.9631676],[119.0318701,31.9640356],[119.0330231,31.9646446],[119.0325497,31.9649167],[119.0313585,31.9644373],[119.0311905,31.9648778],[119.0303811,31.9648713],[119.0310225,31.9644243],[119.0306025,31.9640486],[119.0295717,31.9647677],[119.0289761,31.9641782],[119.0292128,31.9637506],[119.0284645,31.963647],[119.0284187,31.9640875],[119.0264457,31.9621391],[119.025712,31.960925],[119.0258342,31.9585409],[119.0262847,31.9580809],[119.0270865,31.9579773],[119.027033,31.9576145],[119.0262694,31.9574331],[119.0259564,31.9579384],[119.0253073,31.9578283],[119.0251623,31.9574525],[119.0245743,31.9580939],[119.0241467,31.9580162],[119.0239863,31.9584567],[119.0225966,31.958055],[119.0220698,31.9586187],[119.0212062,31.9582142],[119.0213419,31.9573161],[119.0236402,31.9561311],[119.0240722,31.955224],[119.0238778,31.9541612],[119.0242882,31.953025],[119.0235754,31.9491676],[119.0246229,31.9490301],[119.0247074,31.9486113],[119.0276033,31.9473258],[119.0285104,31.9463912],[119.0299898,31.9460247],[119.0296983,31.9454382],[119.0307565,31.9449709],[119.030573,31.9443844],[119.0322576,31.9434864],[119.0330405,31.9437063],[119.0347412,31.9430741],[119.034833,31.942341],[119.0329433,31.9429412],[119.0333644,31.9411497],[119.0389292,31.9391917],[119.0449681,31.9385238],[119.0472343,31.9387195],[119.0482137,31.9411876],[119.0555875,31.9410437],[119.0598293,31.9420869],[119.0616088,31.9420978],[119.0626132,31.9419914],[119.064729,31.9408252],[119.0713015,31.9386024],[119.0765611,31.9383415],[119.0793959,31.9378633],[119.0830843,31.934536],[119.0864133,31.9360534],[119.0895911,31.936261],[119.0923932,31.9348722],[119.0961375,31.9374675],[119.0966252,31.9371378],[119.0968318,31.9359734],[119.0963028,31.9354403],[119.0966334,31.9351036],[119.0986585,31.9356438],[119.0990883,31.9339883],[119.098642,31.933357],[119.0989643,31.9330904],[119.1003364,31.9330834],[119.1003642,31.9317462],[119.1023776,31.9285285],[119.1022495,31.9251058],[119.1041059,31.9191022],[119.1043299,31.9127721],[119.1085826,31.9112833],[119.1081865,31.9097752],[119.1083676,31.9087089],[119.1099292,31.9085072],[119.1092955,31.9069126],[119.11028,31.9064803],[119.1082544,31.9039443],[119.1081639,31.9025033],[119.1087071,31.9019269],[119.1121119,31.900688],[119.1131964,31.8998231],[119.1144342,31.8976469],[119.1144014,31.8965216],[119.1131636,31.8954706],[119.1129992,31.894615],[119.1134045,31.8937315],[119.1127582,31.8892392],[119.1120681,31.8885975],[119.1061747,31.8874441],[119.1043782,31.887872],[119.103228,31.8873325],[119.1004018,31.8823563],[119.0988135,31.8807564],[119.0980795,31.8789239],[119.097729,31.8745053],[119.0965131,31.8716587],[119.0957353,31.8680678],[119.0920875,31.865835],[119.0891518,31.8624346],[119.0883576,31.8621043],[119.0682753,31.8666877],[119.0689402,31.867775],[119.0702993,31.8672367],[119.0707498,31.8681511],[119.0688027,31.869046],[119.0683217,31.8689033],[119.0684362,31.8692211],[119.068902,31.8693832],[119.0696808,31.8687607],[119.0702841,31.8692535],[119.0710324,31.8686958],[119.071544,31.8692924],[119.0707804,31.8702781],[119.0711698,31.8699798],[119.0719181,31.8705829],[119.0723839,31.8700965],[119.0727504,31.8702781],[119.0734987,31.8698501],[119.0738652,31.8703494],[119.0733002,31.8705894],[119.0737202,31.8715167],[119.0730482,31.8716593],[119.0728879,31.8709655],[119.0721854,31.8713999],[119.0723107,31.8721457],[119.0729139,31.8721521],[119.0728681,31.8730146],[119.0717304,31.8729692],[119.0712417,31.8738057],[119.071341,31.8728071],[119.0706003,31.8724115],[119.0700581,31.8728719],[119.0706537,31.8740651],[119.0700658,31.8740391],[119.0697145,31.8726125],[119.0708644,31.8719382],[119.0699557,31.8707126],[119.0688256,31.8702068],[119.0680773,31.8706477],[119.0675963,31.869902],[119.0680468,31.8691238],[119.0673366,31.8688061],[119.0674588,31.8685532],[119.0687722,31.8678333],[119.067917,31.8671006],[119.066993,31.867334],[119.0663748,31.8680542],[119.0640315,31.87186],[119.062768,31.8723094],[119.0605543,31.8703652],[119.0606407,31.8696774],[119.0577035,31.8677974],[119.0563212,31.8664951],[119.0573039,31.8664951],[119.0573039,31.8657431],[119.0578654,31.8663759],[119.0584594,31.8662292],[119.0575307,31.8644683],[119.0587401,31.8647159],[119.0589118,31.8643218],[119.0580292,31.8634975],[119.0564958,31.8626538],[119.05515,31.8633198],[119.0545086,31.8632485],[119.0543482,31.8637154],[119.0527752,31.8645455],[119.0508739,31.8632355],[119.051523,31.8624962],[119.0514695,31.8621719],[119.0508434,31.861906],[119.0487303,31.8614619],[119.0481347,31.863148],[119.0470734,31.8635696],[119.0453859,31.8628238],[119.0450499,31.862052],[119.0434616,31.8617018],[119.0425224,31.8611182],[119.0420185,31.8616759],[119.0406722,31.8618005],[119.0407694,31.8603376],[119.0397965,31.8602621],[119.0398728,31.8575512],[119.0385287,31.8575631],[119.0381561,31.8572696],[119.0380481,31.8565771],[119.0399242,31.8563285],[119.0399624,31.8555438],[119.0372845,31.8557566],[119.037321,31.8563584],[119.0378285,31.8562988],[119.0378501,31.8566106],[119.0363977,31.8568399],[119.0355176,31.8553862],[119.0351018,31.8554504],[119.035145,31.8545194],[119.0283684,31.8549061],[119.0276116,31.8530991],[119.0251279,31.8543099],[119.0246749,31.8528503],[119.023946,31.8533135],[119.0234277,31.8523779],[119.0230713,31.8524742],[119.0226772,31.8513735],[119.021884,31.8515791],[119.0208816,31.8489261],[119.0176898,31.8488029],[119.0179113,31.8481478],[119.0148035,31.846883],[119.0139865,31.848498],[119.0135207,31.8484656],[119.0131618,31.8491467],[119.0103047,31.848411],[119.0098695,31.8491051],[119.0053836,31.8475957],[119.0047685,31.849064],[119.0044398,31.849127],[119.0048958,31.8481091],[119.0038035,31.8476227],[119.0032097,31.8485145],[119.0024462,31.8482443],[119.0023083,31.8487037],[119.0034642,31.8492621],[119.0032302,31.8496484],[119.001824,31.8489999],[119.0025116,31.847863],[119.0020542,31.8475573],[119.0023816,31.8470296],[119.0010984,31.8464441],[119.0013115,31.8461094],[119.0030612,31.8468841],[119.0033369,31.8463166],[119.0018099,31.8458752],[119.0024144,31.8450194],[119.0027113,31.8451275],[119.0035114,31.8437581],[119.0002108,31.8420258],[118.999347,31.843743],[118.9979972,31.8431375],[118.9976084,31.8440411],[118.9950869,31.8427293],[118.9947414,31.8427156],[118.9942231,31.8436375],[118.992234,31.8426595],[118.9921815,31.8423091],[118.9915488,31.8426907],[118.9929013,31.8433347],[118.9928639,31.8436595],[118.9932088,31.8434175],[118.9960191,31.8448469],[118.9959816,31.8451145],[118.996559,31.8450635],[118.9979956,31.8457773],[118.9976367,31.8469902],[118.9969113,31.8481059],[118.9965601,31.8481578],[118.9909257,31.8455345],[118.9900171,31.8472858],[118.9897116,31.8472404],[118.9895513,31.8476295],[118.9888259,31.8473117],[118.989055,31.8466112],[118.9883448,31.8464361],[118.9888964,31.8448931],[118.9867507,31.8446012],[118.9859413,31.8463007],[118.9843698,31.8461996],[118.9844747,31.8458174],[118.9829567,31.8452192],[118.9826264,31.8459912],[118.9773144,31.8455357],[118.9771525,31.8451275],[118.9735889,31.8451963],[118.9738087,31.8436687],[118.9746716,31.8437401],[118.9746105,31.8427995],[118.9741905,31.8427476],[118.9741995,31.841175],[118.9724285,31.8409686],[118.9726985,31.8396292],[118.9720236,31.839088],[118.9721315,31.8379504],[118.9712209,31.8379305],[118.9711255,31.8389295],[118.9710147,31.8379565],[118.9694511,31.8384778],[118.9681953,31.8383237],[118.9677308,31.8387769],[118.9664375,31.8385332],[118.9660115,31.8387163],[118.9659602,31.8396189],[118.9651543,31.8398064],[118.9652826,31.8391655],[118.9650071,31.8385541],[118.9653773,31.8383044],[118.9644614,31.8380405],[118.9642253,31.8375521],[118.9642612,31.836741],[118.9646513,31.8367759],[118.9647848,31.8362396],[118.9637462,31.8365929],[118.9637897,31.8373915],[118.9632889,31.8385817],[118.9631256,31.8382487],[118.9634704,31.8375087],[118.9621166,31.8373082],[118.9634595,31.8367594],[118.9633252,31.8363925],[118.9652365,31.836039],[118.965606,31.8347046],[118.9652313,31.8345346],[118.9651492,31.833706],[118.9660012,31.8335447],[118.9663195,31.8349052],[118.9656368,31.8363617],[118.9665248,31.8369503],[118.9673962,31.8355183],[118.9683303,31.8355706],[118.9685562,31.8352566],[118.9685933,31.8348049],[118.9671202,31.8345084],[118.9664991,31.8337453],[118.9673152,31.8333659],[118.9687472,31.8334924],[118.9686177,31.832335],[118.9670985,31.8302069],[118.9658871,31.8291777],[118.9654457,31.8282009],[118.9659385,31.8267007],[118.973697,31.8245266],[118.9755081,31.8227441],[118.9784297,31.8211251],[118.980807,31.8202523],[118.9816946,31.8195712],[118.9825636,31.8176084],[118.9831912,31.8173696],[118.9849336,31.8148701],[118.9866478,31.814902],[118.9869101,31.8145677],[118.9871255,31.812092],[118.9877063,31.810699],[118.9898983,31.8075148],[118.9926898,31.8045374],[118.9931207,31.8036378],[118.9958092,31.8035224],[119.0008943,31.8011137],[119.001356,31.8003398],[119.0008302,31.7984324],[119.0010738,31.7956312],[119.0000094,31.7912493],[119.0042022,31.7903119],[118.9998042,31.7892436],[118.9970342,31.7868782],[118.9930586,31.78569],[118.9918916,31.7837278],[118.9920711,31.7814276],[118.990545,31.7800758],[118.9876723,31.7806208],[118.9866079,31.7820271],[118.9881597,31.7837278],[118.9863001,31.7846653],[118.9802123,31.7859505],[118.9799565,31.7845875],[118.9796663,31.7849736],[118.9790402,31.7849542],[118.9794258,31.7852787],[118.9776886,31.7853631],[118.9775397,31.7849639],[118.9793838,31.784701],[118.9773259,31.7845745],[118.9767991,31.7848179],[118.9771236,31.7853047],[118.9767761,31.7857752],[118.9755239,31.7853891],[118.9745335,31.7862317],[118.9739188,31.7858131],[118.9736134,31.7859234],[118.9734301,31.7855697],[118.9741288,31.7850537],[118.973789,31.7846902],[118.9740444,31.7839457],[118.9731705,31.7835673],[118.9731323,31.7826878],[118.9734416,31.7821523],[118.974257,31.7819111],[118.9741959,31.7813107],[118.9746306,31.7806639],[118.9750841,31.7807373],[118.9748951,31.7800626],[118.9753222,31.779808],[118.97557,31.7787612],[118.9758946,31.7788261],[118.9761821,31.7782796],[118.9750432,31.7786054],[118.9748752,31.7782808],[118.9752188,31.7778297],[118.9746541,31.7778573],[118.9745354,31.7772285],[118.9758521,31.777455],[118.9767491,31.7767557],[118.9761461,31.7748881],[118.9765864,31.7742422],[118.9763268,31.7730219],[118.9771057,31.7726259],[118.9772084,31.7719559],[118.9735662,31.7698519],[118.9740291,31.7688007],[118.974587,31.7689375],[118.9748955,31.7684153],[118.974123,31.7679569],[118.9747158,31.767909],[118.9745119,31.7675966],[118.9748338,31.7673093],[118.9762768,31.7668965],[118.9762178,31.7665932],[118.9753488,31.7666047],[118.9752147,31.7661486],[118.9765236,31.7657609],[118.9765504,31.766518],[118.9767811,31.7664792],[118.9767435,31.76577],[118.9770868,31.7657198],[118.9771754,31.7664222],[118.9778915,31.7662763],[118.9777547,31.7667666],[118.9786532,31.7669399],[118.9794043,31.7668281],[118.9795035,31.7662124],[118.9806408,31.7661189],[118.9807641,31.765428],[118.9843315,31.7657381],[118.9842698,31.7662215],[118.9832827,31.7662124],[118.983272,31.7672363],[118.983897,31.7671884],[118.9838943,31.7676057],[118.9850101,31.7675123],[118.9850262,31.7682009],[118.9863646,31.7684974],[118.9864826,31.7680641],[118.9868286,31.7680641],[118.9877191,31.7687094],[118.9886793,31.7688371],[118.9895323,31.7686182],[118.9905676,31.7670014],[118.990904,31.767968],[118.989894,31.768838],[118.990254,31.769878],[118.989494,31.770078],[118.990544,31.770628],[118.990254,31.771618],[118.991614,31.771108],[118.993903,31.768768],[118.995894,31.772948],[118.996384,31.772858],[118.996594,31.773148],[118.996144,31.773458],[118.996894,31.774988],[118.998614,31.774898],[118.999844,31.778308],[118.999914,31.779798],[119.000784,31.780068],[119.000844,31.780498],[119.001784,31.780368],[119.002254,31.780608],[119.002284,31.781188],[119.003094,31.781268],[119.003034,31.782128],[119.003624,31.782038],[119.003554,31.781378],[119.003844,31.781418],[119.004154,31.780848],[119.005214,31.781438],[119.005474,31.779968],[119.004544,31.779698],[119.004754,31.779068],[119.005334,31.779248],[119.005424,31.779778],[119.006394,31.780418],[119.005914,31.780938],[119.006324,31.781118],[119.007244,31.779468],[119.007994,31.779438],[119.008024,31.778728],[119.007634,31.778538],[119.008584,31.778148],[119.008554,31.777348],[119.009134,31.777178],[119.009914,31.779088],[119.009094,31.779798],[119.009134,31.780298],[119.009844,31.781318],[119.010244,31.780478],[119.010464,31.781398],[119.011014,31.781478],[119.011214,31.780948],[119.012224,31.780628],[119.012844,31.781118],[119.014274,31.780718],[119.014004,31.781468],[119.014364,31.782438],[119.013874,31.782208],[119.013724,31.781628],[119.012924,31.782328],[119.013364,31.783138],[119.013764,31.782948],[119.014624,31.783178],[119.014874,31.782908],[119.015394,31.783388],[119.016064,31.783228],[119.017374,31.784478],[119.018624,31.784777],[119.020014,31.787358],[119.018974,31.785218],[119.021174,31.786838],[119.022184,31.786338],[119.023584,31.786188],[119.023594,31.786648],[119.023974,31.786718],[119.023984,31.787118],[119.024814,31.787988],[119.025624,31.787398],[119.025364,31.786678],[119.026144,31.786558],[119.026144,31.786027],[119.028034,31.786728],[119.028504,31.787418],[119.028924,31.787138],[119.028904,31.786798],[119.029654,31.786538],[119.029924,31.786608],[119.030264,31.787498],[119.030114,31.787918],[119.030434,31.788178],[119.031974,31.788548],[119.032914,31.788178],[119.033494,31.788587],[119.032844,31.788918],[119.033024,31.789177],[119.035214,31.789307],[119.035674,31.788808],[119.036724,31.789338],[119.036904,31.789028],[119.037244,31.789077],[119.037314,31.789447],[119.037644,31.789247],[119.038254,31.790068],[119.038003,31.790498],[119.038764,31.791108],[119.040784,31.790247],[119.041534,31.790337],[119.041464,31.791237],[119.04192,31.791474],[119.042044,31.791197],[119.043034,31.790998],[119.044634,31.791267],[119.044584,31.790808],[119.046164,31.790557],[119.046284,31.791197],[119.046784,31.790487],[119.047354,31.790408],[119.047294,31.791548],[119.046524,31.792067],[119.047044,31.792597],[119.047694,31.792217],[119.050034,31.792238],[119.049784,31.791927],[119.051164,31.792037],[119.050284,31.791267],[119.052704,31.791577],[119.052704,31.791347],[119.053344,31.791248],[119.053254,31.790487],[119.053754,31.790317],[119.052964,31.789337],[119.054044,31.789147],[119.053834,31.788227],[119.053374,31.788537],[119.053024,31.788257],[119.052754,31.788717],[119.053344,31.787267],[119.055564,31.787427],[119.054524,31.787207],[119.054544,31.786977],[119.055134,31.786687],[119.056524,31.786737],[119.055444,31.786007],[119.056684,31.786407],[119.056784,31.786877],[119.057214,31.786857],[119.057214,31.786377],[119.058234,31.785707],[119.057214,31.785797],[119.058134,31.784167],[119.057944,31.785207],[119.058424,31.784317],[119.058194,31.785217],[119.058434,31.785267],[119.059004,31.784177],[119.059914,31.784157],[119.059944,31.785297],[119.060934,31.785167],[119.061694,31.784767],[119.061414,31.784598],[119.061454,31.783687],[119.061794,31.784037],[119.062874,31.783857],[119.064764,31.784747],[119.067224,31.784867],[119.067544,31.785037],[119.067364,31.785747],[119.068024,31.785947],[119.068234,31.785537],[119.068314,31.785997],[119.068434,31.785587],[119.069144,31.787297],[119.069794,31.787367],[119.070014,31.786307],[119.071274,31.786357],[119.072694,31.784817],[119.073064,31.785117],[119.073404,31.784957],[119.073304,31.783897],[119.074914,31.784107],[119.073824,31.782857],[119.073024,31.782927],[119.074114,31.781837],[119.073634,31.781557],[119.073554,31.782017],[119.072774,31.782157],[119.072034,31.780847],[119.072644,31.780727],[119.072904,31.780077],[119.072964,31.778807],[119.072524,31.778327],[119.074334,31.778527],[119.074314,31.776937],[119.071594,31.776847],[119.071944,31.775867],[119.072764,31.775997],[119.073134,31.775607],[119.072054,31.775747],[119.071754,31.775047],[119.072124,31.774817],[119.071614,31.774717],[119.071474,31.773967],[119.071034,31.773627],[119.070124,31.773727],[119.070454,31.773507],[119.070204,31.773107],[119.070894,31.772847],[119.070334,31.772607],[119.070094,31.771997],[119.070414,31.771717],[119.069784,31.771767],[119.069804,31.771457],[119.069264,31.771087],[119.069054,31.770637],[119.069344,31.770487],[119.069334,31.769907],[119.068984,31.769877],[119.069054,31.770307],[119.068754,31.770297],[119.068774,31.769457],[119.070514,31.769667],[119.070184,31.771277],[119.070904,31.772217],[119.071994,31.771417],[119.071814,31.770697],[119.072914,31.770297],[119.073894,31.771947],[119.074394,31.771657],[119.074304,31.770827],[119.075094,31.770847],[119.075334,31.771397],[119.074804,31.771547],[119.074804,31.771807],[119.075074,31.772017],[119.075434,31.771817],[119.075984,31.772227],[119.076034,31.772757],[119.076724,31.773297],[119.078554,31.772467],[119.078994,31.773417],[119.080564,31.772917],[119.082234,31.773147],[119.081574,31.773827],[119.082474,31.774677],[119.083214,31.773527],[119.083614,31.773777],[119.084914,31.772377],[119.084664,31.771717],[119.085064,31.771097],[119.084654,31.770967],[119.084444,31.770367],[119.085314,31.769307],[119.084914,31.768817],[119.085764,31.768357],[119.085974,31.767277],[119.087694,31.766407],[119.087874,31.765987],[119.088404,31.765937],[119.088734,31.766607],[119.089803,31.766477],[119.089874,31.765427],[119.089353,31.764847],[119.090104,31.764267],[119.090284,31.763297],[119.089174,31.762437],[119.089684,31.762077],[119.090004,31.761137],[119.089433,31.760697],[119.089294,31.759907],[119.088394,31.759697],[119.088794,31.759277],[119.089744,31.759447],[119.090684,31.759097],[119.090434,31.758507],[119.090784,31.758107],[119.091094,31.758287],[119.090594,31.757627],[119.090553,31.756837],[119.091894,31.756927],[119.092173,31.756107],[119.093064,31.755737],[119.093934,31.756537],[119.093964,31.756087],[119.094614,31.755707],[119.095024,31.756037],[119.094844,31.756637],[119.096664,31.756297],[119.098554,31.756807],[119.098694,31.755657],[119.099404,31.755117],[119.098764,31.754427],[119.098994,31.754027],[119.099734,31.754117],[119.099873,31.753787],[119.100363,31.753967],[119.100553,31.753697],[119.101143,31.753927],[119.100974,31.754307],[119.102284,31.755547],[119.104852,31.755837],[119.104913,31.755517],[119.104294,31.755117],[119.105004,31.754367],[119.104454,31.754087],[119.103603,31.752827],[119.103884,31.752167],[119.104453,31.751987],[119.104584,31.752637],[119.104854,31.752607],[119.104863,31.752067],[119.104463,31.751837],[119.105193,31.751647],[119.104444,31.751277],[119.104233,31.750407],[119.104584,31.750297],[119.103714,31.748627],[119.103873,31.748387],[119.103524,31.748217],[119.104513,31.747557],[119.105784,31.747447],[119.106363,31.746977],[119.106333,31.746447],[119.105824,31.746497],[119.105973,31.745307],[119.106753,31.745267],[119.106704,31.744587],[119.107123,31.744497],[119.107394,31.745367],[119.107313,31.744447],[119.108463,31.744287],[119.109614,31.743597],[119.109423,31.743397],[119.109643,31.743116],[119.111303,31.742737],[119.111254,31.742507],[119.110293,31.742527],[119.110473,31.742177],[119.111544,31.742097],[119.111513,31.741866],[119.112164,31.741647],[119.112174,31.741297],[119.112793,31.741297],[119.112943,31.741617],[119.114083,31.741557],[119.114073,31.742137],[119.114573,31.741996],[119.114563,31.741237],[119.114883,31.741297],[119.114893,31.742577],[119.115303,31.742137],[119.115933,31.742077],[119.116614,31.742187],[119.116264,31.742756],[119.116984,31.742307],[119.117604,31.742337],[119.118994,31.740606],[119.118644,31.739967],[119.118864,31.739847],[119.118403,31.739797],[119.118203,31.739396],[119.118143,31.739856],[119.118424,31.740047],[119.118223,31.740296],[119.117963,31.739216],[119.117324,31.738836],[119.117903,31.737897],[119.119263,31.737937],[119.119293,31.736846],[119.118483,31.736137],[119.119634,31.736017],[119.119753,31.735397],[119.120493,31.735647],[119.120463,31.736007],[119.121623,31.735537],[119.121544,31.736207],[119.122073,31.736287],[119.122343,31.734937],[119.121943,31.734796],[119.121583,31.735256],[119.120953,31.734917],[119.121623,31.734677],[119.121364,31.734297],[119.121713,31.734247],[119.121633,31.733277],[119.122293,31.732887],[119.121733,31.732387],[119.122233,31.731706],[119.122003,31.731626],[119.122083,31.730896],[119.121853,31.731657],[119.121183,31.731756],[119.121774,31.730736],[119.121654,31.730446],[119.122243,31.730267],[119.121753,31.729597],[119.121563,31.728306],[119.121554,31.727837],[119.122103,31.727467],[119.121963,31.726347],[119.122203,31.726166],[119.122413,31.726406],[119.122663,31.725966],[119.123183,31.725896],[119.123493,31.724836],[119.124393,31.724546],[119.125563,31.724767],[119.126803,31.724057],[119.128063,31.724766],[119.129573,31.724446],[119.129773,31.725217],[119.130354,31.725327],[119.130814,31.725006],[119.130693,31.724686],[119.131644,31.724467],[119.131843,31.724757],[119.133254,31.724497],[119.133693,31.724736],[119.133893,31.724406],[119.134053,31.725167],[119.134393,31.725226],[119.134744,31.724656],[119.134653,31.723486],[119.135403,31.722886],[119.135603,31.723297],[119.136083,31.723216],[119.136563,31.722186],[119.136573,31.721177],[119.137033,31.721366],[119.137234,31.720946],[119.137853,31.721016],[119.138163,31.720556],[119.139103,31.720186],[119.139643,31.719296],[119.140273,31.719566],[119.140453,31.719186],[119.139774,31.718866],[119.140543,31.717966],[119.139673,31.717306],[119.140263,31.716776],[119.139953,31.716286],[119.140263,31.716097],[119.140213,31.715696],[119.139783,31.715267],[119.139833,31.713606],[119.140643,31.713246],[119.140613,31.713556],[119.142033,31.713756],[119.142213,31.712936],[119.141703,31.712916],[119.141723,31.712526],[119.141233,31.712456],[119.143853,31.708916],[119.144573,31.708726],[119.144293,31.708446],[119.144663,31.708186],[119.144893,31.708596],[119.145893,31.708506],[119.146013,31.707366],[119.147123,31.706806],[119.148833,31.708296],[119.149363,31.707846],[119.150043,31.707976],[119.149713,31.707636],[119.150053,31.707496],[119.149493,31.707286],[119.149953,31.706706],[119.150383,31.706866],[119.150783,31.706556],[119.151223,31.706936],[119.152493,31.706646],[119.151623,31.706376],[119.151343,31.705696],[119.150583,31.705186],[119.149193,31.705296],[119.149233,31.704856],[119.150083,31.704166],[119.150203,31.703526],[119.150813,31.703346],[119.151563,31.703606],[119.151513,31.702766],[119.152083,31.703106],[119.152883,31.702886],[119.153283,31.701456],[119.152713,31.701126],[119.153053,31.701146],[119.153223,31.700616],[119.153873,31.700346],[119.153413,31.699536],[119.154623,31.699176],[119.154623,31.699656],[119.155733,31.699886],[119.156283,31.700666],[119.157203,31.700836],[119.157913,31.700566],[119.157903,31.700796],[119.158243,31.700736],[119.158223,31.701106],[119.158783,31.701296],[119.158973,31.702116],[119.159563,31.702236],[119.159803,31.701666],[119.160483,31.701396],[119.161533,31.701666],[119.161743,31.700836],[119.162093,31.700656],[119.163893,31.700526],[119.163613,31.699166],[119.164993,31.698856],[119.165253,31.699736],[119.166463,31.699256],[119.166273,31.699756],[119.166683,31.699846],[119.166933,31.699126],[119.167263,31.699236],[119.166953,31.699596],[119.167453,31.700226],[119.166743,31.700836],[119.166663,31.701276],[119.167153,31.701186],[119.167933,31.701746],[119.168513,31.701616],[119.168503,31.701836],[119.168943,31.701276],[119.168273,31.699856],[119.172203,31.698596],[119.174583,31.696226],[119.177183,31.695896],[119.180813,31.697216],[119.181523,31.694646],[119.181273,31.693916],[119.182283,31.692356],[119.183193,31.691656],[119.184143,31.691396],[119.184543,31.690796],[119.185923,31.690846],[119.185023,31.689266],[119.18525,31.687564],[119.186053,31.686736],[119.186693,31.686716],[119.187153,31.685636],[119.187683,31.686016],[119.188093,31.685826],[119.188573,31.684306],[119.187423,31.683846],[119.185253,31.684396],[119.184293,31.683866],[119.183803,31.683916],[119.183883,31.683476],[119.183483,31.683486],[119.183293,31.681956],[119.182893,31.681176],[119.182263,31.680846],[119.182183,31.678346],[119.182573,31.677696],[119.181883,31.677536],[119.181923,31.676546],[119.181443,31.675966],[119.182353,31.674136],[119.182343,31.673476],[119.181133,31.672006],[119.181953,31.671476],[119.182033,31.671196],[119.181382,31.671056],[119.181853,31.669516],[119.181503,31.669476],[119.182223,31.668606],[119.182782,31.668436],[119.182993,31.668976],[119.183393,31.669126],[119.184533,31.668576],[119.184713,31.667676],[119.186163,31.667416],[119.186733,31.667676],[119.187363,31.667306],[119.187092,31.666156],[119.186092,31.666116],[119.185873,31.664896],[119.186033,31.663686],[119.186623,31.663786],[119.186963,31.665566],[119.187233,31.665436],[119.187293,31.664196],[119.188052,31.664096],[119.188153,31.664666],[119.188482,31.664286],[119.188183,31.663706],[119.187823,31.663976],[119.187583,31.663756],[119.188252,31.662956],[119.188033,31.662566],[119.188643,31.662076],[119.188153,31.661666],[119.188003,31.660926],[119.187373,31.660176],[119.187482,31.659716],[119.187122,31.659446],[119.188363,31.658466],[119.187783,31.658306],[119.187762,31.657766],[119.188483,31.657296],[119.188112,31.657216],[119.188183,31.656716],[119.187562,31.656356],[119.187273,31.656516],[119.186423,31.657536],[119.186953,31.657916],[119.187243,31.658816],[119.185642,31.659306],[119.185132,31.658346],[119.184753,31.658236],[119.184853,31.656836],[119.182863,31.656986],[119.182902,31.655876],[119.180692,31.657396],[119.180542,31.655166],[119.179473,31.652926],[119.179632,31.651696],[119.178442,31.651736],[119.178192,31.650896],[119.177893,31.651356],[119.178522,31.649696],[119.179682,31.650526],[119.179513,31.649796],[119.180872,31.650226],[119.180732,31.649706],[119.180992,31.649566],[119.181702,31.649886],[119.181862,31.649656],[119.182093,31.650066],[119.182373,31.649916],[119.183032,31.650716],[119.184102,31.650176],[119.184352,31.650866],[119.185262,31.650536],[119.187302,31.650486],[119.187512,31.651206],[119.187863,31.651066],[119.187853,31.650486],[119.189802,31.650826],[119.189523,31.650356],[119.190702,31.650526],[119.190862,31.650296],[119.192033,31.650635],[119.193122,31.650126],[119.194632,31.649966],[119.194283,31.648166],[119.194452,31.646716],[119.194143,31.646416],[119.195053,31.645726],[119.195292,31.646275],[119.196172,31.645966],[119.197833,31.647506],[119.198172,31.647236],[119.198442,31.647636],[119.198262,31.647906],[119.198492,31.647806],[119.198933,31.648516],[119.200742,31.649406],[119.201102,31.648746],[119.201212,31.646086],[119.202662,31.645406],[119.202013,31.645396],[119.202012,31.644486],[119.201782,31.644906],[119.201542,31.644735],[119.201162,31.643006],[119.202153,31.641616],[119.202642,31.641626],[119.203172,31.640695],[119.203172,31.640375],[119.201942,31.640366],[119.202092,31.639736],[119.202682,31.639935],[119.202412,31.639346],[119.202833,31.639075],[119.202872,31.638275],[119.203162,31.638236],[119.203122,31.637026],[119.202842,31.637095],[119.202562,31.635496],[119.204922,31.635206],[119.206012,31.635556],[119.206702,31.635276],[119.207032,31.635466],[119.206912,31.634125],[119.206092,31.633876],[119.206122,31.633426],[119.205452,31.633125],[119.205542,31.632616],[119.206982,31.632285],[119.207822,31.632645],[119.207482,31.631846],[119.206662,31.631405],[119.207582,31.631286],[119.208032,31.631736],[119.209732,31.631495],[119.210052,31.631365],[119.210172,31.630715],[119.212172,31.629945],[119.212422,31.629985],[119.212212,31.630545],[119.213972,31.631175],[119.214682,31.631126],[119.216962,31.632915],[119.218102,31.631566],[119.217972,31.631335],[119.219192,31.631215],[119.218892,31.630295],[119.221192,31.630295],[119.222262,31.630695],[119.222302,31.631205],[119.223202,31.631595],[119.223432,31.632095],[119.224752,31.632555],[119.225852,31.633955],[119.227862,31.634265],[119.226912,31.632315],[119.226862,31.630945],[119.225872,31.630335],[119.225602,31.630725],[119.225222,31.630675],[119.223942,31.629295],[119.223802,31.628735],[119.225462,31.627685],[119.226642,31.628745],[119.226952,31.629475],[119.227632,31.629135],[119.228032,31.629325],[119.228492,31.628756],[119.229562,31.628175],[119.229852,31.628315],[119.2305368,31.6267737],[119.2308587,31.6268971],[119.2318404,31.6251385],[119.2313146,31.6245173],[119.2320013,31.6232383],[119.2264223,31.6210365],[119.2262399,31.6203239],[119.2267871,31.6193464],[119.2242819,31.6191454],[119.2243141,31.6186475],[119.226492,31.6187343],[119.2258644,31.6177567],[119.226197,31.6156553],[119.2266369,31.6151893],[119.2227745,31.6090037],[119.2203498,31.6062808],[119.2212832,31.6016206],[119.2201191,31.6003001],[119.217571,31.5991168],[119.2170668,31.5981573],[119.2166805,31.598075],[119.2141807,31.5945796],[119.214524,31.5932408],[119.2127967,31.5910109],[119.2117238,31.5887353],[119.2110371,31.5880041],[119.2106402,31.5860849],[119.2128074,31.5819081],[119.2130434,31.5804183],[119.2117345,31.5801441],[119.2107904,31.5792118],[119.2111659,31.5772284],[119.2118204,31.5758116],[119.2092347,31.571543],[119.2074752,31.5711133],[119.2059517,31.5702358],[119.2045355,31.5692394],[119.2038596,31.5678591],[119.2001152,31.5655098],[119.2001206,31.564198],[119.1998121,31.5636884],[119.2002815,31.5633524],[119.1998362,31.5627993],[119.1983718,31.5629959],[119.1977709,31.5626302],[119.1978675,31.5616063],[119.1995573,31.5612864],[119.2001957,31.560843],[119.2001259,31.5603493],[119.1964459,31.5562674],[119.1957486,31.5564959],[119.1936028,31.5560388],[119.1929483,31.5552892],[119.1927552,31.5533418],[119.1921383,31.5530241],[119.1897619,31.5531498],[119.1871762,31.5528298],[119.1862643,31.5532001],[119.183346,31.5530584],[119.1797626,31.5520892],[119.1788185,31.5456983],[119.1782069,31.5447565],[119.1772413,31.5443633],[119.177885,31.5435221],[119.1781211,31.5419677],[119.174763,31.538301],[119.175455,31.5362481],[119.1751277,31.5356492],[119.1753799,31.5352194],[119.1764903,31.5355486],[119.1771126,31.5343598],[119.1762864,31.5338477],[119.1753423,31.5337288],[119.1747415,31.5324211],[119.1739476,31.531781],[119.1740388,31.5309168],[119.173041,31.5306105],[119.1753155,31.5288044],[119.1757929,31.5294674],[119.1764796,31.5294628],[119.1762543,31.5304002],[119.1765439,31.5305236],[119.1771179,31.5300024],[119.1778207,31.5299932],[119.1813505,31.5307339],[119.1832977,31.5315387],[119.1861355,31.5315707],[119.1867792,31.5321011],[119.1935706,31.5328601],[119.1924763,31.5312506],[119.192326,31.5303087],[119.193238,31.5283974],[119.1940105,31.5276932],[119.1941607,31.5265318],[119.1931629,31.52409],[119.1916501,31.5221511],[119.1897726,31.5216298],[119.1884529,31.5201116],[119.1890108,31.5184196],[119.1885602,31.5172215],[119.1865432,31.5160599],[119.1849661,31.5127489],[119.1825521,31.5127306],[119.1817903,31.5123556],[119.1810715,31.5104622],[119.181565,31.5096024],[119.1828096,31.5091908],[119.1830403,31.5087335],[119.1806424,31.5060305],[119.180004,31.5034143],[119.1787165,31.5025865],[119.1764849,31.503117],[119.17472,31.5020559],[119.1734165,31.5017815],[119.1726547,31.5011549],[119.1714129,31.5019324],[119.1714638,31.5025202],[119.1708684,31.5028586],[119.168787,31.5023441],[119.1679193,31.499355],[119.1665795,31.4987261],[119.1650346,31.4973471],[119.1640154,31.4973997],[119.1618042,31.4963359],[119.152286,31.4966587],[119.1498613,31.4959451],[119.1476774,31.4945978],[119.1417718,31.4883701],[119.1458917,31.4857717],[119.1461277,31.4846281],[119.1505801,31.4836079],[119.1514706,31.482391],[119.1510415,31.4801127],[119.1501188,31.4796003],[119.1497647,31.4789507],[119.14999,31.4785939],[119.149754,31.476407],[119.1508447,31.4718609],[119.1482949,31.4685101],[119.1476833,31.4669453],[119.1469109,31.4661674],[119.1467928,31.4650144],[119.1427266,31.4594686],[119.1417395,31.4565216],[119.1387784,31.4549658],[119.1354954,31.4538858],[119.1358145,31.4533856],[119.1348516,31.4490166],[119.1373836,31.4460511],[119.138419,31.4453692],[119.1408491,31.4463211],[119.1417932,31.4461838],[119.142909,31.4452044],[119.1435957,31.4450671],[119.1433972,31.4444584],[119.1443923,31.4444561],[119.1448429,31.4439641],[119.145095,31.4440854],[119.1465354,31.4426415],[119.1467124,31.4418589],[119.1464496,31.4417101],[119.1469914,31.4409069],[119.1473079,31.4411128],[119.1479784,31.4405682],[119.1486704,31.4392798],[119.1494027,31.4395842],[119.1489574,31.4403439],[119.1493061,31.4399412],[119.1492176,31.4404629],[119.1498855,31.4401883],[119.1493329,31.4411517],[119.1501376,31.4410488],[119.1502798,31.4418085],[119.1506499,31.4414263],[119.1506392,31.4418588],[119.1508055,31.4414469],[119.1516933,31.4416689],[119.1529673,31.4404492],[119.153198,31.4407238],[119.1521466,31.4420923],[119.1541046,31.4424859],[119.1540134,31.4420236],[119.1545069,31.4423531],[119.1567922,31.4424081],[119.1569638,31.4429298],[119.1578597,31.4420007],[119.1578865,31.4426781],[119.1586751,31.4425728],[119.1586375,31.4428154],[119.1591257,31.4429756],[119.1589862,31.4432822],[119.1593993,31.4436712],[119.1592115,31.4446003],[119.1610569,31.4445637],[119.1606492,31.4430625],[119.1597694,31.44309],[119.1594475,31.4427925],[119.1603541,31.4423119],[119.159528,31.4414607],[119.1599035,31.4396849],[119.160161,31.4397352],[119.1608208,31.4385132],[119.1614968,31.4382431],[119.1616148,31.4372179],[119.1619903,31.4370989],[119.1616362,31.4365634],[119.1624945,31.4360462],[119.1624355,31.4356754],[119.1629398,31.4355152],[119.1641146,31.4360187],[119.1640341,31.4356526],[119.1642755,31.4355976],[119.1643077,31.4358906],[119.1654932,31.436037],[119.1658848,31.4355793],[119.1656649,31.4351079],[119.1659224,31.4348378],[119.1653216,31.4348333],[119.1652089,31.4335334],[119.1639215,31.433959],[119.1635728,31.4336066],[119.1638088,31.434165],[119.1632509,31.4349568],[119.162972,31.4349065],[119.1634709,31.4341009],[119.1630632,31.4336661],[119.1631383,31.4330253],[119.1627574,31.4327461],[119.162001,31.4331214],[119.1620064,31.4310937],[119.1611427,31.4310525],[119.1611803,31.4303888],[119.1608852,31.430343],[119.1606975,31.4297297],[119.1599679,31.4295694],[119.1600913,31.4292856],[119.1589004,31.4287867],[119.1580582,31.4279353],[119.1593242,31.4268871],[119.1595495,31.4262645],[119.1598284,31.4264064],[119.1607618,31.424374],[119.1627145,31.4244793],[119.1624409,31.4238613],[119.1631061,31.4232983],[119.163267,31.4220897],[119.1639054,31.4218105],[119.1640717,31.4211055],[119.1635191,31.4207439],[119.1635996,31.4204555],[119.1641414,31.4199382],[119.165284,31.4171045],[119.165225,31.4150993],[119.1659653,31.4140738],[119.1669202,31.4138907],[119.1655952,31.4130437],[119.1643077,31.4127232],[119.1650855,31.4127278],[119.1653377,31.4121372],[119.164356,31.4116977],[119.1639215,31.4119541],[119.1641253,31.4115466],[119.1636801,31.4111941],[119.163841,31.4108279],[119.1633421,31.4107409],[119.163841,31.4100038],[119.1642755,31.410132],[119.1655952,31.4090332],[119.1650319,31.4087676],[119.1653484,31.4082869],[119.1651285,31.4080671],[119.1648334,31.4082503],[119.1650265,31.4080305],[119.1646779,31.4080625],[119.1647959,31.4078657],[119.1641092,31.4072247],[119.164297,31.4070965],[119.1637659,31.4072613],[119.1633904,31.4069317],[119.1640502,31.4061075],[119.1635889,31.4058145],[119.1644418,31.4058695],[119.1650802,31.4043082],[119.1647583,31.4041021],[119.1649353,31.4036305],[119.16574,31.4024904],[119.1654986,31.4020372],[119.1658741,31.4016251],[119.1648549,31.401506],[119.1658205,31.3993586],[119.1649407,31.4001919],[119.1633046,31.3996837],[119.1635245,31.398658],[119.1627628,31.3985252],[119.16228,31.3990953],[119.1616523,31.3989488],[119.1618696,31.3983535],[119.1620681,31.3986695],[119.1627145,31.3982711],[119.1632429,31.3984955],[119.1639402,31.3979506],[119.1649166,31.3977445],[119.16471,31.3976415],[119.1648924,31.3961785],[119.1655362,31.3959725],[119.1654557,31.3954779],[119.1656032,31.3954665],[119.1656971,31.3962861],[119.1664937,31.3962426],[119.1665447,31.3955764],[119.165386,31.3953314],[119.165445,31.3949513],[119.1662738,31.3949536],[119.1665554,31.3930442],[119.1671884,31.3928953],[119.1672286,31.3921192],[119.1676497,31.3922222],[119.1678724,31.3916612],[119.1676337,31.3913018],[119.1667727,31.3909858],[119.1670811,31.3901753],[119.1674942,31.3901249],[119.1677999,31.3895548],[119.1671616,31.3889732],[119.1668934,31.389422],[119.1663516,31.3892754],[119.1665769,31.3888816],[119.1658312,31.3886939],[119.1658661,31.3879932],[119.1666654,31.3877391],[119.1671455,31.3879222],[119.1680065,31.387027],[119.1684785,31.3871918],[119.1686851,31.3867797],[119.1688058,31.3872697],[119.169082,31.3867476],[119.1681164,31.3862027],[119.1693395,31.3862736],[119.1697338,31.3850555],[119.1672769,31.3847441],[119.1675049,31.3836564],[119.1688058,31.382871],[119.1710427,31.3825756],[119.1716382,31.3822322],[119.1728291,31.3829329],[119.1744947,31.3819414],[119.1756615,31.3827474],[119.1753611,31.3830199],[119.1758412,31.3837732],[119.1764715,31.3836564],[119.1768792,31.3829374],[119.1790116,31.3843113],[119.1795158,31.3841602],[119.1787004,31.3833702],[119.1793656,31.3828687],[119.180696,31.3834091],[119.1805458,31.3843045],[119.1812164,31.3843938],[119.1808355,31.3839037],[119.1811091,31.3833977],[119.1808167,31.3831618],[119.1819674,31.3822139],[119.1828766,31.3825711],[119.183397,31.3818818],[119.1835472,31.3813506],[119.1833165,31.3810781],[119.1837215,31.3806224],[119.1839683,31.3812475],[119.1847301,31.3812521],[119.1855776,31.3804942],[119.1865835,31.3806201],[119.1873988,31.3796378],[119.1880882,31.3792988],[119.1882303,31.379047],[119.1878173,31.3786096],[119.190309,31.3770799],[119.1906899,31.3757563],[119.1916823,31.3761914],[119.1923797,31.3746342],[119.1930073,31.3742495],[119.1922134,31.3734617],[119.1929591,31.3722617],[119.1926908,31.3717396],[119.1941017,31.3713823],[119.194209,31.3704159],[119.1934955,31.370251],[119.193694,31.3692617],[119.1967463,31.3694128],[119.1979694,31.3632017],[119.1987848,31.3634766],[119.199332,31.3628261],[119.1996431,31.3628994],[119.2002708,31.3610946],[119.2001474,31.3624619],[119.2003593,31.3610557],[119.2001769,31.3603617],[119.2014348,31.360167],[119.2030576,31.358889],[119.2034358,31.3579133],[119.2048761,31.3582843],[119.2057103,31.3570246],[119.2070809,31.3572582],[119.2076924,31.3578331],[119.2087948,31.3565894],[119.2093742,31.3564199],[119.2101628,31.357249],[119.2099696,31.3575583],[119.2115012,31.3584561],[119.2123273,31.3570406],[119.2128906,31.3572628],[119.2130354,31.3570315],[119.2120913,31.3568116],[119.2119732,31.3564359],[119.2116809,31.3568711],[119.2113832,31.3567337],[119.2116863,31.3562985],[119.2111659,31.3559504],[119.2102432,31.3556984],[119.2099535,31.3560443],[119.2099589,31.355758],[119.2093554,31.355419],[119.2097095,31.3543585],[119.2120027,31.3533529],[119.2128276,31.3508196],[119.2077863,31.3467559],[119.2027545,31.3434756],[119.1973633,31.3368184],[119.1930127,31.3322776],[119.1917628,31.3247764],[119.1906363,31.323058],[119.188056,31.3211814],[119.1877784,31.3205444],[119.188469,31.3184295],[119.1905612,31.3155973],[119.1906685,31.3140666],[119.1902876,31.311688],[119.1893917,31.3110647],[119.1860229,31.3111334],[119.184494,31.3104963],[119.1830081,31.3087822],[119.1828096,31.3075539],[119.1831046,31.3052485],[119.1826594,31.304153],[119.1805807,31.303454],[119.1771448,31.3030392],[119.1755193,31.3022371],[119.1724241,31.2995282],[119.1719466,31.2988452],[119.1714424,31.2964937],[119.1707128,31.2956641],[119.1636854,31.2939955],[119.1621056,31.2939634],[119.1602656,31.2942683],[119.1528359,31.2967688],[119.1520554,31.2951415],[119.150886,31.2951415],[119.1507304,31.2940184],[119.1497219,31.2932896],[119.1493624,31.2934179],[119.1492283,31.2942614],[119.1487026,31.2941835],[119.1481394,31.2931841],[119.1465998,31.2937113],[119.1460848,31.294243],[119.145484,31.2937205],[119.1450334,31.2924874],[119.1453338,31.2911763],[119.1467661,31.2919877],[119.1474581,31.2912313],[119.147104,31.2900211],[119.1480803,31.2894252],[119.1476995,31.2890126],[119.1466695,31.2893473],[119.146353,31.2871422],[119.1478389,31.2842587],[119.1461331,31.2851526],[119.1453069,31.2842541],[119.144454,31.2797979],[119.14300337799094,31.276483296314833],[119.11929305191146,31.263411957066705],[119.1178036,31.2638695],[119.1165107,31.2631312],[119.1151857,31.2637136],[119.1142255,31.2632642],[119.1145796,31.2628836],[119.1139573,31.262503],[119.1143542,31.2624938],[119.1145527,31.2619298],[119.1133511,31.2613658],[119.1132331,31.2618243],[119.1137212,31.2620123],[119.1136515,31.2623746],[119.1108888,31.2610585],[119.1100305,31.2609485],[119.1100359,31.260655],[119.1115111,31.2605404],[119.1107762,31.2595224],[119.1098964,31.2595912],[119.1090649,31.2587382],[119.1077077,31.2582888],[119.1072625,31.2576698],[119.1067904,31.2577294],[119.1063780360886,31.256291997912644],[119.10584131337663,31.25599610638307],[119.1057068,31.2559868],[119.1050684,31.2563766],[119.1051865,31.2568993],[119.1049343,31.2569406],[119.1038185,31.2553677],[119.1033947,31.2552164],[119.1027671,31.2560235],[119.10225209057344,31.25401739260493],[119.10183038783624,31.253784910794206],[119.1014367,31.2539873],[119.1012651,31.2548036],[119.1016084,31.2551888],[119.1012704,31.255198],[119.1010237,31.2562115],[119.0996826,31.2562023],[119.0998328,31.2556474],[119.0992695,31.2555282],[119.0989369,31.2558125],[119.0988725,31.2531894],[119.09915025959837,31.252307374580308],[119.074727,31.238843],[119.06547943179896,31.23839585477584],[119.0642077,31.2395039],[119.0593797,31.2386416],[119.0567082,31.2402102],[119.0522343,31.2399351],[119.0516872,31.238293],[119.05161429665776,31.23772543755631],[119.03818407903535,31.237076049788765],[119.0355242,31.2388755],[119.0345908,31.2416642],[119.0293576,31.2385634],[119.0234115,31.2406727],[119.0176389,31.2401671],[119.013967,31.2437565],[119.0096972,31.2436637],[118.9984208,31.2360794],[118.99516953900752,31.234996179089272],[118.98124266347644,31.23432277655297],[118.9795871,31.2397829],[118.9773999,31.2412291],[118.9757085,31.2411543],[118.9746587,31.2400073],[118.9730572,31.2390744],[118.9687875,31.2409501],[118.9625893,31.239892],[118.9486925,31.2395233],[118.9467094,31.2387254],[118.9442013,31.2369079],[118.9409494,31.2375729],[118.9393643,31.2387839],[118.9339992,31.241509],[118.9309081,31.2423069],[118.9274086,31.2425064],[118.9230169,31.2422894],[118.9214055,31.2432178],[118.9208261,31.2430344],[118.9186374,31.2441718],[118.9184014,31.2439792],[118.9172856,31.2443369],[118.9153759,31.2455661],[118.9134689,31.2463291],[118.9097111,31.2420254],[118.905559,31.239567],[118.8997708,31.2350399],[118.8929204,31.2340262],[118.8915364,31.2334115],[118.8824813,31.232274],[118.879681,31.2302006],[118.8790266,31.2307878],[118.8794879,31.2321088],[118.8797025,31.2344298],[118.8787637,31.2392046],[118.8776372,31.2405439],[118.8760708,31.2409751],[118.8679491,31.240865],[118.8655565,31.2397642],[118.8659428,31.2407732],[118.8656074,31.244211],[118.8651072,31.2445971],[118.855226,31.2426498],[118.8481069,31.2416167],[118.8455329,31.241718],[118.8436091,31.2404141],[118.8401512,31.2393385],[118.8382946,31.2381976],[118.8375525,31.2380763],[118.8359688,31.2386548],[118.8352346,31.2385463],[118.8335691,31.2378059],[118.8311541,31.2361374],[118.8310329,31.2355915],[118.8314265,31.234751],[118.8312021,31.2343819],[118.8300645,31.2339498],[118.8286803,31.2325544],[118.826582,31.2316246],[118.823684,31.2318476],[118.8222683,31.2316208],[118.8191623,31.2325544],[118.8158102,31.2361305],[118.8151253,31.237869],[118.8146416,31.2381421],[118.8079865,31.2365268],[118.80467663647708,31.23663279845261],[118.755728,31.280804],[118.751026,31.357957],[118.76656101859541,31.366024619695903],[118.7670409,31.3660427],[118.76811578876018,31.36683204031963],[118.76865525461413,31.36711219481844],[118.7761358,31.3693292],[118.7788627,31.3705426],[118.7812696,31.3710563],[118.7850206,31.3713405],[118.794712,31.3710782],[118.8027006,31.3727506],[118.8053379,31.3733408],[118.8142099,31.3774506],[118.815118,31.3777071],[118.8175418,31.3772123],[118.8219413,31.378806],[118.8272775,31.3811639],[118.8303143,31.3835644],[118.8302393,31.3850473],[118.8292561,31.3861938],[118.8321585,31.3878859],[118.8341602,31.3902052],[118.8395518,31.3948802],[118.8411798,31.3957783],[118.8434225,31.3964275],[118.8448488,31.3942539],[118.8553848,31.4127625],[118.859254,31.4184868],[118.8636963,31.4240371],[118.8635282,31.4249987],[118.8692051,31.4323248],[118.8717816,31.4375438],[118.876594,31.4501464],[118.8739871,31.4831395],[118.8780672,31.4986484],[118.8824773,31.5312872],[118.8808572,31.5355669],[118.8783842,31.5373226],[118.87811535185004,31.536927069086943],[118.87283778176068,31.563989090877875],[118.8749135,31.5639649],[118.8775206,31.5643489],[118.8781009,31.5670951],[118.8792908,31.5676672],[118.8785505,31.5700439],[118.8766837,31.5701719],[118.8753534,31.571351],[118.8727141,31.5722011],[118.87134914679986,31.571622428013338],[118.86894427981309,31.583953967281992],[118.8705562,31.5854669],[118.8694404,31.5872856],[118.8713501,31.5891043],[118.872541,31.5925131],[118.8706398,31.5935951],[118.8668655,31.59488],[118.86681556223114,31.5948694834408],[118.86549621667761,31.601634748044496],[118.8659965,31.6023094],[118.86514706100844,31.60342512849754],[118.86488375027476,31.604775318204606],[118.8675414,31.6077828],[118.8662218,31.608468],[118.866372,31.6094274],[118.867123,31.6102406],[118.8662969,31.6117757],[118.8638936,31.6121046],[118.86339785175548,31.612394623571806],[118.86257411970709,31.616618509615144],[118.8634001,31.617952],[118.86235271305371,31.617753825977953],[118.860477,31.627372],[118.83772688969927,31.629824967977243],[118.8363041,31.6307533],[118.828523,31.6326804],[118.8238743,31.6329952],[118.8226458,31.6316148],[118.82164020908915,31.631559470002735],[118.81809781202652,31.631941419208363],[118.8151126,31.6329536],[118.8143145126404,31.632349343043447],[118.78679212847665,31.635316868304585],[118.786996,31.635557],[118.7871945,31.6362239],[118.7866151,31.6403617],[118.7850058,31.6419008],[118.7844754,31.6430785],[118.7826269,31.6434473],[118.7824464,31.6462319],[118.7833779,31.6470864],[118.7837173,31.6480576],[118.7830699,31.6506404],[118.7786327,31.6538132],[118.777872,31.658324],[118.7872028,31.6611945],[118.7941249,31.6684025],[118.7932121,31.6706252],[118.7882424,31.6730421],[118.7836023,31.6740563],[118.7797483,31.6767104],[118.774804,31.6820617],[118.7693779,31.6847156],[118.7630644,31.679494],[118.7551788,31.6823853],[118.7507923,31.6797529],[118.7458987,31.6797097],[118.7428814,31.6778756],[118.7438196,31.6752215],[118.74278,31.6733658],[118.7393317,31.6704957],[118.739002,31.6684456],[118.7399656,31.666525],[118.7386978,31.664928],[118.7387231,31.6622088],[118.7400416,31.6587125],[118.7389767,31.6573744],[118.7391542,31.6568348],[118.7379625,31.6556262],[118.735503,31.6545686],[118.7343873,31.6532089],[118.7343873,31.6526909],[118.7349959,31.6523455],[118.7359847,31.6523455],[118.7363904,31.6507483],[118.7351734,31.6494964],[118.7340577,31.6494964],[118.7332717,31.6490216],[118.7333224,31.6479855],[118.7339817,31.64723],[118.7338295,31.6464314],[118.734717,31.6445211],[118.7334112,31.6429561],[118.7318138,31.6419955],[118.73151692478511,31.64127676488524],[118.708660506405,31.643741195238313],[118.70852,31.6439513],[118.7085629,31.644682],[118.7076831,31.6452666],[118.7059987,31.6448738],[118.7056339,31.6453944],[118.7051189,31.6451478],[118.70486129013483,31.644150835267578],[118.680746,31.646751],[118.684363,31.700856],[118.6791602704132,31.70309711486879],[118.6782646,31.7047301],[118.6800134,31.7054055],[118.6804211,31.7039359],[118.6812955,31.704657],[118.6825615,31.7047118],[118.6838141,31.7054694],[118.6824006,31.7060125],[118.6824435,31.7067473],[118.6816388,31.7074912],[118.6845624,31.7078745],[118.6848307,31.7086869],[118.6859196,31.7094946],[118.6855602,31.7127302],[118.6844176,31.7147518],[118.6835217,31.7150256],[118.6857319,31.7152674],[118.685866,31.7163353],[118.6846644,31.7161755],[118.6862308,31.71754],[118.6860055,31.7178503],[118.6811212,31.7166387],[118.6802441,31.7181423],[118.6812204,31.7182108],[118.6812472,31.7189819],[118.6832884,31.7202665],[118.6823979,31.7210627],[118.682524,31.7219206],[118.6834788,31.7211129],[118.6852652,31.722856],[118.6808073,31.7241473],[118.6805606,31.7254934],[118.68092,31.7263557],[118.6806571,31.7271314],[118.6771649,31.7282995],[118.6751586,31.7279253],[118.6742681,31.7281489],[118.6733991,31.7288926],[118.6742949,31.7296272],[118.67275,31.7309504],[118.6713767,31.730599],[118.6707866,31.729942],[118.6690432,31.7311557],[118.6665434,31.7315344],[118.666259,31.7312287],[118.6647946,31.7314659],[118.6647624,31.7319496],[118.6639899,31.7319496],[118.6640328,31.7308956],[118.6636358,31.7309412],[118.6635017,31.7317899],[118.6599022,31.7331313],[118.660672,31.7342126],[118.6604601,31.7343494],[118.6596125,31.7336651],[118.6584109,31.7334666],[118.6582178,31.7339434],[118.6572576,31.7336172],[118.6572951,31.7332316],[118.6554444,31.733113],[118.6545753,31.7325655],[118.6517349,31.7325358],[118.6483982,31.734046],[118.6483258,31.7346597],[118.6473334,31.7345981],[118.6473334,31.7365508],[118.6470196,31.7374267],[118.6457857,31.7371142],[118.6453593,31.7374381],[118.6461264,31.7389345],[118.6461854,31.7411426],[118.6453646,31.7416353],[118.6455631,31.742087],[118.6445546,31.742712],[118.6438519,31.7425295],[118.6430418,31.7416992],[118.6416256,31.7415167],[118.6401021,31.7445185],[118.6369747,31.7467812],[118.6362719,31.747803],[118.6381656,31.7490803],[118.6399144,31.749208],[118.6395711,31.7506951],[118.6389434,31.7509734],[118.6390024,31.7513246],[118.6398286,31.7517169],[118.6405635,31.7516804],[118.6413252,31.7495365],[118.6421674,31.7502207],[118.6432618,31.7529713],[118.6385143,31.755284],[118.6378249,31.7565771],[118.6372268,31.7613732],[118.6354297,31.7616788],[118.6349523,31.7621258],[118.6343998,31.7618385],[118.6328977,31.763371],[118.6323398,31.7629194],[118.6320448,31.7613413],[118.6302531,31.7618886],[118.6286303,31.7611292],[118.6284506,31.7613276],[118.6276621,31.7606549],[118.62638,31.7615352],[118.6260179,31.761469],[118.625983,31.7611155],[118.6221904,31.7613276],[118.6221796,31.7598544],[118.6217961,31.7599091],[118.6217853,31.7613869],[118.6198649,31.7604222],[118.619201,31.7605454],[118.6192855,31.759063],[118.6159435,31.757104],[118.6161688,31.7561233],[118.6154258,31.7548735],[118.6149122,31.7543592],[118.613795,31.7545747],[118.6122608,31.7532678],[118.6083394,31.7555394],[118.6086988,31.756137],[118.6081383,31.7563012],[118.6073363,31.7555007],[118.6068535,31.7558792],[118.6075509,31.7567231],[118.6069393,31.7570219],[118.6072236,31.7577357],[118.6069795,31.7578999],[118.6069876,31.7589216],[118.6063895,31.7588555],[118.6062071,31.7583195],[118.6035865,31.7608761],[118.6031681,31.7604747],[118.6034149,31.7596263],[118.6020416,31.7603926],[118.6018699,31.7601463],[118.6025673,31.7594393],[118.6021382,31.7591155],[118.5993701,31.7600095],[118.5967576,31.7596993],[118.5941666,31.7548233],[118.5910231,31.752091],[118.5908353,31.7499881],[118.5898161,31.748834],[118.5885769,31.7483139],[118.5872887,31.7464535],[118.5845579,31.7463274],[118.5822823,31.7456336],[118.58037268072758,31.745650611529026],[118.5420529202734,31.762157136323257],[118.5417136,31.762884],[118.537097,31.7648472],[118.53602896783293,31.764751999107872],[118.5354967183537,31.764981269570985],[118.5354307,31.7650183],[118.53542603362348,31.76501171754973],[118.53217473845558,31.76641223737726],[118.5324644,31.7674045],[118.5323339,31.7679405],[118.5299688,31.768762],[118.5288132,31.7683733],[118.5281177,31.7690326],[118.5278318,31.7688566],[118.527,31.7691405],[118.52657131676328,31.768825953381754],[118.476882,31.79023],[118.47689761537183,31.790485426598035],[118.4771095,31.7909917],[118.4806368,31.7972577],[118.4880651,31.8133993],[118.499427,31.8429764],[118.492609,31.8436013],[118.485109,31.8453598],[118.4803887608731,31.84759142630275],[118.481068,31.858702],[118.46261850809707,31.87127611880367],[118.4636698,31.871599],[118.4640473,31.8704214],[118.4643665,31.8702551],[118.4652758,31.8702916],[118.4662092,31.8708292],[118.4669548,31.8701276],[118.4672928,31.8704191],[118.467105,31.8708018],[118.467679,31.8713485],[118.4685856,31.8708246],[118.4697926,31.8728291],[118.4723076,31.8726615],[118.4723342,31.8731893],[118.4715687,31.8732712],[118.4717439,31.8742036],[118.4710625,31.8745222],[118.4713995,31.8753503],[118.470889,31.8754952],[118.4712142,31.876314],[118.4730971,31.8756808],[118.4731615,31.8759086],[118.4754038,31.8758129],[118.475731,31.8762047],[118.4731883,31.877585],[118.4731078,31.8797305],[118.4734887,31.8797214],[118.473494,31.8800448],[118.4730381,31.8800676],[118.472705,31.8805538],[118.4728321,31.8809631],[118.4722891,31.8810783],[118.4733117,31.8836206],[118.4730327,31.8853834],[118.4718364,31.8852786],[118.4718311,31.885643],[118.4711793,31.8862306],[118.4704095,31.8861167],[118.4702915,31.8864128],[118.4690738,31.8860666],[118.4674805,31.8861213],[118.4674859,31.886554],[118.4666678,31.8864652],[118.4657156,31.8869503],[118.4655762,31.8873876],[118.4648734,31.8873739],[118.4649324,31.8876517],[118.4635323,31.8881664],[118.4629047,31.8875743],[118.4626579,31.8877155],[118.460952,31.8860712],[118.4599918,31.8860165],[118.4597772,31.8856613],[118.4599221,31.8864493],[118.4590906,31.8862944],[118.459155,31.8867499],[118.458876,31.8868137],[118.4581572,31.886217],[118.4570521,31.8866155],[118.4567437,31.8870459],[118.4559014,31.8870642],[118.4554026,31.8863308],[118.4546971,31.886866],[118.4540775,31.8868797],[118.4540722,31.8865449],[118.453643,31.8865563],[118.4536296,31.8859619],[118.4533024,31.8859938],[118.4534419,31.8867772],[118.4530824,31.8868865],[118.4479596,31.8861672],[118.4470021,31.8887925],[118.4449222,31.8916769],[118.4434831,31.8911819],[118.4411614,31.8913263],[118.4409797,31.8911018],[118.4385535,31.892075],[118.4373322,31.8932205],[118.4368681,31.8949689],[118.4353851,31.8953554],[118.4338757,31.897597],[118.4338947,31.8978625],[118.4343441,31.8975968],[118.4354172,31.8978956],[118.4348186,31.8990184],[118.4341239,31.8988013],[118.4334828,31.899878],[118.4330024,31.8996845],[118.4327338,31.9000383],[118.4322542,31.8997329],[118.4324936,31.8994181],[118.4313594,31.8988005],[118.4295131,31.901341],[118.4271131,31.9001025],[118.4274927,31.8990917],[118.4248736,31.8978131],[118.4244901,31.8985827],[118.4240931,31.8982412],[118.4239496,31.8984712],[118.42325438014072,31.89810445771566],[118.40483980612046,31.910654778486983],[118.4046525,31.9113704]],[[118.389631,31.977846],[118.3914936,31.9776389],[118.3920193,31.9770064],[118.3922875,31.9775251],[118.3926254,31.977466],[118.3927113,31.9769927],[118.3917081,31.9756071],[118.391165,31.9739098],[118.3918717,31.9738165],[118.3920716,31.9744558],[118.3923438,31.9744501],[118.392368,31.9737949],[118.3933148,31.974135],[118.3932947,31.9738131],[118.3938727,31.9735958],[118.3937681,31.9729177],[118.3955115,31.9720872],[118.3963162,31.9723876],[118.3963215,31.9730429],[118.397373,31.9730224],[118.3981347,31.9735434],[118.397786,31.9745241],[118.3984163,31.975143],[118.3984029,31.9758824],[118.3997843,31.9761327],[118.4005487,31.9755662],[118.4012407,31.9755889],[118.401753,31.9764717],[118.4022841,31.9763807],[118.4025577,31.9771179],[118.4025013,31.977855],[118.400774,31.9782236],[118.4010114,31.9790279],[118.4002637,31.9790648],[118.4015559,31.979525],[118.4008075,31.9802838],[118.4010194,31.9806785],[118.4006922,31.9810562],[118.400782,31.9821243],[118.4005594,31.9822699],[118.4000793,31.9812552],[118.4006023,31.9809936],[118.4004682,31.9804965],[118.3992653,31.9811324],[118.3986255,31.9809356],[118.398065,31.9817296],[118.3977994,31.9815726],[118.3979282,31.9812882],[118.3970806,31.9817637],[118.3962706,31.981766],[118.3962357,31.9825031],[118.3955732,31.982965],[118.3950314,31.9827716],[118.3952621,31.9810709],[118.3939411,31.9800335],[118.3929366,31.98084],[118.3918717,31.9811881],[118.3917886,31.9807775],[118.3907479,31.9803554],[118.3890832,31.9786686],[118.389631,31.977846]],[[119.1912907,31.369422],[119.1925031,31.3692021],[119.1924012,31.3706403],[119.1935062,31.3711625],[119.1922992,31.3715197],[119.192369,31.3712815],[119.1906792,31.3702327],[119.1912907,31.369422]]],[[[118.694374,32.60139],[118.6940467,32.601503],[118.69404620322912,32.601507566261255],[118.69449644194673,32.601593229556556],[118.694374,32.60139]]],[[[118.8389182,31.2329219],[118.840152,31.2313164],[118.8373518,31.2303165],[118.8361609,31.2319219],[118.8389182,31.2329219]]],[[[118.8402271,31.2277202],[118.8398945,31.2276559],[118.8397014,31.2283899],[118.838371,31.2280321],[118.8375878,31.2299312],[118.841933,31.2314908],[118.8432419,31.229766],[118.8403988,31.2285917],[118.84102628895754,31.22754293120852],[118.84027468244292,31.22750658897712],[118.8402271,31.2277202]]],[[[118.8445991,31.2375271],[118.8454091,31.235752],[118.8452267,31.2354584],[118.8408976,31.2338668],[118.8392776,31.2360501],[118.8445991,31.2375271]]],[[[118.845613,31.2353346],[118.8463318,31.233509],[118.8421315,31.2319036],[118.8410532,31.233665],[118.845613,31.2353346]]],[[[118.8467341,31.239669],[118.847984,31.239802],[118.8481342,31.2392379],[118.8453018,31.2384765],[118.8452857,31.2389673],[118.8467341,31.239669]]],[[[118.848719,31.2408248],[118.8485902,31.2412743],[118.8501674,31.2416137],[118.8504248,31.2411276],[118.8509506,31.2417055],[118.8632029,31.2439895],[118.8633316,31.243485],[118.8650375,31.2439712],[118.865413,31.2412009],[118.8652736,31.2397057],[118.8548451,31.2357428],[118.8543677,31.2368803],[118.8523185,31.2363299],[118.8522434,31.2366785],[118.851664,31.2366051],[118.852061,31.2358437],[118.8514173,31.2366785],[118.8506984,31.2363207],[118.8512027,31.235596],[118.8507306,31.2354217],[118.8506019,31.2357795],[118.8498857,31.2355295],[118.8493278,31.2368597],[118.8507601,31.2374605],[118.8492688,31.2370798],[118.8484186,31.2389902],[118.8503793,31.2395062],[118.8500735,31.2405474],[118.8494297,31.2411436],[118.8502532,31.2396782],[118.8483542,31.2392195],[118.8478821,31.240513],[118.848719,31.2408248]]]]}},{"type":"Feature","properties":{"city_name":"南通市","region":"苏中","osm_type":"relation","osm_id":4430899,"display_name":"南通市, 江苏省, 中国"},"geometry":{"type":"MultiPolygon","coordinates":[[[[120.4924507,32.1005338],[120.4925964,32.1009122],[120.4922465,32.1011199],[120.4925158,32.1015107],[120.4915011,32.102204],[120.4903313,32.1019539],[120.4843507,32.1021137],[120.4842712,32.1030376],[120.4816007,32.1026138],[120.4813584,32.1030509],[120.4807855,32.1029786],[120.477852,32.1048045],[120.477961,32.1056039],[120.4669005,32.1098941],[120.4663908,32.1096241],[120.4632939,32.1107934],[120.4632314,32.1113389],[120.4634456,32.1118274],[120.4636724,32.1117463],[120.4633398,32.1137439],[120.4621008,32.1139242],[120.4622031,32.1123276],[120.461914,32.1124239],[120.461941,32.1118144],[120.4585209,32.1131042],[120.4582711,32.1118341],[120.4523418,32.1146723],[120.4520809,32.1156143],[120.4431811,32.1190842],[120.4423511,32.1173943],[120.440291,32.1181543],[120.4404211,32.1204344],[120.4311427,32.1252229],[120.4312355,32.1254952],[120.430901,32.1256545],[120.4310398,32.1274568],[120.4305852,32.1275626],[120.4304709,32.1266645],[120.4300413,32.1266144],[120.4297912,32.1280846],[120.4290806,32.1280444],[120.4290182,32.1267278],[120.4284113,32.1268745],[120.4283533,32.1262166],[120.4277301,32.1262528],[120.4277013,32.1252244],[120.4265713,32.1251146],[120.426171,32.1257346],[120.4229109,32.1271046],[120.4229718,32.1247217],[120.4181884,32.1252284],[120.417808,32.1237369],[120.4165753,32.1245218],[120.4168096,32.125443],[120.414291,32.1258348],[120.4139178,32.1248691],[120.4069067,32.1265517],[120.4060251,32.1250806],[120.4032791,32.1264088],[120.4027292,32.125261],[120.4014311,32.1257446],[120.4011513,32.125215],[120.3998708,32.1257748],[120.3997109,32.1255147],[120.3990911,32.1257548],[120.3987314,32.1250247],[120.3980413,32.1252447],[120.3984002,32.1259257],[120.3979113,32.1259048],[120.3976607,32.1253649],[120.3962512,32.1258748],[120.3964311,32.1266849],[120.3960808,32.1259147],[120.3955007,32.1261048],[120.3952307,32.1253449],[120.3934643,32.12594],[120.394155,32.1273918],[120.3939276,32.1274395],[120.393305,32.1262102],[120.3924713,32.1263238],[120.3906012,32.126995],[120.391031,32.1278649],[120.3866911,32.129265],[120.3868609,32.1300651],[120.381471,32.1308551],[120.3766237,32.1307147],[120.3744812,32.1309951],[120.3743812,32.1305652],[120.3731816,32.1306519],[120.3727979,32.1297707],[120.3721811,32.1298952],[120.3723508,32.1307152],[120.371531,32.1307352],[120.3713315,32.129595],[120.3580212,32.1323352],[120.3541711,32.1328552],[120.3514111,32.1326754],[120.3507212,32.1367154],[120.3519608,32.1368753],[120.3515007,32.1392053],[120.3533414,32.1395153],[120.3527412,32.1422352],[120.3508113,32.1419554],[120.3503815,32.1442554],[120.3478316,32.1434332],[120.3474181,32.1457167],[120.3479914,32.1457653],[120.3478709,32.1464253],[120.3482912,32.1464751],[120.3483912,32.1457754],[120.3487514,32.1457954],[120.3486712,32.1464354],[120.3489811,32.1464752],[120.3486609,32.1483056],[120.3492915,32.1484455],[120.3488614,32.1495752],[120.3495487,32.1497555],[120.3493422,32.1508751],[120.3481163,32.1507378],[120.347991,32.1518194],[120.3466612,32.151691],[120.3460775,32.1530298],[120.3468099,32.1533035],[120.3463472,32.1546362],[120.3450012,32.1540953],[120.3441714,32.1558254],[120.3429712,32.1556553],[120.3410594,32.159929],[120.3407972,32.1598351],[120.3406668,32.1603153],[120.3442564,32.1618162],[120.3439087,32.1628339],[120.3432912,32.1627455],[120.3429215,32.1638553],[120.3443188,32.1643332],[120.3438235,32.1655852],[120.3446396,32.1660349],[120.34326,32.1687709],[120.3425815,32.1684756],[120.3404837,32.1704752],[120.3408616,32.1710554],[120.3403932,32.1719902],[120.3409759,32.1724163],[120.3407485,32.1728165],[120.3423363,32.173573],[120.3415436,32.1748528],[120.3423026,32.1756699],[120.345379,32.1822328],[120.347733,32.1812292],[120.3483598,32.1830853],[120.3503359,32.1829001],[120.3506898,32.1835949],[120.3486315,32.1839354],[120.3497791,32.1876744],[120.3481046,32.1875892],[120.3497187,32.1923399],[120.3504209,32.1921211],[120.3508819,32.1930456],[120.3530074,32.1917845],[120.3539699,32.1930887],[120.3534218,32.1937052],[120.3548417,32.1971053],[120.3562619,32.1969654],[120.3565398,32.1979791],[120.3565754,32.1986242],[120.3547117,32.1988554],[120.3558433,32.2001388],[120.3560222,32.2030753],[120.3570523,32.2030753],[120.3571091,32.2035357],[120.3590868,32.2037532],[120.3583581,32.2061543],[120.3606151,32.2063538],[120.3600317,32.2075383],[120.3606921,32.2086453],[120.3619082,32.2083908],[120.3621174,32.2097959],[120.3645223,32.2094753],[120.3646192,32.2111687],[120.3622548,32.2114001],[120.3628019,32.2131355],[120.3624917,32.2143058],[120.3648243,32.2147462],[120.3661323,32.2145752],[120.3662558,32.2162878],[120.3657923,32.2163955],[120.3663541,32.2188896],[120.3650925,32.2187454],[120.3650622,32.2206153],[120.3663356,32.2201278],[120.3660036,32.2233884],[120.3685767,32.2236519],[120.3677914,32.2274686],[120.3673671,32.2273825],[120.3670699,32.2280957],[120.3668014,32.228052],[120.3662824,32.2292904],[120.3646148,32.2288173],[120.3643198,32.2300082],[120.3646686,32.2300663],[120.3646973,32.2304173],[120.3645725,32.230746],[120.364142,32.2307212],[120.3640525,32.2312053],[120.3643927,32.2308353],[120.3656223,32.2312153],[120.3644724,32.2326255],[120.3642925,32.2332253],[120.364682,32.2334252],[120.3638421,32.2345428],[120.3632822,32.2343553],[120.3604928,32.2378755],[120.3581428,32.2401813],[120.3583898,32.2405306],[120.3589234,32.2400797],[120.3597832,32.2404604],[120.3589312,32.2412527],[120.3591621,32.2417124],[120.3581479,32.2409378],[120.3566623,32.2424103],[120.3558443,32.2418374],[120.3551781,32.2425012],[120.3541504,32.2418417],[120.3534644,32.2425088],[120.3530722,32.2422359],[120.3512402,32.243523],[120.3501012,32.2427457],[120.3489267,32.2441889],[120.3491269,32.2443487],[120.3483824,32.2451136],[120.3487578,32.2453192],[120.3482615,32.2457279],[120.3479482,32.2455617],[120.3464525,32.2469456],[120.3450647,32.2463367],[120.3438725,32.2477354],[120.3442225,32.2486853],[120.3439625,32.2493955],[120.3447925,32.2497757],[120.3422991,32.252178],[120.3417279,32.2550456],[120.3435418,32.2561387],[120.3432962,32.2569638],[120.3451826,32.2574656],[120.3445725,32.2620456],[120.3439826,32.2628456],[120.3425975,32.2672547],[120.3423833,32.2676358],[120.3419169,32.2675885],[120.3421027,32.2691855],[120.3436782,32.2693707],[120.3434531,32.2703355],[120.3451429,32.2706254],[120.3450325,32.2711558],[120.3465434,32.2715155],[120.3463431,32.2722958],[120.347112,32.2724393],[120.3470534,32.2728429],[120.3468385,32.2728127],[120.3465346,32.2744078],[120.3459734,32.2743156],[120.3457592,32.2749919],[120.3463943,32.2754265],[120.3462529,32.2756754],[120.3477046,32.2763695],[120.3471331,32.2778256],[120.3476928,32.2779856],[120.347353,32.2788556],[120.3462433,32.2787555],[120.3459426,32.2801356],[120.3454631,32.2800854],[120.3457228,32.2787554],[120.344883,32.2787357],[120.3450334,32.2778156],[120.3443533,32.2780254],[120.3452129,32.2799555],[120.3462273,32.2841764],[120.3472633,32.2930257],[120.3461333,32.2982857],[120.3442533,32.3021258],[120.3451433,32.3023355],[120.346025,32.3030661],[120.34643,32.304658],[120.3469519,32.3047954],[120.3468115,32.3051878],[120.3464407,32.3051591],[120.3464529,32.3057415],[120.3478635,32.3064256],[120.3493037,32.3061057],[120.3507334,32.3065356],[120.3516517,32.3045448],[120.3524833,32.3047056],[120.3523534,32.3055555],[120.3533496,32.3056851],[120.3534816,32.3049744],[120.3560034,32.3053856],[120.3551831,32.3075954],[120.3538971,32.307072],[120.3535108,32.3076762],[120.3586572,32.3105345],[120.359268,32.3122222],[120.359883,32.3120502],[120.3603395,32.3123082],[120.3614516,32.3105523],[120.3621956,32.3108563],[120.3609223,32.3126228],[120.3605064,32.3124186],[120.3599706,32.3131648],[120.361754,32.3138036],[120.3610932,32.3157009],[120.3607157,32.3155647],[120.3606236,32.3158255],[120.3609693,32.3159614],[120.360531,32.3170339],[120.3602493,32.3169528],[120.3599032,32.3175448],[120.3578898,32.3174578],[120.3566941,32.3192028],[120.3568438,32.3197356],[120.3572927,32.3196831],[120.3574113,32.3205972],[120.3569726,32.3206216],[120.3569295,32.3209846],[120.3565113,32.3208281],[120.3567305,32.3198815],[120.3540214,32.3211909],[120.3540228,32.3216924],[120.353684,32.3215301],[120.3531153,32.3221241],[120.3526618,32.3219161],[120.3521943,32.3224478],[120.3529982,32.3229872],[120.3526883,32.3234795],[120.3522997,32.3233501],[120.3514737,32.3249157],[120.348584,32.3260055],[120.3479038,32.3300557],[120.3488941,32.3314756],[120.3470336,32.3329956],[120.3464839,32.3339555],[120.3477036,32.3343255],[120.3484738,32.3360956],[120.3479337,32.3376159],[120.3464741,32.3388257],[120.3458984,32.3387615],[120.3454046,32.3393693],[120.3455732,32.3385529],[120.3446301,32.3382552],[120.3453084,32.3371373],[120.3440041,32.3365775],[120.3444293,32.3359204],[120.3441946,32.3358515],[120.3437202,32.3365143],[120.3439624,32.3366195],[120.3437944,32.3368401],[120.3428402,32.3364193],[120.3423272,32.3392585],[120.342664,32.3399957],[120.340314,32.342996],[120.3412441,32.3442957],[120.341414,32.3454857],[120.3448839,32.3456557],[120.3445042,32.3466758],[120.3451441,32.3466359],[120.345034,32.3470159],[120.3446339,32.3469357],[120.3442578,32.3482439],[120.3436568,32.3481197],[120.3439441,32.3468957],[120.3434639,32.3469156],[120.343794,32.3460857],[120.3434543,32.3460058],[120.3432738,32.3465858],[120.3431243,32.3460856],[120.342814,32.3470456],[120.342264,32.3471058],[120.3424341,32.3464856],[120.3417439,32.3464757],[120.340834,32.3478159],[120.3436643,32.348886],[120.3441505,32.3494704],[120.3439455,32.3505196],[120.3444122,32.3506028],[120.3439567,32.3527449],[120.3442179,32.3527809],[120.3440841,32.353516],[120.3434244,32.3546],[120.3426763,32.3545735],[120.3429839,32.3556132],[120.3426739,32.3580958],[120.3454641,32.3574758],[120.3456341,32.3578756],[120.3460443,32.3577956],[120.346844,32.3583756],[120.3472938,32.3582556],[120.3480242,32.3590456],[120.3485138,32.3585557],[120.3487741,32.3587758],[120.3495467,32.3579023],[120.3491599,32.3577136],[120.3494227,32.3573855],[120.3504397,32.3579515],[120.350137,32.3583659],[120.3497502,32.3581255],[120.3490908,32.3590201],[120.3496541,32.3594559],[120.3493039,32.3598358],[120.350044,32.3603257],[120.3496442,32.3607458],[120.3507443,32.3613958],[120.3495244,32.3627557],[120.3514142,32.3636656],[120.3510543,32.3642556],[120.3523941,32.3647259],[120.3521643,32.3651757],[120.352494,32.3653157],[120.3521841,32.3658655],[120.3531544,32.3662456],[120.3529145,32.3667657],[120.352354,32.366806],[120.3522543,32.3684456],[120.352864,32.3685358],[120.3527845,32.3697657],[120.3508845,32.3695758],[120.3502043,32.3691256],[120.3497742,32.3703359],[120.3485445,32.3692858],[120.3472345,32.3701556],[120.3471642,32.3718956],[120.3465843,32.3726958],[120.3468143,32.3739659],[120.3462044,32.3755755],[120.3465548,32.3772458],[120.3459447,32.3775258],[120.3468346,32.3797458],[120.3458093,32.3798854],[120.3424146,32.3789158],[120.3425244,32.3779557],[120.3415844,32.3778958],[120.3415149,32.3787157],[120.3399039,32.3783457],[120.3378545,32.376266],[120.3320145,32.3751158],[120.3302642,32.3744962],[120.3289347,32.3735561],[120.3271886,32.3732486],[120.3233444,32.3703462],[120.3212643,32.3706661],[120.3199243,32.3700461],[120.3184042,32.3698463],[120.3168941,32.370246],[120.3153942,32.3691462],[120.3115943,32.3682263],[120.3094544,32.3666964],[120.3091343,32.3645461],[120.3086641,32.3639062],[120.3059142,32.3640461],[120.3043039,32.3638061],[120.3023742,32.3675563],[120.3009341,32.3685563],[120.2999639,32.3696961],[120.2967643,32.3744761],[120.2948544,32.3742763],[120.2950641,32.3734965],[120.2943543,32.3730963],[120.2926644,32.3727364],[120.2918145,32.3729264],[120.2917441,32.3718266],[120.2893742,32.3720963],[120.2874343,32.3728364],[120.2871846,32.3734666],[120.2842745,32.3727265],[120.2832745,32.3752764],[120.2821847,32.3765165],[120.2826247,32.3767566],[120.2823145,32.3772965],[120.2817543,32.3771165],[120.2814942,32.3774865],[120.2800842,32.3770866],[120.2789642,32.3795765],[120.2795543,32.3797965],[120.2784844,32.3820465],[120.2809543,32.3838966],[120.2820342,32.3851667],[120.2834246,32.3870964],[120.2839244,32.3892867],[120.2811049,32.3976965],[120.2788848,32.4024664],[120.2785447,32.4074064],[120.277483,32.4106762],[120.2779572,32.4106274],[120.2780346,32.4101145],[120.2797776,32.4099707],[120.2794229,32.4130749],[120.2778033,32.4131244],[120.2775615,32.4136061],[120.2769447,32.4136566],[120.276865,32.4157566],[120.2754149,32.4227566],[120.2753147,32.4287966],[120.275935,32.4332966],[120.2741104,32.4382809],[120.2718555,32.4395568],[120.2704552,32.4409266],[120.2701852,32.4463468],[120.2673196,32.4609089],[120.2681754,32.4638266],[120.2667055,32.4670869],[120.2669958,32.4700967],[120.2666959,32.4713267],[120.2670955,32.473947],[120.2651557,32.4756067],[120.2644007,32.4783326],[120.2598359,32.4892469],[120.2572258,32.4926667],[120.2540959,32.492927],[120.2532558,32.4933771],[120.2530659,32.4938669],[120.2539563,32.5030568],[120.2565363,32.5028669],[120.256806,32.5029472],[120.2569259,32.5038068],[120.2631261,32.504397],[120.261916,32.5075769],[120.2618662,32.5096271],[120.2596563,32.5093969],[120.2596862,32.5177568],[120.2595165,32.5183969],[120.2583162,32.5186769],[120.2608366,32.534487],[120.2617363,32.536967],[120.262767,32.542887],[120.2644868,32.5478169],[120.2650169,32.5511368],[120.2621167,32.5546671],[120.2610471,32.5571069],[120.2606471,32.5600571],[120.2596168,32.5609972],[120.2589466,32.561107],[120.2585071,32.562577],[120.257567,32.5641073],[120.2609367,32.5666371],[120.2576771,32.569557],[120.2550368,32.5725473],[120.2556171,32.576147],[120.2565772,32.5767272],[120.2568974,32.5773171],[120.255317,32.5802072],[120.2544272,32.5826272],[120.2546074,32.5847171],[120.2530173,32.587027],[120.2537473,32.5885273],[120.2531171,32.5902272],[120.2537874,32.5910872],[120.2540671,32.5933074],[120.2519275,32.5957273],[120.251317,32.598047],[120.2498774,32.5986973],[120.2491476,32.6007873],[120.2477573,32.6006172],[120.2482671,32.5971072],[120.2481173,32.5955373],[120.2458076,32.5959875],[120.2458875,32.5966771],[120.2443275,32.5970871],[120.2418673,32.5961773],[120.2386569,32.5959473],[120.2392174,32.5928274],[120.2379277,32.5926573],[120.2378375,32.5933973],[120.2371573,32.5932373],[120.2370274,32.5938373],[120.2350671,32.5930375],[120.2345374,32.5944074],[120.2321172,32.5929074],[120.232037,32.5912874],[120.2304974,32.5903874],[120.2250296,32.5902152],[120.2235772,32.5897374],[120.2226074,32.5884773],[120.221727,32.5865774],[120.2205573,32.5859075],[120.219767,32.5848073],[120.218477,32.5843476],[120.216007,32.5856476],[120.212787,32.5864775],[120.212827,32.5875276],[120.2122676,32.5885074],[120.210627,32.5902074],[120.2090773,32.5912876],[120.205887,32.5917577],[120.2023681,32.5930508],[120.2008223,32.5947243],[120.2017402,32.5960445],[120.2016451,32.5968063],[120.1988598,32.5980053],[120.1983765,32.5998103],[120.1976718,32.6007304],[120.197698,32.6023322],[120.1972423,32.6034277],[120.1987673,32.6035979],[120.1990476,32.6058179],[120.2000276,32.6057978],[120.2003177,32.6067479],[120.2037803,32.6054805],[120.2075077,32.6053678],[120.2080173,32.6083875],[120.2058176,32.6091276],[120.2057373,32.6103478],[120.2052775,32.6104279],[120.2050675,32.6096279],[120.2029877,32.6109479],[120.2038076,32.6167478],[120.2021076,32.6167777],[120.2023474,32.6191475],[120.2044975,32.6190378],[120.2047476,32.6192875],[120.2064281,32.6225578],[120.2069873,32.6249577],[120.2068977,32.6259876],[120.2082576,32.6294277],[120.2101278,32.6313476],[120.2128476,32.6307275],[120.2131275,32.6317076],[120.211748,32.6319476],[120.211928,32.6330177],[120.2133779,32.6327478],[120.214308,32.6372578],[120.2162581,32.6372775],[120.2172579,32.6445077],[120.2156183,32.6512978],[120.2183184,32.6510979],[120.2231081,32.6513577],[120.2238781,32.6559775],[120.2212979,32.6563676],[120.2225879,32.6596778],[120.220148,32.6597477],[120.2189185,32.6605476],[120.2194181,32.6650176],[120.2186286,32.6742076],[120.2209885,32.6757976],[120.2197885,32.6782577],[120.2225487,32.6784177],[120.226959,32.6794778],[120.2297182,32.6742376],[120.2302684,32.6742277],[120.2302983,32.6752175],[120.2291587,32.6762977],[120.2292285,32.6773777],[120.2309385,32.6775777],[120.2314486,32.6748376],[120.2329185,32.6756576],[120.2351386,32.6763376],[120.2351185,32.6751676],[120.2367188,32.6753374],[120.2369485,32.6741574],[120.2392786,32.6738176],[120.2390084,32.6762274],[120.2415484,32.6751475],[120.2404886,32.6732174],[120.2422182,32.6728974],[120.2428685,32.6748274],[120.2418285,32.6750974],[120.2420586,32.6766273],[120.2439683,32.6761874],[120.2435584,32.6776073],[120.2445988,32.6779372],[120.2441684,32.6788775],[120.2459986,32.6794974],[120.2456283,32.6820873],[120.2494185,32.6818775],[120.2521085,32.6822174],[120.2557383,32.6820875],[120.2613185,32.681877],[120.2639186,32.681427],[120.2735988,32.6818971],[120.2758785,32.683607],[120.2867988,32.689677],[120.3027692,32.7024272],[120.3051686,32.6999368],[120.3064089,32.7006867],[120.3051986,32.7020567],[120.3063685,32.7024868],[120.3060589,32.7028668],[120.307379,32.703647],[120.3063593,32.7046368],[120.308159,32.7058168],[120.3122192,32.7075267],[120.3141091,32.7059767],[120.3120046,32.7050061],[120.3127643,32.7032477],[120.3139959,32.7038714],[120.3150692,32.7027167],[120.3132391,32.7022768],[120.3136793,32.700977],[120.317225,32.7009839],[120.3215087,32.7025365],[120.322329,32.7021369],[120.322709,32.7006668],[120.323259,32.7006465],[120.3255292,32.7009267],[120.3253392,32.7023765],[120.3273491,32.7030464],[120.3264793,32.7073267],[120.3285589,32.7065568],[120.3333439,32.7075484],[120.336989,32.7077565],[120.3414591,32.7072265],[120.342159,32.7064368],[120.3435092,32.7061965],[120.3431789,32.7048767],[120.3462988,32.7044266],[120.3469691,32.7055764],[120.349169,32.7072065],[120.3549293,32.7089065],[120.3556992,32.7080265],[120.3660292,32.7072464],[120.3662194,32.7080263],[120.368129,32.7100762],[120.371289,32.7116963],[120.372737,32.7143406],[120.3751391,32.7135362],[120.3756693,32.7146663],[120.3783192,32.7137962],[120.3780991,32.7130161],[120.379629,32.7131063],[120.383209,32.7111762],[120.3866393,32.710786],[120.3867095,32.710216],[120.3889794,32.7095859],[120.3885394,32.7071761],[120.386329,32.707156],[120.3840588,32.693256],[120.3875689,32.6921061],[120.388379,32.689876],[120.3891287,32.6908058],[120.3924987,32.691026],[120.3925492,32.6894758],[120.3942389,32.689376],[120.3941792,32.6884861],[120.3952389,32.688746],[120.3952989,32.6898558],[120.3966788,32.6900059],[120.396779,32.6891659],[120.3974088,32.689336],[120.3974886,32.6903959],[120.3982589,32.690466],[120.3981589,32.689536],[120.4015991,32.690156],[120.4017092,32.6914859],[120.4026089,32.6915258],[120.4025788,32.6903458],[120.4041486,32.690716],[120.4053092,32.688506],[120.4055788,32.6871359],[120.4078388,32.6878359],[120.4097491,32.6854059],[120.4102989,32.6857258],[120.4123288,32.6831558],[120.4117291,32.6826258],[120.4096888,32.6819759],[120.4105491,32.6804158],[120.414139,32.6801757],[120.4197788,32.6779056],[120.4197587,32.6772157],[120.421339,32.6770859],[120.4260484,32.6775556],[120.4318584,32.6500354],[120.4360284,32.6457253],[120.4347285,32.6449354],[120.4366882,32.6425155],[120.439348,32.6437351],[120.4404084,32.6427752],[120.4413485,32.6433551],[120.4426482,32.6423053],[120.4433183,32.6411955],[120.4417082,32.6412052],[120.4395883,32.6402854],[120.4380983,32.6402854],[120.4384282,32.6394551],[120.4378682,32.6350053],[120.4378981,32.6321554],[120.4414982,32.6320754],[120.4414581,32.6326352],[120.4427582,32.6326454],[120.4427881,32.6320454],[120.4456983,32.6319653],[120.4459981,32.6332753],[120.447588,32.6332354],[120.4530381,32.6320752],[120.4531784,32.6341754],[120.4580681,32.6339151],[120.4601278,32.6301551],[120.4622482,32.6329751],[120.4625682,32.6328549],[120.4630179,32.6334852],[120.4648884,32.632705],[120.468148,32.6301552],[120.4703081,32.6293252],[120.4712782,32.6339052],[120.4731581,32.6331351],[120.4735479,32.634955],[120.4743182,32.634995],[120.475428,32.6343851],[120.4754381,32.6339651],[120.4787083,32.6338248],[120.4805179,32.6333049],[120.4813781,32.630915],[120.4844985,32.6300849],[120.4837382,32.6282049],[120.4876881,32.6273946],[120.4878983,32.6262649],[120.4882578,32.6258847],[120.4930482,32.6251248],[120.4919283,32.6396751],[120.4913584,32.6423548],[120.4932585,32.6429047],[120.4964781,32.6431248],[120.5018085,32.6441346],[120.5028284,32.6440349],[120.5027285,32.6418249],[120.5039983,32.641175],[120.5059583,32.6411947],[120.5058584,32.6384448],[120.5094484,32.6384149],[120.5094086,32.6390747],[120.5112486,32.6379546],[120.5168785,32.6367345],[120.5169084,32.6375646],[120.5184183,32.6363648],[120.5185581,32.6371246],[120.5191084,32.6370148],[120.5206382,32.6357647],[120.5206185,32.6373944],[120.5231782,32.6373647],[120.5234886,32.6370345],[120.5261287,32.6379346],[120.5266887,32.6372745],[120.5271284,32.6375745],[120.5278384,32.6368844],[120.5276484,32.6366445],[120.5285585,32.6359346],[120.5288085,32.6361546],[120.5294082,32.6355245],[120.5314687,32.6370511],[120.5317743,32.636676],[120.5326784,32.6374946],[120.5342882,32.6358845],[120.5368886,32.6341343],[120.5371082,32.6336142],[120.5434685,32.6371141],[120.544348,32.6380142],[120.5457482,32.6381843],[120.546278,32.6369642],[120.5472383,32.6373242],[120.5473384,32.6369044],[120.5546828,32.6395821],[120.5553587,32.6377441],[120.5590784,32.6384841],[120.5623782,32.639724],[120.5632186,32.6387679],[120.5666887,32.6400839],[120.5667386,32.638824],[120.5681582,32.638834],[120.5685085,32.6377739],[120.5761782,32.6378938],[120.5761186,32.6396739],[120.5807388,32.639664],[120.5807286,32.6403541],[120.583949,32.641454],[120.5839085,32.6428439],[120.5847186,32.6430339],[120.5869186,32.6444641],[120.5872986,32.6457438],[120.5880883,32.645854],[120.5880486,32.6475937],[120.5960385,32.6521438],[120.5930279,32.653885],[120.5976678,32.6544785],[120.5975903,32.651659],[120.596972,32.6515898],[120.5987584,32.6504136],[120.6003285,32.6476537],[120.6025983,32.6454037],[120.604029,32.6444638],[120.6054784,32.6424438],[120.6067155,32.6423064],[120.6067197,32.6426799],[120.6090606,32.6426866],[120.6093855,32.6419551],[120.6087759,32.6419006],[120.6087735,32.6416359],[120.609121,32.6416056],[120.6091535,32.6411114],[120.6109084,32.6391135],[120.6099148,32.6388793],[120.6097262,32.6395776],[120.6092767,32.6394797],[120.6093513,32.6392358],[120.6081658,32.6390554],[120.6074083,32.6377334],[120.6061788,32.6378435],[120.6054086,32.6373137],[120.6054986,32.6367436],[120.6074286,32.6358635],[120.609238,32.6333235],[120.6106186,32.6323635],[120.6116383,32.6329236],[120.6122785,32.6313535],[120.6145788,32.6312536],[120.6162184,32.6299536],[120.6162982,32.6272237],[120.6152783,32.6263236],[120.6149287,32.6254236],[120.6150381,32.6247236],[120.615838,32.6235636],[120.615718,32.6220036],[120.6140484,32.6205235],[120.6131984,32.6179335],[120.611798,32.6173238],[120.6122778,32.6155834],[120.610078,32.6118938],[120.6090484,32.6088138],[120.6089585,32.6078536],[120.609718,32.6056435],[120.610238,32.6056036],[120.610158,32.6067336],[120.6117485,32.6071037],[120.6116777,32.6105636],[120.6151292,32.6112634],[120.6161414,32.609283],[120.6134773,32.6091911],[120.6135079,32.6045535],[120.6164979,32.6058634],[120.6166878,32.6100235],[120.6186181,32.6109634],[120.618488,32.6129737],[120.6201481,32.6130934],[120.6200783,32.6168334],[120.622828,32.6168536],[120.623138,32.6176435],[120.6241978,32.6175135],[120.6247681,32.6187134],[120.6246184,32.6197435],[120.6256285,32.6202034],[120.6269479,32.6202035],[120.6269085,32.6185334],[120.627778,32.6184733],[120.6274685,32.6175533],[120.6266583,32.6175135],[120.6269582,32.6137434],[120.6281983,32.6140034],[120.6285884,32.6153434],[120.6289886,32.6153835],[120.6304383,32.6150333],[120.6340184,32.6149535],[120.633948,32.6135532],[120.6357681,32.6136234],[120.6360983,32.6154734],[120.6383086,32.6160435],[120.6363282,32.6178731],[120.6373983,32.6171034],[120.6396728,32.6179385],[120.6420279,32.6148532],[120.6421283,32.6139932],[120.6446486,32.6115332],[120.6456882,32.610943],[120.6484884,32.6110332],[120.6489982,32.6081431],[120.6497082,32.6083333],[120.649838,32.607663],[120.6503583,32.6077131],[120.651098,32.6043732],[120.6495983,32.6034533],[120.6501678,32.5996133],[120.650728,32.599763],[120.650968,32.5990433],[120.652138,32.5991632],[120.6522681,32.5982629],[120.652778,32.5983132],[120.6530879,32.5961232],[120.6484876,32.5945933],[120.647758,32.5957732],[120.6461881,32.5951331],[120.6462778,32.5960233],[120.6457582,32.5960434],[120.6443379,32.5922429],[120.6430376,32.5926831],[120.6422079,32.5909632],[120.6423578,32.5898633],[120.6441879,32.590263],[120.6441979,32.5893931],[120.644828,32.588953],[120.6449878,32.5872332],[120.6482982,32.5865634],[120.6481076,32.5840729],[120.6473777,32.5841032],[120.6476975,32.5763631],[120.6584676,32.5756029],[120.6583575,32.577433],[120.6615975,32.5807731],[120.6655484,32.587463],[120.6660282,32.5891631],[120.6659381,32.5923428],[120.6673779,32.5926529],[120.6683681,32.5920031],[120.6689181,32.5925428],[120.6697282,32.592673],[120.6694479,32.593253],[120.6697075,32.5934329],[120.670858,32.592883],[120.6708478,32.5940732],[120.6723878,32.5940128],[120.672558,32.5952128],[120.6757178,32.5965629],[120.6790879,32.5995631],[120.6810983,32.5999528],[120.681658,32.600513],[120.6835378,32.6012427],[120.6837484,32.6008226],[120.6860483,32.6018526],[120.6886584,32.6024029],[120.6899683,32.6032027],[120.6901784,32.6036729],[120.6927678,32.6035126],[120.692788,32.6037826],[120.6936183,32.6037329],[120.6940684,32.6045229],[120.6947981,32.6045627],[120.694798,32.6055328],[120.7027432,32.6058737],[120.7056083,32.6057625],[120.705358,32.6032025],[120.7091082,32.6033527],[120.7089379,32.6024627],[120.7131579,32.6025226],[120.713168,32.6030324],[120.7159383,32.6029525],[120.716078,32.6006826],[120.716408,32.6006925],[120.7164285,32.6001726],[120.7160481,32.5964624],[120.7159378,32.5959825],[120.7150685,32.5959226],[120.7148077,32.5932727],[120.715338,32.5936528],[120.7176076,32.5937525],[120.7176581,32.5929227],[120.7193476,32.5927627],[120.7193784,32.5938722],[120.725338,32.5941325],[120.725708,32.5872126],[120.7276177,32.5873123],[120.7275979,32.5876923],[120.729038,32.5889124],[120.7294277,32.5871723],[120.7310683,32.5872725],[120.7308782,32.5885925],[120.7327279,32.5892023],[120.7328579,32.5885125],[120.734608,32.5890022],[120.7347078,32.5877623],[120.7353478,32.5877823],[120.7351879,32.5899322],[120.7357974,32.5900762],[120.7353683,32.5969423],[120.7350779,32.5969322],[120.7352179,32.6004324],[120.7369982,32.6004222],[120.7381582,32.6007823],[120.7380382,32.6030125],[120.7385783,32.6030725],[120.7391083,32.6037521],[120.7502184,32.6042823],[120.7502581,32.603722],[120.7527181,32.603942],[120.7552182,32.603492],[120.7562184,32.6043821],[120.7572282,32.6040219],[120.7569286,32.6046619],[120.7573678,32.6054421],[120.7576981,32.6045921],[120.7600683,32.6047022],[120.7597783,32.6055923],[120.7583683,32.6053822],[120.7582984,32.6058421],[120.762088,32.6066318],[120.7635323,32.6077548],[120.7678684,32.6064422],[120.770998,32.606712],[120.7715286,32.6052722],[120.7731885,32.603752],[120.7775085,32.604042],[120.7775283,32.6036119],[120.7793384,32.6037019],[120.7795682,32.6020317],[120.7818582,32.601782],[120.7818286,32.6027617],[120.7832081,32.6030119],[120.7829982,32.6038719],[120.7886884,32.6040616],[120.7890378,32.5994619],[120.7876677,32.5832918],[120.7871579,32.5830717],[120.7868978,32.5806817],[120.788998,32.5811015],[120.7890578,32.5806115],[120.790018,32.5807818],[120.7898781,32.5811317],[120.7903883,32.5811917],[120.790368,32.5822418],[120.7910683,32.5822717],[120.7909878,32.5828318],[120.7921579,32.5830217],[120.7924078,32.5827316],[120.7923381,32.5836817],[120.7927979,32.5837317],[120.7931179,32.5819817],[120.7940382,32.5823616],[120.7940078,32.5832617],[120.7944283,32.5832717],[120.7945679,32.5825416],[120.7951677,32.5817916],[120.795688,32.5819917],[120.7952577,32.5828117],[120.7968376,32.5836517],[120.796768,32.5838517],[120.798208,32.5839917],[120.803068,32.5859018],[120.8068081,32.5899516],[120.8102483,32.5919616],[120.8127581,32.5942716],[120.8263882,32.5991811],[120.8347683,32.6011513],[120.8364783,32.6019812],[120.8356885,32.6030411],[120.8318684,32.6041612],[120.8334883,32.6085814],[120.8395789,32.6082312],[120.8424185,32.6067812],[120.8469083,32.6060411],[120.8482285,32.6061014],[120.8536085,32.6071612],[120.8607983,32.6095909],[120.8613085,32.609531],[120.8662084,32.6116212],[120.8660584,32.6118612],[120.8650186,32.611891],[120.8642887,32.6132613],[120.8614885,32.6125311],[120.8583985,32.6122112],[120.8530885,32.614261],[120.8526085,32.6140612],[120.8480584,32.6088309],[120.8468586,32.6089713],[120.8465687,32.6204414],[120.8591583,32.6207612],[120.8587971,32.6324717],[120.8791189,32.6329211],[120.8791171,32.6335114],[120.8915987,32.6338707],[120.89254891051071,32.63424195491495],[120.989941,32.567041],[121.293359,32.457324],[121.341699,32.425049],[121.400977,32.371924],[121.403906,32.20625],[121.450781,32.15332],[121.490527,32.121094],[121.674219,32.051025],[121.751074,31.992871],[121.832422,31.899756],[121.856348,31.816455],[121.866309,31.703564],[121.763574,31.699512],[121.680859,31.712158],[121.351953,31.858789],[121.33544760594154,31.85954262162545],[121.3280295,31.8629795],[121.3055416,31.8714353],[121.2904354,31.8720185],[121.2811657,31.8702691],[121.25521732734232,31.86080608524536],[121.145801,31.842334],[120.973535,31.869385],[120.791699,32.031738],[120.660547,32.081055],[120.520117,32.105859],[120.50051586631821,32.09771038580224],[120.4924507,32.1005338]]],[[[120.5938078,32.0027025],[120.5607149,32.0092524],[120.5602747399641,32.00939556057289],[120.6107824600933,32.001049119285184],[120.5938078,32.0027025]]]]}},{"type":"Feature","properties":{"city_name":"宿迁市","region":"苏北","osm_type":"relation","osm_id":3293941,"display_name":"宿迁市, 江苏省, 中国"},"geometry":{"type":"Polygon","coordinates":[[[117.9350138,33.2324328],[117.9350996,33.2343891],[117.9355073,33.2355916],[117.9382163,33.2390689],[117.9415744,33.2450854],[117.9430282,33.25129],[117.9431623,33.2553363],[117.94267621048049,33.25659796670444],[117.95161177546328,33.27431931701412],[117.95277,33.2749017],[117.9640728,33.2790546],[117.9661596,33.2802834],[117.9671842,33.2816983],[117.9685038,33.2865034],[117.9680291,33.287055],[117.9698315,33.2884182],[117.9693568,33.2889473],[117.9724064,33.2916199],[117.9735759,33.2916916],[117.9730663,33.2939201],[117.9743095,33.2939908],[117.9739889,33.2952989],[117.9745093,33.2953527],[117.974335,33.2963571],[117.9770628,33.296541],[117.9772291,33.2978502],[117.9780203,33.2977919],[117.9785675,33.2989117],[117.9771459,33.2990877],[117.978597,33.3013183],[117.9781598,33.3013497],[117.9783314,33.3031117],[117.9775938,33.303161],[117.9775509,33.3042909],[117.9769434,33.3058925],[117.9764003,33.3058645],[117.9765692,33.3084939],[117.9790878,33.3079492],[117.979584,33.3131362],[117.978943,33.3136584],[117.9792541,33.313766],[117.9788706,33.3142255],[117.97934,33.3143869],[117.9796913,33.3140664],[117.9798402,33.3153014],[117.978884,33.3153328],[117.9788947,33.3157519],[117.9799515,33.3157295],[117.9800159,33.3160321],[117.9793534,33.3158662],[117.9792219,33.3167157],[117.9800829,33.3193045],[117.9801366,33.3210325],[117.9819337,33.3208106],[117.9823364,33.3235841],[117.9833847,33.3234912],[117.9835725,33.3251676],[117.9838997,33.3251362],[117.9843584,33.3293741],[117.9841116,33.3293898],[117.9859221,33.335297],[117.9837656,33.3361149],[117.9835296,33.3357766],[117.98278408002335,33.336141409980044],[117.98927528508908,33.349015013285836],[117.9906964,33.3486921],[117.9922441,33.3494741],[117.992413,33.3501485],[117.995334,33.3512956],[117.9954547,33.3510559],[117.9960233,33.351253],[117.9965839,33.3501462],[117.9971901,33.3504151],[117.9966697,33.3514211],[117.9974315,33.3517258],[117.9979464,33.3507668],[117.9992124,33.3513068],[117.9985794,33.3523531],[117.9990783,33.3526197],[117.9996496,33.3515017],[118.0010176,33.3520887],[118.0007815,33.3526085],[118.0012107,33.3527385],[118.0008171,33.3534567],[118.0023193,33.3542728],[118.0029783,33.3530544],[118.0035308,33.3532986],[118.0030185,33.354831],[118.0035207,33.3552517],[118.0048209,33.3557944],[118.0052555,33.3544143],[118.0058455,33.3545442],[118.0053627,33.3560588],[118.008045,33.356695],[118.0077875,33.3571386],[118.0125403,33.361944],[118.012138,33.362755],[118.0133914,33.3630012],[118.0134657,33.3633822],[118.0128139,33.3633217],[118.0131358,33.3640296],[118.0136079,33.363949],[118.0137554,33.3643455],[118.0134061,33.3644574],[118.0139512,33.3656067],[118.0142784,33.3654566],[118.0145413,33.3658934],[118.0140182,33.3660861],[118.0142918,33.3665386],[118.0147773,33.3663616],[118.0156141,33.367737],[118.0176982,33.3676362],[118.0176687,33.3681917],[118.0169874,33.3682141],[118.0170143,33.3687361],[118.017658,33.3687204],[118.0177411,33.3700241],[118.0182266,33.3699927],[118.0187592,33.3707279],[118.0193156,33.3722237],[118.0204689,33.3721431],[118.0214614,33.3741142],[118.0217296,33.3739978],[118.0212495,33.373272],[118.0215472,33.373104],[118.0217269,33.3733303],[118.0238539,33.3727793],[118.0240027,33.3739283],[118.022207,33.3742038],[118.0223519,33.3744816],[118.0249077,33.3744317],[118.0245513,33.3752835],[118.0236447,33.3753014],[118.0236938,33.376693],[118.0219549,33.3768133],[118.0205548,33.3759061],[118.0207442,33.3797906],[118.0199218,33.3802424],[118.0210215,33.383911],[118.0211449,33.3876467],[118.0222177,33.3876825],[118.0222124,33.3883992],[118.0226952,33.3884081],[118.0227186,33.3903157],[118.0231145,33.3906834],[118.0233496,33.3926452],[118.0226415,33.3930259],[118.0226684,33.3933574],[118.0216008,33.3932902],[118.0216968,33.3925791],[118.0207747,33.392587],[118.0206996,33.3945532],[118.0201632,33.3957356],[118.0190742,33.3964477],[118.01414318116416,33.398333964987266],[118.01494670921427,33.39992755219604],[118.0153931,33.4006577],[118.0153385482866,33.40070466225896],[118.06063869291206,33.490545621787874],[118.1023449,33.4764159],[118.1018017,33.4965839],[118.1010664,33.5052464],[118.1034504,33.5160621],[118.1036792,33.519784],[118.1026229,33.5198039],[118.1022194,33.5214848],[118.0989248,33.5215857],[118.0989584,33.5237373],[118.094319,33.5243424],[118.0944871,33.5278724],[118.0931087,33.528175],[118.0933776,33.5306965],[118.0959327,33.5305956],[118.1026565,33.5313016],[118.1026901,33.5327136],[118.1042138,33.5328572],[118.104393,33.5392127],[118.1110171,33.5892963],[118.11134027864954,33.59109892354781],[118.121504,33.611256],[118.13827110086022,33.635951977001056],[118.1427823,33.6346893],[118.143298,33.6365871],[118.1394275,33.63759],[118.13946706728969,33.637713495565436],[118.14024505221654,33.63885937630063],[118.1412864,33.6383602],[118.1423646,33.6413926],[118.14207831108891,33.64155955203919],[118.15174249782643,33.65579376792383],[118.1539947,33.6577589],[118.1545633,33.6573392],[118.1552124,33.6578884],[118.1584096,33.6572588],[118.1595844,33.658326],[118.1575888,33.6593038],[118.1571758,33.6587725],[118.1561404,33.6587189],[118.1554983,33.6590822],[118.1625952,33.6653448],[118.1618708,33.6662017],[118.1617539,33.668782],[118.16133275538608,33.66991909478276],[118.176746,33.692621],[118.16176014950751,33.71334118595753],[118.1631792,33.716031],[118.15887560422101,33.71732950245443],[118.15277764150787,33.725760850507854],[118.1552741,33.7302557],[118.1560868,33.7310007],[118.1566447,33.7321316],[118.1602523,33.7340076],[118.1692162,33.7315249],[118.1698304,33.7329793],[118.1718636,33.732493],[118.17229,33.7336998],[118.174932,33.7330797],[118.1766969,33.73734],[118.1789231,33.7398203],[118.1808543,33.743264],[118.179311,33.7439524],[118.1801053,33.7446877],[118.1804892,33.7460352],[118.1690482,33.7494721],[118.1622795,33.7509211],[118.1631131,33.7528168],[118.1625583,33.7531114],[118.1609836,33.7569698],[118.1633888,33.7577241],[118.1626478,33.7600612],[118.1632521,33.7602036],[118.1639883,33.7579069],[118.1642456,33.7580049],[118.1649265,33.7586167],[118.1646949,33.7605193],[118.1692581,33.7612815],[118.168798,33.7629248],[118.1707264,33.7633087],[118.1716539,33.7617511],[118.1718983,33.7618112],[118.1727011,33.7623719],[118.1718302,33.7637628],[118.1740734,33.7643962],[118.1740333,33.764673],[118.1735891,33.7656383],[118.1724203,33.7655533],[118.1693081,33.7698413],[118.1692239,33.770485],[118.1674738,33.7707453],[118.1671785,33.7747417],[118.1682084,33.7747313],[118.1681982,33.7751924],[118.1691895,33.7752577],[118.1690481,33.7773414],[118.1688185,33.7773715],[118.1689882,33.7807415],[118.1688091,33.7812805],[118.1658158,33.7815605],[118.1653916,33.7820336],[118.1644775,33.7820148],[118.1644156,33.7845273],[118.1648339,33.7882868],[118.1617698,33.7890839],[118.1618138,33.790011],[118.1603562,33.79002],[118.1603286,33.7907514],[118.1591187,33.7906816],[118.1589283,33.7922117],[118.1499481,33.7922919],[118.1498144,33.7929802],[118.1516641,33.793136],[118.1512485,33.7957714],[118.152559,33.7958916],[118.1526192,33.7967802],[118.1546689,33.7968914],[118.1548843,33.798202],[118.1562855,33.7982494],[118.1575161,33.8071481],[118.1594761,33.8074137],[118.1595961,33.8094951],[118.1615118,33.809558],[118.1614686,33.8125064],[118.1608347,33.8125124],[118.1608317,33.8133308],[118.1592734,33.8132428],[118.1592646,33.8151342],[118.1600251,33.8151819],[118.1600385,33.8144852],[118.1595534,33.8145177],[118.1595931,33.81431],[118.1609338,33.8141576],[118.160903,33.8152538],[118.161521,33.8152848],[118.161402,33.8171583],[118.1622904,33.8171824],[118.1621289,33.8188041],[118.1630291,33.8188137],[118.1629167,33.8206637],[118.1636747,33.8206547],[118.1635541,33.8219208],[118.1687791,33.8207014],[118.1767172,33.8181909],[118.176689,33.8184816],[118.1771291,33.8184816],[118.1771391,33.8194013],[118.1780791,33.8194014],[118.1783594,33.8206114],[118.178789,33.8206413],[118.1789792,33.8214012],[118.1803794,33.8212816],[118.1818093,33.8277014],[118.1807791,33.8278115],[118.1811692,33.8293912],[118.1804396,33.8295216],[118.1808685,33.8322011],[118.1799646,33.8323337],[118.1803752,33.8347911],[118.1809242,33.8348127],[118.1810238,33.8356581],[118.1788737,33.8360209],[118.1792172,33.8383278],[118.17895,33.8385831],[118.1790412,33.8431205],[118.1810692,33.843086],[118.181098,33.8478093],[118.1791393,33.8474917],[118.1789341,33.8496968],[118.1786377,33.8496772],[118.1785727,33.8500193],[118.1768912,33.8499264],[118.1766597,33.8513614],[118.1761475,33.851162],[118.1762509,33.8495859],[118.1758505,33.849554],[118.1758796,33.8481617],[118.1744277,33.8481552],[118.1743938,33.8476849],[118.173239,33.8476015],[118.1733084,33.8462593],[118.1726521,33.8462233],[118.1725936,33.8471084],[118.1713308,33.8471868],[118.1709777,33.8474772],[118.1706628,33.8489161],[118.1697618,33.8487615],[118.1695411,33.8498158],[118.1687191,33.8496889],[118.1683977,33.8514659],[118.1696932,33.8516321],[118.1690019,33.8556907],[118.1682474,33.8556367],[118.1679076,33.8566523],[118.1649597,33.8681418],[118.1651698,33.8685216],[118.1670635,33.8690062],[118.1654283,33.8711873],[118.1631895,33.8814117],[118.1624699,33.8831217],[118.16145,33.8844717],[118.1604399,33.8852317],[118.1559201,33.8873818],[118.1511604,33.8905518],[118.1458002,33.898202],[118.1432602,33.9033919],[118.1408505,33.9102223],[118.1381802,33.9197722],[118.1409902,33.9199022],[118.1406606,33.9223321],[118.1395106,33.9255422],[118.1371104,33.9262824],[118.1355508,33.9360221],[118.1288012,33.9454623],[118.1266407,33.9494623],[118.1225907,33.9541023],[118.1190307,33.9570826],[118.118711,33.9565524],[118.1154512,33.9565925],[118.1153806,33.9558624],[118.111931,33.9559024],[118.1119607,33.9543526],[118.1111811,33.9543326],[118.1111505,33.9539024],[118.1106506,33.9537424],[118.1102809,33.9460827],[118.1097407,33.9461226],[118.1095307,33.9443223],[118.1101607,33.9442526],[118.109471,33.9369427],[118.1110106,33.9367926],[118.110931,33.9363123],[118.1054004,33.9365926],[118.1052604,33.9355223],[118.1040707,33.9355126],[118.1038806,33.9340626],[118.1021408,33.9341824],[118.1020707,33.9332326],[118.1003505,33.9333425],[118.1005708,33.9352526],[118.0974107,33.9358026],[118.0972708,33.9369826],[118.0960608,33.9394426],[118.0960405,33.9408927],[118.0915209,33.9409628],[118.0914506,33.9415226],[118.0889808,33.9414727],[118.0863908,33.9409929],[118.0858711,33.9435927],[118.0812108,33.9429327],[118.0750007,33.9429526],[118.0760309,33.951163],[118.0791808,33.9511031],[118.079881,33.9617146],[118.0796709,33.965363],[118.078001,33.9652427],[118.0777809,33.9680131],[118.0693209,33.968433],[118.0689107,33.9665031],[118.0677911,33.9651228],[118.0652512,33.966323],[118.0657212,33.9700831],[118.059001,33.9701931],[118.0590013,33.971043],[118.0578511,33.9711131],[118.0578814,33.9731233],[118.0505112,33.9734633],[118.0504409,33.9719233],[118.0458308,33.9719334],[118.046101,33.9785036],[118.0446311,33.9786733],[118.0445309,33.9777434],[118.0435808,33.9775733],[118.0425712,33.9775833],[118.0419016,33.9781134],[118.0429512,33.9806334],[118.0430614,33.9849735],[118.034502,33.9856519],[118.0269008,33.9855237],[118.0269212,33.9891236],[118.0249013,33.9912736],[118.0228713,33.9949636],[118.0224414,33.9965636],[118.0224314,33.9996936],[118.0239613,33.9999736],[118.0247316,34.0004935],[118.0265518,34.0031238],[118.0261616,34.0033035],[118.0272818,34.0053434],[118.02646,34.0081823],[118.0243915,34.0093235],[118.0262919,34.0133236],[118.0283919,34.0117737],[118.0295115,34.0104936],[118.0305618,34.0129934],[118.0300216,34.0144935],[118.0311915,34.0170536],[118.0319516,34.0168834],[118.0324317,34.0163034],[118.0336716,34.0161735],[118.0338821,34.0156637],[118.0359419,34.0144435],[118.0401617,34.0141435],[118.0402417,34.0149433],[118.0435019,34.0150135],[118.0434118,34.0143633],[118.0427215,34.0137235],[118.0428218,34.0130534],[118.0455618,34.0099333],[118.0468518,34.0104034],[118.0462518,34.0108834],[118.0469814,34.0113835],[118.0481616,34.0105636],[118.0496018,34.0118232],[118.0502317,34.0118735],[118.0512419,34.0134533],[118.051612,34.0131934],[118.0534319,34.0142135],[118.0536217,34.0140132],[118.0545017,34.0143433],[118.0615717,34.0173233],[118.0598037,34.0218035],[118.0585937,34.0229932],[118.0572639,34.0223834],[118.0570538,34.0238434],[118.0567239,34.0238134],[118.0549238,34.0338634],[118.0556939,34.0340234],[118.0558542,34.0335832],[118.0604638,34.0346832],[118.059574,34.0387433],[118.0587779,34.0386959],[118.0585737,34.0390533],[118.0576143,34.0393534],[118.0565739,34.0390235],[118.0569114,34.0418451],[118.0547242,34.0421035],[118.0525141,34.0465335],[118.0513941,34.0496936],[118.0523243,34.0502035],[118.0515443,34.0524433],[118.0529143,34.0539235],[118.0572745,34.0520632],[118.0569544,34.0570835],[118.0560844,34.0595535],[118.0593842,34.0601235],[118.0576548,34.0646533],[118.0580146,34.0647235],[118.0581944,34.0642733],[118.0597245,34.0644534],[118.0594446,34.0670435],[118.0562346,34.0666636],[118.0553546,34.0690436],[118.0581043,34.0695136],[118.0575847,34.0719734],[118.0544448,34.0713036],[118.0508548,34.0805534],[118.0497047,34.0803736],[118.0478348,34.0860137],[118.0467344,34.0857935],[118.0461046,34.0869735],[118.0446747,34.0882136],[118.0445046,34.0900538],[118.0418478,34.0954781],[118.0327049,34.0936239],[118.018055,34.0888339],[118.0086745,34.086304],[118.0035949,34.0861043],[118.0035347,34.088414],[118.001275,34.0907441],[118.0003346,34.0926841],[118.000015,34.0980342],[118.002765,34.098294],[118.002635,34.0995842],[117.9990935,34.100267],[117.9988352,34.1036943],[117.9993049,34.1038642],[117.9987252,34.1047344],[117.9974048,34.1056444],[117.9954748,34.1055942],[117.995385,34.1069344],[117.9951251,34.1070944],[117.9890152,34.1068145],[117.9889449,34.1094946],[117.989325,34.1095143],[117.9891254,34.1166744],[117.9915651,34.1165743],[117.9915955,34.1182643],[117.990315,34.1183845],[117.9906851,34.1211444],[117.9893453,34.1211644],[117.9905655,34.1288146],[117.9909554,34.1304044],[117.9927355,34.1302844],[117.9931853,34.1328444],[117.9939755,34.1327444],[117.9943756,34.1336845],[117.9944957,34.1385245],[118.0111656,34.1380941],[118.0113752,34.1411642],[118.0108657,34.1438241],[118.0129857,34.1444042],[118.0166649,34.1448226],[118.0167184,34.1439156],[118.0197453,34.1438141],[118.0205357,34.144214],[118.0206356,34.1467542],[118.0222659,34.1473841],[118.024826,34.1477741],[118.0249955,34.1471342],[118.0254058,34.1471841],[118.0255155,34.146104],[118.0270358,34.1457941],[118.0270857,34.146424],[118.0274055,34.1466441],[118.0273354,34.1476439],[118.0296557,34.147694],[118.0297258,34.1467341],[118.0292057,34.1460142],[118.0300957,34.1459442],[118.0300656,34.1455239],[118.0308559,34.1452338],[118.0310956,34.146574],[118.0313857,34.1465439],[118.0311255,34.145164],[118.0327755,34.1435141],[118.0364055,34.143264],[118.0366155,34.144134],[118.0370956,34.1442437],[118.0371857,34.1449041],[118.0393459,34.1445538],[118.0397056,34.1495339],[118.0438155,34.1503738],[118.0466459,34.1499737],[118.0484854,34.1489639],[118.0530856,34.1487138],[118.0531655,34.1512937],[118.0537257,34.1516337],[118.0533659,34.1521138],[118.057216,34.1545636],[118.0555159,34.1562336],[118.055546,34.1566737],[118.0548858,34.1569239],[118.0551668,34.160202],[118.0561987,34.1618215],[118.0592322,34.1639798],[118.0590686,34.1644548],[118.0595595,34.1647788],[118.0603802,34.16469],[118.0623221,34.1667984],[118.0636632,34.1707131],[118.0632234,34.1714143],[118.0638885,34.1726659],[118.0633092,34.1734737],[118.0654228,34.1748717],[118.0675161,34.1717936],[118.0693363,34.1701535],[118.070726,34.1696536],[118.0747661,34.1692536],[118.0764962,34.1682935],[118.077286,34.1671434],[118.0795562,34.1614933],[118.0816559,34.1576633],[118.0835557,34.1553132],[118.088516,34.1530735],[118.0917558,34.1508334],[118.0925362,34.1494732],[118.0925759,34.1487033],[118.091276,34.1457933],[118.0915458,34.1443131],[118.0925059,34.1432731],[118.0957157,34.1413732],[118.0970554,34.1412933],[118.1016756,34.1427831],[118.1129058,34.144923],[118.1158357,34.1449431],[118.1175457,34.1444232],[118.1225556,34.141943],[118.1410757,34.1366328],[118.145586,34.1379725],[118.1463759,34.1391328],[118.1473756,34.1419329],[118.149276,34.1505626],[118.149046,34.1511426],[118.1442357,34.1547526],[118.1438758,34.1554528],[118.1432662,34.1601528],[118.1513059,34.1595924],[118.1544962,34.1598426],[118.1706652,34.1592199],[118.1729662,34.1598325],[118.1768762,34.1625226],[118.1796664,34.1653126],[118.1833067,34.1634224],[118.1837759,34.1638923],[118.1855464,34.1639824],[118.1859165,34.1630824],[118.1868063,34.1624722],[118.1879061,34.1630125],[118.1904662,34.1631621],[118.1938664,34.1639623],[118.194266,34.1634124],[118.1968762,34.1648622],[118.2013163,34.1618822],[118.2034863,34.1592521],[118.2058064,34.1588021],[118.2083161,34.1548819],[118.2095663,34.1536321],[118.2165159,34.1496721],[118.2180561,34.1481221],[118.223136,34.1423218],[118.2261561,34.1352416],[118.2273958,34.1331217],[118.2322756,34.1266618],[118.2436564,34.1259915],[118.2512757,34.1249217],[118.2542857,34.1236215],[118.2657657,34.1198415],[118.2867994,34.1138019],[118.3137213,34.1162552],[118.337276,34.1172805],[118.3390661,34.1174906],[118.3466157,34.1196406],[118.3490458,34.1199604],[118.3774559,34.1184801],[118.4054157,34.1127598],[118.4101259,34.1121901],[118.4144961,34.1110997],[118.4217459,34.1101897],[118.423286,34.1096797],[118.427446,34.1067396],[118.4290262,34.1062296],[118.433546,34.1060698],[118.4410362,34.1068794],[118.444146,34.1077695],[118.4463861,34.1076495],[118.4559459,34.1047993],[118.4581321,34.1029256],[118.464646,34.0983793],[118.4662161,34.0980494],[118.4685057,34.098199],[118.4768259,34.1011289],[118.4831061,34.1071293],[118.484616,34.1080592],[118.4940058,34.1104591],[118.4986666,34.1132587],[118.5039761,34.114779],[118.5086864,34.1172289],[118.5097364,34.1181687],[118.5100163,34.1191889],[118.5050962,34.119999],[118.5015666,34.120819],[118.5008864,34.1212989],[118.5005764,34.1321491],[118.4991166,34.133089],[118.5001569,34.134979],[118.5038369,34.1481992],[118.5037966,34.149759],[118.4984464,34.149449],[118.4984771,34.1497189],[118.4977468,34.1496988],[118.4976969,34.1531291],[118.4984667,34.1531089],[118.4991367,34.1597888],[118.5009671,34.1596289],[118.5011669,34.1603191],[118.5017773,34.1604891],[118.5024673,34.1656791],[118.5047072,34.1654093],[118.5049874,34.167259],[118.5072272,34.1670192],[118.5094872,34.1672291],[118.5099044,34.1689694],[118.5121773,34.168649],[118.5122872,34.168389],[118.5135775,34.1689088],[118.5138469,34.170559],[118.5158773,34.170439],[118.5159375,34.1716991],[118.5210472,34.1714287],[118.5210172,34.1710189],[118.531967,34.1695989],[118.5322969,34.1714188],[118.5343968,34.1710987],[118.5338474,34.1687887],[118.5345672,34.1686989],[118.534617,34.1684387],[118.535837,34.1683487],[118.5362871,34.1704089],[118.5371372,34.1702489],[118.5368373,34.1682986],[118.5388672,34.1681487],[118.5395273,34.1676686],[118.5413577,34.1674685],[118.5410871,34.1645784],[118.5432272,34.1642986],[118.543807,34.1677686],[118.5486473,34.1674686],[118.5489371,34.1710086],[118.5519574,34.1710485],[118.551967,34.1726787],[118.5530272,34.1738883],[118.5544675,34.1733685],[118.5554884,34.1857996],[118.5540378,34.1865087],[118.5540378,34.1869585],[118.5561978,34.1981987],[118.5584594,34.2012783],[118.5608381,34.2078985],[118.5602279,34.2095685],[118.5632179,34.2181086],[118.5651784,34.2199983],[118.5665179,34.2237384],[118.5666181,34.2241687],[118.5660482,34.2249486],[118.5659885,34.2257964],[118.5683781,34.2336285],[118.5696886,34.2337584],[118.5694684,34.2356986],[118.5606982,34.2365686],[118.5607583,34.2377087],[118.5581282,34.2380085],[118.5578583,34.2384487],[118.5573784,34.2385388],[118.5577985,34.2406985],[118.5574785,34.2409186],[118.5583084,34.2435585],[118.5572984,34.2448886],[118.5575084,34.2479787],[118.5562883,34.2464284],[118.5555284,34.2462887],[118.5560483,34.2471685],[118.5552984,34.2473686],[118.5555884,34.2488687],[118.5537281,34.2491388],[118.5539886,34.2501786],[118.5545587,34.2504986],[118.5557885,34.2503184],[118.5564687,34.2537688],[118.5559787,34.2537787],[118.5565787,34.2583787],[118.5579386,34.2582588],[118.5582289,34.2601287],[118.5589284,34.2602987],[118.559831,34.2637491],[118.5584186,34.2639889],[118.5586587,34.2658486],[118.5597483,34.2657286],[118.5600988,34.2676886],[118.5586787,34.2678286],[118.5587685,34.2720189],[118.5595491,34.2735387],[118.5588488,34.2737588],[118.5590088,34.2752488],[118.5600089,34.2751387],[118.5603988,34.2764685],[118.5619991,34.2762488],[118.5625891,34.2778188],[118.5612186,34.2780786],[118.5615291,34.2796187],[118.5634589,34.2794685],[118.5635988,34.2802686],[118.5642993,34.2799287],[118.5645989,34.2811388],[118.565119,34.2810186],[118.5656288,34.2831688],[118.568149,34.2829287],[118.5671789,34.2862986],[118.5649188,34.2848486],[118.5628693,34.2850888],[118.5637394,34.2884187],[118.563409,34.2884985],[118.5636588,34.2899587],[118.5660689,34.2897288],[118.5650392,34.2932986],[118.5648484,34.2951385],[118.5654593,34.2980787],[118.5670792,34.3030187],[118.5718192,34.3021784],[118.5713994,34.2998385],[118.5731091,34.2996886],[118.5736593,34.3024885],[118.5723792,34.3022586],[118.5735793,34.3061386],[118.5749093,34.3053184],[118.5751993,34.3064285],[118.5758993,34.3069183],[118.5788593,34.3065685],[118.5808992,34.3055184],[118.5807393,34.3074686],[118.5815595,34.3080687],[118.5823696,34.3074887],[118.5830593,34.3110284],[118.5878495,34.3107086],[118.5880798,34.3099484],[118.5876194,34.3095583],[118.5883097,34.3092685],[118.5895494,34.3099384],[118.5899398,34.3106785],[118.5904297,34.3106583],[118.5908695,34.3098483],[118.5887392,34.3072684],[118.5891795,34.3066384],[118.5910893,34.3056185],[118.5912393,34.3069184],[118.5966093,34.3066983],[118.5968199,34.3071682],[118.5975493,34.3071584],[118.5975794,34.3085684],[118.5986393,34.3084981],[118.5987195,34.3093883],[118.6000094,34.3094584],[118.6001094,34.3106384],[118.6072195,34.3111084],[118.6074294,34.310448],[118.6098298,34.3107183],[118.6092694,34.3127383],[118.6110896,34.3129784],[118.6110293,34.3107683],[118.6123796,34.3107881],[118.6124095,34.3098882],[118.6127293,34.3098882],[118.6127495,34.309478],[118.61474,34.3093983],[118.6146293,34.3080982],[118.6193293,34.3076583],[118.6192097,34.3095982],[118.6209896,34.3095081],[118.6209494,34.308198],[118.6228294,34.3081682],[118.6228993,34.310558],[118.6225994,34.3105781],[118.6225299,34.3116681],[118.6248797,34.3118081],[118.6249294,34.3111182],[118.6273994,34.3112678],[118.6274396,34.312258],[118.6249293,34.3120881],[118.6248393,34.312718],[118.6249393,34.3130281],[118.6274496,34.3131681],[118.6274596,34.3138579],[118.6292193,34.3139079],[118.6293497,34.315758],[118.6296297,34.3157379],[118.6294494,34.3172082],[118.6297694,34.3172279],[118.6295395,34.319028],[118.6289995,34.318998],[118.6288495,34.320388],[118.6300599,34.3205479],[118.6300997,34.3215481],[118.62988,34.3215779],[118.6304301,34.3246281],[118.6312497,34.3245581],[118.6307097,34.3214779],[118.6311195,34.3214281],[118.6319399,34.324538],[118.6312397,34.3209279],[118.6323396,34.3210181],[118.6324798,34.3242179],[118.6324999,34.3210181],[118.6327699,34.3239681],[118.6328597,34.3210179],[118.63307,34.3210381],[118.6331297,34.3240281],[118.6325297,34.3247978],[118.63271,34.3298179],[118.6323299,34.3313381],[118.6315201,34.331708],[118.6318,34.332848],[118.6311899,34.3330183],[118.6315098,34.333928],[118.6286198,34.3350482],[118.6288199,34.3356981],[118.6286002,34.3368281],[118.6271702,34.338798],[118.6211898,34.3394181],[118.6212397,34.340068],[118.6198202,34.3403781],[118.6199189,34.3410866],[118.6191501,34.3418383],[118.61656,34.3425583],[118.6166802,34.3455882],[118.6230102,34.3458782],[118.6273702,34.3454681],[118.6272201,34.3465981],[118.6280702,34.3486881],[118.6299001,34.3476683],[118.6306299,34.3506582],[118.63263,34.3505881],[118.6320105,34.3557382],[118.6322102,34.356888],[118.6334902,34.3567782],[118.6335005,34.3581883],[118.6411301,34.3574278],[118.6434404,34.3565181],[118.64212,34.3549679],[118.6467999,34.3537281],[118.6469001,34.3541278],[118.6504502,34.3531381],[118.6503903,34.352618],[118.65197,34.352298],[118.6515903,34.3513779],[118.6539701,34.3508078],[118.6539403,34.3498177],[118.6548306,34.349648],[118.65458,34.347978],[118.65642,34.3475677],[118.6565002,34.3465178],[118.6583204,34.346338],[118.6582403,34.3457777],[118.65683,34.3459378],[118.6569303,34.345288],[118.6596601,34.3445878],[118.6598403,34.3456177],[118.6608504,34.345428],[118.6612105,34.3437978],[118.66281,34.3437178],[118.6626599,34.3431077],[118.6647002,34.3426178],[118.6645203,34.342398],[118.6678302,34.3419378],[118.6679101,34.3410377],[118.67519,34.3402877],[118.6752401,34.3427075],[118.6769605,34.3427777],[118.6773603,34.3461177],[118.6776201,34.3455476],[118.6793504,34.3445477],[118.6809804,34.3476178],[118.6850706,34.3473876],[118.6851801,34.3480777],[118.68666,34.3483976],[118.6880908,34.3482478],[118.6882904,34.3497078],[118.6898904,34.3493378],[118.6903005,34.3508076],[118.69162,34.3502177],[118.6922001,34.3511174],[118.6918304,34.3517075],[118.6924105,34.3524776],[118.6928904,34.3523775],[118.6926604,34.3497374],[118.6917303,34.3501576],[118.6905003,34.3462775],[118.6936203,34.3462074],[118.6935001,34.3454876],[118.6951103,34.3453375],[118.6949401,34.3439475],[118.6958102,34.3438573],[118.6957802,34.3427474],[118.6967204,34.3427374],[118.6967502,34.3430475],[118.6996004,34.3429373],[118.6993703,34.3413274],[118.7009505,34.3413675],[118.7007199,34.3397774],[118.70156,34.3396676],[118.70142,34.3388073],[118.70219,34.3387073],[118.7018701,34.3364976],[118.7061103,34.3364371],[118.7088002,34.3360574],[118.7120201,34.3363074],[118.7120004,34.3353075],[118.7139302,34.3351672],[118.71414,34.3363173],[118.7163305,34.3338972],[118.7164403,34.335237],[118.7171406,34.3355372],[118.7174302,34.336717],[118.7177699,34.3366673],[118.7174602,34.3345772],[118.7180405,34.3345071],[118.7177297,34.3323671],[118.7207701,34.3321471],[118.7245503,34.3310572],[118.72395,34.3293672],[118.72548,34.3289669],[118.7261002,34.330597],[118.7267799,34.3303372],[118.7252702,34.3269372],[118.7284401,34.3254871],[118.73016,34.325027],[118.73069,34.3262969],[118.73205,34.325557],[118.7324999,34.326477],[118.73335,34.325987],[118.73431,34.3262768],[118.7352299,34.326157],[118.7351501,34.3252368],[118.73597,34.3249768],[118.7365201,34.3279569],[118.7360701,34.328007],[118.7363398,34.328817],[118.7392098,34.3285369],[118.7391901,34.328127],[118.7398201,34.3280869],[118.73992,34.3293769],[118.7410301,34.3293271],[118.7411001,34.3309569],[118.7441003,34.3302269],[118.7444303,34.3309169],[118.7431501,34.331377],[118.7432498,34.3316367],[118.7454304,34.3308169],[118.7456802,34.3310069],[118.7564762,34.3230438],[118.7563203,34.3228366],[118.7545001,34.3230769],[118.7544199,34.3221167],[118.7555603,34.3220166],[118.7554498,34.3212766],[118.7563601,34.3212166],[118.7558798,34.3169366],[118.7544099,34.3180567],[118.7511599,34.3188666],[118.7509902,34.3169667],[118.7540104,34.3168468],[118.7537496,34.3147067],[118.7541802,34.3147067],[118.7543899,34.3163767],[118.7546301,34.3163567],[118.7544099,34.3145167],[118.7554102,34.3136368],[118.7543702,34.3119365],[118.7537999,34.3088166],[118.7555998,34.3089265],[118.7561499,34.3127367],[118.7565298,34.3126866],[118.7571702,34.3149565],[118.7572398,34.3135967],[118.7618,34.3122068],[118.7605897,34.3094667],[118.7625397,34.3093967],[118.7634498,34.3098866],[118.7641301,34.3115067],[118.7656398,34.3111266],[118.7666799,34.3139167],[118.7702899,34.3132868],[118.7792313,34.3126331],[118.7801299,34.3128494],[118.78055,34.315542],[118.7833853,34.3169872],[118.7850944,34.3185264],[118.7852015,34.3211672],[118.7859479,34.3222262],[118.7866148,34.3227754],[118.7887503,34.3234319],[118.791274,34.3265567],[118.7936291,34.3275369],[118.79398,34.3286863],[118.7932504,34.3301063],[118.7946602,34.3316563],[118.7961803,34.334096],[118.79696,34.3339763],[118.7982302,34.3379164],[118.7999606,34.3376063],[118.8005105,34.3387364],[118.8018302,34.3383964],[118.8021433,34.3387187],[118.8049257,34.338079],[118.8056405,34.3399061],[118.8046002,34.3401562],[118.8052803,34.3418663],[118.8045603,34.3422363],[118.8061705,34.3453762],[118.8036004,34.3460663],[118.8060308,34.3540663],[118.8027307,34.3546565],[118.8033707,34.3568463],[118.8025905,34.3570364],[118.8031006,34.3593662],[118.8065605,34.3588463],[118.8058909,34.3564563],[118.8067808,34.3563162],[118.8075509,34.3607063],[118.8131106,34.3602562],[118.8132407,34.3612962],[118.8158909,34.360936],[118.8161405,34.3615062],[118.8182208,34.3606662],[118.8191707,34.3608062],[118.8200911,34.3604062],[118.8180808,34.3574862],[118.8242861,34.3587078],[118.8263105,34.3619961],[118.8219106,34.3627662],[118.8258309,34.3664662],[118.8320408,34.369906],[118.8338108,34.3703859],[118.8363708,34.3705658],[118.8456611,34.3695459],[118.8558308,34.3677358],[118.8599006,34.3673657],[118.8695107,34.3690557],[118.8770411,34.3692256],[118.8821607,34.3688254],[118.9059207,34.3696553],[118.9065511,34.3743155],[118.9052709,34.3754154],[118.9054513,34.3788054],[118.9097712,34.3791752],[118.9101711,34.3777351],[118.9132114,34.3781052],[118.9139513,34.3758553],[118.9180785,34.3771315],[118.9206411,34.3773751],[118.9212814,34.375535],[118.9220613,34.3757051],[118.9227014,34.3739851],[118.9259011,34.3745851],[118.926721,34.375455],[118.9275514,34.3757352],[118.9286416,34.3757751],[118.9296211,34.3751051],[118.9341213,34.3782549],[118.9352914,34.3801649],[118.9375816,34.3797951],[118.937221,34.3786848],[118.9385913,34.3781749],[118.9456013,34.371475],[118.9485511,34.3672947],[118.9476707,34.3627048],[118.9480108,34.3619848],[118.9484157,34.362077],[118.947972,34.3524503],[118.9451212,34.3527246],[118.9450007,34.3505949],[118.9570256,34.3490033],[118.9573613,34.3510849],[118.9542511,34.3515848],[118.9559108,34.3574748],[118.9555411,34.3575847],[118.9565113,34.3622645],[118.9600512,34.3626849],[118.9613914,34.3657247],[118.9638313,34.3676548],[118.967241,34.3762146],[118.9713614,34.3746046],[118.9761876,34.3818217],[118.9797818,34.3850048],[118.989072,34.3911744],[118.9844116,34.3923446],[118.9864321,34.3952046],[118.9881717,34.3948047],[118.9883119,34.3989046],[118.9893418,34.4043947],[118.9956119,34.4047643],[118.995452,34.4068944],[119.0099319,34.4075543],[119.0099519,34.4047342],[119.017065,34.4046073],[119.016772,34.404034],[119.0175319,34.4024242],[119.0199921,34.4011341],[119.026838,34.400362],[119.0297117,34.4008539],[119.0299723,34.403804],[119.0325495,34.403969],[119.0316897,34.4125459],[119.0338123,34.4126139],[119.036552,34.421824],[119.0392622,34.4207842],[119.043482,34.420634],[119.0434718,34.4184739],[119.0559733,34.4170706],[119.055523,34.4212009],[119.083832,34.4218634],[119.0811817,34.4107733],[119.0596573,34.4101498],[119.0580419,34.4035238],[119.059842,34.4028437],[119.058992,34.4003337],[119.0593318,34.4002436],[119.0587917,34.3985436],[119.0593018,34.3985237],[119.0591417,34.3978836],[119.0569519,34.3980838],[119.0539717,34.3935736],[119.052942,34.3910139],[119.0524518,34.3906537],[119.0491715,34.3771536],[119.0488513,34.3734735],[119.0500747,34.36603],[119.0509211,34.3579637],[119.051131,34.3528238],[119.0488509,34.3527938],[119.0489513,34.3506137],[119.0521112,34.3508139],[119.0529113,34.3478437],[119.0541912,34.3480936],[119.0545512,34.3471437],[119.0591911,34.3481336],[119.0598909,34.3444437],[119.0621609,34.3460036],[119.0625809,34.3385034],[119.070141,34.3432736],[119.067461,34.3323634],[119.0676911,34.3306835],[119.0690405,34.3257635],[119.0705306,34.3223634],[119.0718809,34.3209335],[119.0753606,34.3188434],[119.0763006,34.3175234],[119.0765905,34.3163133],[119.0770206,34.3123635],[119.0751503,34.3019534],[119.0713505,34.3021234],[119.0705801,34.2990533],[119.0660201,34.2996033],[119.0663003,34.2898436],[119.0684303,34.2899832],[119.0680001,34.2873336],[119.0707197,34.2875033],[119.0716901,34.2886234],[119.0714501,34.2874433],[119.07104,34.2874032],[119.0673,34.2698835],[119.0661601,34.2701634],[119.06584,34.2686833],[119.066258,34.26814],[119.0738296,34.2649533],[119.07768,34.2645831],[119.0784898,34.2639731],[119.0850294,34.263363],[119.08466,34.2607532],[119.0870897,34.2601032],[119.0868,34.258023],[119.0879797,34.257863],[119.0878093,34.2560331],[119.0885296,34.2559429],[119.0881999,34.2538329],[119.0886996,34.2537831],[119.0885598,34.2528427],[119.0874596,34.2529831],[119.0871794,34.2514029],[119.0858599,34.2515132],[119.0856024,34.2412674],[119.0867693,34.2412631],[119.0866397,34.2385727],[119.0894294,34.2383729],[119.0888094,34.2361428],[119.0901393,34.2359127],[119.0895864,34.2324342],[119.090368,34.2320421],[119.0902342,34.2311035],[119.0914786,34.2308372],[119.09105,34.2292599],[119.0912595,34.2292032],[119.0912892,34.226613],[119.0909294,34.2264927],[119.0909497,34.2214535],[119.0928894,34.221183],[119.0926191,34.2176228],[119.0932892,34.217543],[119.092829,34.2133929],[119.092359,34.2134128],[119.0921092,34.211013],[119.0932995,34.2108662],[119.0927892,34.2055427],[119.1079689,34.2030525],[119.1081489,34.2073227],[119.1254893,34.2069225],[119.1252394,34.2044125],[119.1276387,34.2039225],[119.1282955,34.2023964],[119.1274488,34.1998826],[119.1283089,34.1997124],[119.1324393,34.2007024],[119.133179,34.1980624],[119.1347788,34.1985426],[119.134449,34.1938023],[119.1342089,34.1936724],[119.134319,34.1893624],[119.1275992,34.1882225],[119.1281782,34.1846526],[119.1273087,34.1845024],[119.1268685,34.1813023],[119.1292683,34.1810825],[119.1292587,34.1803825],[119.1321288,34.1801225],[119.1320485,34.1790426],[119.1382787,34.1782224],[119.1380585,34.1771723],[119.1395988,34.1770023],[119.1393587,34.1759723],[119.1409185,34.1757225],[119.140349,34.1727724],[119.1387986,34.1730023],[119.1377683,34.1696925],[119.1362285,34.1700724],[119.1360583,34.1693521],[119.1341884,34.1694323],[119.1337887,34.1674424],[119.1348683,34.1673722],[119.1348081,34.1669822],[119.1376983,34.1660724],[119.1382714,34.1654443],[119.1372085,34.1642122],[119.1368882,34.1642323],[119.1363886,34.1632825],[119.1367384,34.1630725],[119.1367085,34.1626224],[119.1403582,34.1604023],[119.1359382,34.1555624],[119.1319483,34.1517722],[119.120108,34.1450223],[119.1208382,34.1439124],[119.1207879,34.1423923],[119.1288179,34.1413724],[119.1288083,34.1391321],[119.1306178,34.1389623],[119.1306079,34.1368723],[119.1319681,34.1379124],[119.132798,34.1378525],[119.135018,34.1346722],[119.138698,34.1369621],[119.141668,34.1355721],[119.1399278,34.1342323],[119.1420077,34.1336022],[119.1453982,34.1357022],[119.1466778,34.1373021],[119.146948,34.1367219],[119.1480879,34.1358121],[119.1512779,34.1348523],[119.1503878,34.1330621],[119.1504481,34.132222],[119.1521982,34.131672],[119.1524777,34.132252],[119.153288,34.1319321],[119.1541976,34.1338621],[119.1579677,34.1329519],[119.1639179,34.1298919],[119.1655178,34.1257419],[119.1659878,34.1232918],[119.1706181,34.1202818],[119.1710577,34.1194216],[119.1709177,34.118972],[119.1687876,34.117112],[119.1674078,34.1143817],[119.1665394,34.1136354],[119.1624278,34.1117221],[119.1608879,34.1121321],[119.1609478,34.1123917],[119.1620179,34.112222],[119.1622174,34.112752],[119.1626576,34.112672],[119.1623076,34.1130719],[119.1628278,34.1130717],[119.1598378,34.1138219],[119.158318,34.1119321],[119.1618077,34.1111518],[119.1593976,34.107832],[119.1593876,34.1068418],[119.1641678,34.1035516],[119.1655571,34.1008718],[119.1681575,34.0974919],[119.1684073,34.0966118],[119.1666675,34.0963319],[119.1667176,34.096092],[119.1683871,34.0962817],[119.1690375,34.0945717],[119.1610068,34.0892204],[119.1587873,34.0851319],[119.1570074,34.0803418],[119.1535272,34.0786619],[119.1526868,34.0776822],[119.1494506,34.0703779],[119.1484067,34.0636818],[119.1485371,34.061692],[119.1495669,34.0586422],[119.1494069,34.0574622],[119.1467068,34.0520519],[119.1442868,34.049602],[119.1437268,34.047882],[119.1428466,34.046552],[119.1375864,34.0420322],[119.1312761,34.0379521],[119.1242565,34.030182],[119.1226466,34.029692],[119.1190863,34.0294821],[119.1161166,34.0288522],[119.1098162,34.0259923],[119.1059862,34.0238624],[119.1026862,34.0213423],[119.0996161,34.0179923],[119.0954061,34.0166324],[119.0923766,34.0130125],[119.0875259,34.0096925],[119.0831858,34.0060324],[119.0790156,34.0032425],[119.077836,34.0013327],[119.0784456,33.9974725],[119.0782156,33.9961425],[119.0763559,33.9926725],[119.0765554,33.9892527],[119.0738855,33.9859327],[119.0698855,33.9847427],[119.067246,33.9825725],[119.0655756,33.9825225],[119.0621603,33.9831892],[119.0598251,33.9825427],[119.0524257,33.9789729],[119.0510755,33.9755027],[119.0503455,33.974583],[119.0489154,33.9741926],[119.0453354,33.9747629],[119.0434155,33.9746628],[119.0418152,33.9740428],[119.037615,33.9704431],[119.0364355,33.9686228],[119.0368555,33.9649427],[119.0353448,33.9623828],[119.041295,33.9610529],[119.0405252,33.9595431],[119.0460148,33.9585126],[119.0468849,33.9539929],[119.0456348,33.9538728],[119.0440051,33.9486528],[119.0462453,33.9482029],[119.0462352,33.9484628],[119.0487248,33.9482927],[119.0489451,33.9462529],[119.047485,33.9411027],[119.048615,33.9408727],[119.0487948,33.9412829],[119.0499148,33.9410127],[119.0484949,33.9395327],[119.0455549,33.9375728],[119.0428247,33.9346731],[119.0391146,33.931673],[119.0377048,33.9313128],[119.0350347,33.9314228],[119.0332146,33.9307427],[119.0302546,33.9304129],[119.0295047,33.929953],[119.0289845,33.9293529],[119.0290332,33.9286728],[119.0298346,33.9281526],[119.0326845,33.9274329],[119.0330445,33.9265229],[119.0327048,33.9257029],[119.0318146,33.9251329],[119.0295343,33.9248531],[119.0284945,33.9243729],[119.0280945,33.9235929],[119.0277249,33.9210231],[119.0268846,33.920543],[119.0260146,33.920653],[119.0250848,33.922183],[119.0240548,33.9225428],[119.0238546,33.9225227],[119.0246245,33.922133],[119.0249145,33.9214328],[119.0245245,33.9213829],[119.0241646,33.9218728],[119.0212548,33.9220829],[119.0210942,33.916903],[119.0198844,33.9148231],[119.0189047,33.9119429],[119.0177841,33.910943],[119.0145039,33.909903],[119.0128442,33.9098632],[119.0120367,33.9094322],[119.006694,33.9031329],[119.003504,33.900213],[119.0020244,33.8975932],[118.9992243,33.8979934],[118.9975645,33.8975631],[118.9962942,33.8965234],[118.9960741,33.8959434],[118.9952043,33.8961931],[118.9944842,33.8948932],[118.9916844,33.8953833],[118.9922541,33.8977834],[118.9908043,33.8981232],[118.9926841,33.9053534],[118.9897045,33.9068334],[118.9840841,33.9077933],[118.9838841,33.9067834],[118.9829041,33.9069335],[118.9827244,33.9061434],[118.9793747,33.9065435],[118.9800044,33.9081935],[118.9798543,33.9097033],[118.9802542,33.9109236],[118.9785255,33.9111146],[118.9773545,33.9117034],[118.9736146,33.9163234],[118.9699747,33.9193634],[118.9674043,33.9206037],[118.9646447,33.9210034],[118.9621046,33.9204935],[118.9562542,33.9169135],[118.9544345,33.9168636],[118.9502243,33.9177435],[118.9469843,33.9169237],[118.9451141,33.9151037],[118.944924,33.9126738],[118.9452342,33.9104037],[118.9445939,33.9088436],[118.9424339,33.9082688],[118.9413541,33.9084237],[118.9384043,33.9096737],[118.9370542,33.9096036],[118.935954,33.9091739],[118.9346541,33.9077937],[118.9331442,33.9041137],[118.9319242,33.9031938],[118.9303138,33.9025239],[118.928314,33.9022638],[118.925414,33.9026538],[118.9199842,33.9050339],[118.9183835,33.9048738],[118.9173744,33.9044338],[118.9158639,33.9030739],[118.9142142,33.900544],[118.9102439,33.8961241],[118.9072032,33.893925],[118.901604,33.8912239],[118.8955536,33.8906444],[118.8866934,33.8874917],[118.8829935,33.8872543],[118.8791534,33.8879643],[118.8741511,33.8907018],[118.8698939,33.8939644],[118.8677438,33.8947046],[118.8651735,33.8946947],[118.8590239,33.8930546],[118.8573139,33.8922847],[118.8597135,33.8881245],[118.8577038,33.8842747],[118.8537634,33.8829246],[118.8506535,33.8806047],[118.8488434,33.8784046],[118.8437034,33.8749748],[118.8309913,33.864904],[118.8254128,33.861785],[118.8239734,33.8605649],[118.8230529,33.8590348],[118.8210745,33.8535884],[118.820093,33.8520247],[118.818443,33.8502748],[118.815323,33.8479649],[118.813773,33.846365],[118.812973,33.8445649],[118.8108327,33.837215],[118.8090928,33.834655],[118.8056527,33.830855],[118.8048124,33.829055],[118.8046723,33.827085],[118.8017025,33.8265852],[118.8016326,33.826105],[118.7982628,33.8241451],[118.7963525,33.823935],[118.7963923,33.8227551],[118.7955924,33.8226749],[118.7957225,33.820285],[118.794892,33.820175],[118.7956925,33.817065],[118.7956624,33.811405],[118.7952322,33.8113948],[118.7953499,33.8083546],[118.7963324,33.8085049],[118.7961325,33.806395],[118.7965627,33.8063147],[118.7966321,33.8047148],[118.7968824,33.804595],[118.7968819,33.8017949],[118.7976018,33.8017423],[118.7976825,33.7990049],[118.7980824,33.7990549],[118.7981225,33.7985649],[118.8009922,33.798785],[118.80245,33.7949846],[118.797992,33.7909749],[118.796922,33.7904851],[118.7968921,33.789735],[118.7955518,33.788525],[118.7935019,33.786865],[118.7927616,33.7867749],[118.7928022,33.785425],[118.7945522,33.7852748],[118.7945219,33.7847251],[118.7952817,33.7846947],[118.7943518,33.7801348],[118.79361,33.780189],[118.7935409,33.7795776],[118.7929452,33.779672],[118.7927417,33.7765448],[118.7912118,33.7766047],[118.7912117,33.7775049],[118.7906416,33.777545],[118.7906618,33.777775],[118.7887617,33.777865],[118.7887313,33.7751548],[118.7898115,33.7750849],[118.7897615,33.7740549],[118.7903117,33.7740247],[118.7899519,33.769815],[118.7930915,33.7696249],[118.7930321,33.7688448],[118.8022417,33.7680649],[118.8019499,33.7633582],[118.8048716,33.7631148],[118.8065619,33.7633148],[118.8065717,33.7621348],[118.8008815,33.7621349],[118.8007017,33.7605649],[118.7988616,33.7606849],[118.7985315,33.7578151],[118.7971715,33.7580449],[118.7970213,33.7559049],[118.7966517,33.7557647],[118.7964397,33.7551232],[118.7960311,33.751945],[118.7944315,33.7514548],[118.7944112,33.7488147],[118.7947415,33.7487851],[118.7947315,33.747795],[118.7963514,33.747665],[118.7964914,33.7426047],[118.7970912,33.7425547],[118.7966114,33.7404948],[118.797461,33.7403849],[118.7974114,33.7394047],[118.799471,33.7393748],[118.7993612,33.7372049],[118.8001211,33.7370946],[118.8001813,33.7382047],[118.8010512,33.7381648],[118.8010012,33.7369748],[118.8026711,33.7368048],[118.8026315,33.7361349],[118.8033013,33.7360646],[118.8030714,33.7340949],[118.803691,33.7340547],[118.8037714,33.7344548],[118.804451,33.7343648],[118.8044013,33.7339449],[118.8069013,33.7336948],[118.8068512,33.7333649],[118.8072411,33.7333363],[118.8069914,33.7308547],[118.8052911,33.7265446],[118.802921,33.7269747],[118.803001,33.7277147],[118.8023214,33.7277749],[118.8019711,33.7250046],[118.8050709,33.7248047],[118.8052111,33.7256948],[118.8058809,33.7256048],[118.8055608,33.7238548],[118.806841,33.7236847],[118.8069509,33.7244247],[118.8074411,33.7243749],[118.8075009,33.7250546],[118.808371,33.7248147],[118.8081811,33.7234948],[118.8099209,33.7232947],[118.8092711,33.7205247],[118.8084212,33.7208848],[118.8082312,33.7197248],[118.8044109,33.7199648],[118.803831,33.7158046],[118.8032708,33.7158845],[118.8024012,33.7126948],[118.8030208,33.7125346],[118.8029307,33.7122145],[118.804451,33.7118948],[118.8040411,33.7103348],[118.8045309,33.7102348],[118.8042608,33.7093647],[118.8058909,33.7089348],[118.8066009,33.7108146],[118.8085106,33.7102347],[118.8081608,33.7093745],[118.8089605,33.7091847],[118.8079605,33.7064847],[118.8084507,33.7064449],[118.8083011,33.7056148],[118.8061311,33.7021946],[118.8057206,33.7022644],[118.8049375,33.7010756],[118.8032807,33.6998047],[118.8035905,33.6963146],[118.8041207,33.6962848],[118.8041107,33.6957744],[118.8002005,33.6963145],[118.8007405,33.6990547],[118.7993307,33.6990546],[118.7974905,33.6980448],[118.7976404,33.6993248],[118.7967305,33.6992547],[118.7966106,33.6976847],[118.7957905,33.6972946],[118.7950109,33.6973048],[118.7940303,33.6979149],[118.7895306,33.6809448],[118.7886202,33.6768647],[118.7893503,33.6767548],[118.7891103,33.6756548],[118.7883802,33.6757648],[118.7866003,33.667625],[118.78705,33.6667946],[118.7879203,33.6668147],[118.7920602,33.6596945],[118.7942097,33.6487746],[118.7927295,33.6483649],[118.7932897,33.6457748],[118.7862898,33.6436845],[118.7856599,33.6447549],[118.7825298,33.6442148],[118.7823696,33.6456548],[118.7632199,33.6405849],[118.7629594,33.6417649],[118.7611398,33.6411249],[118.7599596,33.641055],[118.7598353,33.6416011],[118.7561897,33.6410651],[118.7564063,33.6388192],[118.7555688,33.6387868],[118.7554699,33.6404952],[118.7541795,33.6404049],[118.7542397,33.639535],[118.7535995,33.6395148],[118.7536497,33.6388651],[118.7526895,33.6388449],[118.75264,33.6402152],[118.75084,33.640085],[118.7552295,33.6283949],[118.7575496,33.6207047],[118.7589424,33.6178508],[118.7611896,33.6145548],[118.7688694,33.6048149],[118.7711792,33.6013649],[118.773126,33.5975671],[118.7770488,33.5917344],[118.7795301,33.589811],[118.7846291,33.5869644],[118.787909,33.5836747],[118.7919094,33.5803445],[118.7994416,33.5760481],[118.7988589,33.5751252],[118.7998785,33.5744053],[118.7987987,33.5677355],[118.7972389,33.5638255],[118.7957682,33.5647652],[118.7945087,33.5636555],[118.7938386,33.5605454],[118.7921583,33.5607854],[118.7918488,33.5584157],[118.7936485,33.5582853],[118.7931589,33.5539353],[118.7931883,33.5511053],[118.7909387,33.5510154],[118.7898685,33.5516753],[118.7879386,33.5501955],[118.7882283,33.5443154],[118.7855082,33.5441753],[118.7855386,33.5437553],[118.7848684,33.5435856],[118.7830184,33.5399855],[118.7827883,33.5369557],[118.7831384,33.5364556],[118.7830279,33.5275853],[118.7835879,33.5183256],[118.7833928,33.5151957],[118.7821177,33.5059055],[118.7793575,33.4970155],[118.7781875,33.4947652],[118.7759478,33.4925555],[118.7750574,33.4925555],[118.7749377,33.4932856],[118.7742177,33.4932757],[118.7742178,33.4921556],[118.7735374,33.4920655],[118.7733376,33.4906755],[118.7728475,33.4904254],[118.7711576,33.4905954],[118.7713574,33.4854252],[118.7727177,33.4847556],[118.7732774,33.4760753],[118.7734071,33.4689755],[118.7724771,33.4688354],[118.7732373,33.4658855],[118.7737371,33.4658653],[118.7745469,33.4612453],[118.7752272,33.4513752],[118.7767866,33.4508054],[118.7752969,33.4416854],[118.7728265,33.4140552],[118.751266,33.4034554],[118.7368957,33.3969655],[118.720812,33.3933052],[118.7381759,33.3733455],[118.7490253,33.3599354],[118.7503055,33.3522753],[118.7503209,33.3445977],[118.7432751,33.3370744],[118.6290146,33.2923952],[118.595814,33.2751558],[118.483473,33.227291],[118.4690024,33.2183229],[118.4540824,33.208307],[118.4387629,33.2040672],[118.403563,33.192661],[118.3743151,33.1978674],[118.3137625,33.2076287],[118.2726021,33.2082087],[118.2606217,33.202519],[118.252952,33.1999791],[118.2497523,33.1960091],[118.2494419,33.194529],[118.248972,33.1941793],[118.2480319,33.1944991],[118.246472,33.1933189],[118.2442017,33.190319],[118.2434318,33.1904991],[118.2401018,33.1894393],[118.2394222,33.1896589],[118.238332,33.1882492],[118.2386617,33.1879593],[118.2383682,33.1876109],[118.238602,33.1871191],[118.2381418,33.186869],[118.2371518,33.187929],[118.235612,33.1869333],[118.2359718,33.1861591],[118.233512,33.1864692],[118.2316092,33.185446],[118.2310019,33.1859693],[118.230502,33.1856892],[118.2302118,33.1858593],[118.2298517,33.1855594],[118.230072,33.1852791],[118.2291117,33.1852193],[118.2285119,33.1841692],[118.2274416,33.1840694],[118.2278018,33.1837893],[118.2271716,33.1835191],[118.2260917,33.1816093],[118.2265919,33.1802494],[118.2264513,33.1797093],[118.2257714,33.1793694],[118.2248518,33.1808893],[118.2204115,33.1785393],[118.21838280742283,33.178007178776184],[118.218035,33.179913],[118.2168962786862,33.179661211420736],[118.2165988,33.1817639],[118.2114844,33.1934896],[118.2061372,33.2007444],[118.1960417,33.2086328],[118.1888628,33.2132856],[118.1726215,33.2195313],[118.1638532,33.2155345],[118.1608168,33.2128411],[118.1586767,33.2104555],[118.153815,33.2033588],[118.1513528,33.1984875],[118.1509038,33.1966142],[118.1529761,33.1876044],[118.154633,33.1824326],[118.1543637,33.179677],[118.1532012,33.1775687],[118.1521728,33.1764301],[118.1474212,33.1734315],[118.1446463,33.1705533],[118.1255633,33.1656713],[118.1076957,33.1604782],[118.0978791,33.1568891],[118.0852055,33.1528962],[118.0821693,33.15153],[118.07944415612359,33.14983191490596],[118.0154197146547,33.16370878948185],[118.0154149,33.1637176],[118.0125143,33.1667617],[118.0113248,33.1674297],[118.0086028,33.1680732],[118.0008285,33.1713272],[117.999772,33.1731454],[118.0008806,33.1785806],[117.9961195,33.1802909],[117.990713,33.1804387],[117.984744,33.1800175],[117.9828596,33.18511],[117.981616,33.1954507],[117.9770578,33.196953],[117.9757512,33.1980908],[117.9747652,33.1999612],[117.974048,33.2039095],[117.9784226,33.2046263],[117.9784832,33.2077396],[117.9799921,33.20764],[117.981534,33.21731],[117.9813194,33.2193115],[117.9803002,33.2216765],[117.974174,33.2279904],[117.9686218,33.2297764],[117.9669589,33.229884],[117.9642069,33.228861],[117.958467,33.225666],[117.954905,33.2233055],[117.9539609,33.2228478],[117.9528236,33.2227581],[117.9494333,33.224212],[117.9421162,33.2253249],[117.94079588369199,33.22580857409838],[117.93527837234794,33.2315577327699],[117.9350138,33.2324328]]]}},{"type":"Feature","properties":{"city_name":"常州市","region":"苏南","osm_type":"relation","osm_id":3429666,"display_name":"常州市, 江苏省, 213000, 中国"},"geometry":{"type":"MultiPolygon","coordinates":[[[[119.1967732,31.2829934],[119.197256,31.283108],[119.1975886,31.283814],[119.1961026,31.2847171],[119.1953891,31.2844925],[119.1955823,31.2843779],[119.1948044,31.2836535],[119.1931039,31.2836902],[119.1931683,31.2852993],[119.1946703,31.2856798],[119.1941822,31.2868672],[119.1944879,31.287211],[119.1956574,31.2866884],[119.1960061,31.2858632],[119.1975349,31.2864042],[119.1974544,31.2867755],[119.1962528,31.2873164],[119.1967893,31.288435],[119.1964889,31.2892418],[119.1954321,31.2894527],[119.1942224,31.2901747],[119.1947293,31.2908325],[119.1952014,31.2907271],[119.1950271,31.2918594],[119.1937637,31.2914582],[119.1932809,31.2909242],[119.1929966,31.2910113],[119.1930932,31.2915568],[119.1921705,31.2913597],[119.1939622,31.2927303],[119.1936403,31.2935371],[119.1942894,31.2938167],[119.1939354,31.2942981],[119.1952765,31.2944012],[119.1957352,31.2940689],[119.1958371,31.2944975],[119.1952094,31.2946671],[119.1954857,31.2953019],[119.1946489,31.2951644],[119.1956654,31.2957236],[119.1954803,31.2962256],[119.1936028,31.2954715],[119.1938174,31.2967642],[119.1948044,31.2966633],[119.194842,31.2975893],[119.1903198,31.2981393],[119.1879111,31.2978872],[119.1877556,31.2971538],[119.1862723,31.2970598],[119.186267,31.2974105],[119.1856661,31.2974197],[119.1856152,31.2970644],[119.1852826,31.297069],[119.1855669,31.298066],[119.18484,31.2981233],[119.1840005,31.2986687],[119.1832978,31.2998628],[119.1812298,31.3013204],[119.1805807,31.303454],[119.1820049,31.3037772],[119.1829437,31.3046847],[119.1830081,31.3087822],[119.1838449,31.3099647],[119.1860229,31.3111334],[119.1887721,31.3109524],[119.1902876,31.311688],[119.1906685,31.3140666],[119.1905612,31.3155973],[119.188469,31.3184295],[119.1877784,31.3205444],[119.188056,31.3211814],[119.1906363,31.323058],[119.1917628,31.3247764],[119.1933131,31.3327771],[119.1973633,31.3368184],[119.2027545,31.3434756],[119.2077863,31.3467559],[119.2128276,31.3508196],[119.2120027,31.3533529],[119.2097095,31.3543585],[119.2093554,31.355419],[119.2099589,31.355758],[119.2099535,31.3560443],[119.2102432,31.3556984],[119.2111659,31.3559504],[119.2116863,31.3562985],[119.2113832,31.3567337],[119.2116809,31.3568711],[119.2119732,31.3564359],[119.2120913,31.3568116],[119.2130354,31.3570315],[119.2128906,31.3572628],[119.2123273,31.3570406],[119.2115012,31.3584561],[119.2099696,31.3575583],[119.2101628,31.357249],[119.2093742,31.3564199],[119.2087948,31.3565894],[119.2076924,31.3578331],[119.2070809,31.3572582],[119.2057103,31.3570246],[119.2048761,31.3582843],[119.2034358,31.3579133],[119.2030576,31.358889],[119.2014348,31.360167],[119.2001769,31.3603617],[119.2003593,31.3610557],[119.2001474,31.3624619],[119.2002708,31.3610946],[119.1996431,31.3628994],[119.199332,31.3628261],[119.1987848,31.3634766],[119.1979694,31.3632017],[119.1967463,31.3694128],[119.193694,31.3692617],[119.1934955,31.370251],[119.194209,31.3704159],[119.1941017,31.3713823],[119.1926908,31.3717396],[119.1929591,31.3722617],[119.1922134,31.3734617],[119.1930073,31.3742495],[119.1923797,31.3746342],[119.1916823,31.3761914],[119.1906899,31.3757563],[119.190309,31.3770799],[119.1878173,31.3786096],[119.1882303,31.379047],[119.1880882,31.3792988],[119.1873988,31.3796378],[119.1865835,31.3806201],[119.1855776,31.3804942],[119.1847301,31.3812521],[119.1839683,31.3812475],[119.1837215,31.3806224],[119.1833165,31.3810781],[119.1835472,31.3813506],[119.183397,31.3818818],[119.1828766,31.3825711],[119.1819674,31.3822139],[119.1808167,31.3831618],[119.1811091,31.3833977],[119.1808355,31.3839037],[119.1812164,31.3843938],[119.1805458,31.3843045],[119.180696,31.3834091],[119.1793656,31.3828687],[119.1787004,31.3833702],[119.1795158,31.3841602],[119.1790116,31.3843113],[119.1768792,31.3829374],[119.1764715,31.3836564],[119.1758412,31.3837732],[119.1753611,31.3830199],[119.1756615,31.3827474],[119.1744947,31.3819414],[119.1728291,31.3829329],[119.1716382,31.3822322],[119.1710427,31.3825756],[119.1688058,31.382871],[119.1675049,31.3836564],[119.1672769,31.3847441],[119.1697338,31.3850555],[119.1693395,31.3862736],[119.1681164,31.3862027],[119.169082,31.3867476],[119.1688058,31.3872697],[119.1686851,31.3867797],[119.1684785,31.3871918],[119.1680065,31.387027],[119.1671455,31.3879222],[119.1666654,31.3877391],[119.1658661,31.3879932],[119.1658312,31.3886939],[119.1665769,31.3888816],[119.1663516,31.3892754],[119.1668934,31.389422],[119.1671616,31.3889732],[119.1677999,31.3895548],[119.1674942,31.3901249],[119.1670811,31.3901753],[119.1667727,31.3909858],[119.1676337,31.3913018],[119.1678724,31.3916612],[119.1676497,31.3922222],[119.1672286,31.3921192],[119.1671884,31.3928953],[119.1665554,31.3930442],[119.1662738,31.3949536],[119.165445,31.3949513],[119.165386,31.3953314],[119.1665447,31.3955764],[119.1664937,31.3962426],[119.1656971,31.3962861],[119.1654557,31.3954779],[119.1655362,31.3959725],[119.1648924,31.3961785],[119.16471,31.3976415],[119.1649166,31.3977445],[119.1639402,31.3979506],[119.1632429,31.3984955],[119.1627145,31.3982711],[119.1620681,31.3986695],[119.1618696,31.3983535],[119.1616523,31.3989488],[119.16228,31.3990953],[119.1627628,31.3985252],[119.1635245,31.398658],[119.1633046,31.3996837],[119.1649407,31.4001919],[119.1658205,31.3993586],[119.1648549,31.401506],[119.1658741,31.4016251],[119.1654986,31.4020372],[119.16574,31.4024904],[119.1649353,31.4036305],[119.1647583,31.4041021],[119.1650802,31.4043082],[119.1644418,31.4058695],[119.1635889,31.4058145],[119.1640502,31.4061075],[119.1633904,31.4069317],[119.1637659,31.4072613],[119.164297,31.4070965],[119.1641092,31.4072247],[119.1647959,31.4078657],[119.1646779,31.4080625],[119.1650265,31.4080305],[119.1648334,31.4082503],[119.1651285,31.4080671],[119.1653484,31.4082869],[119.1650319,31.4087676],[119.1655952,31.4090332],[119.1642755,31.410132],[119.163841,31.4100038],[119.1633421,31.4107409],[119.163841,31.4108279],[119.1636801,31.4111941],[119.1641253,31.4115466],[119.1639215,31.4119541],[119.164356,31.4116977],[119.1653377,31.4121372],[119.1650855,31.4127278],[119.1643077,31.4127232],[119.1655952,31.4130437],[119.1669202,31.4138907],[119.1659653,31.4140738],[119.165225,31.4150993],[119.165284,31.4171045],[119.1641414,31.4199382],[119.1635996,31.4204555],[119.1635191,31.4207439],[119.1640717,31.4211055],[119.1639054,31.4218105],[119.163267,31.4220897],[119.1631061,31.4232983],[119.1624409,31.4238613],[119.1627145,31.4244793],[119.1607618,31.424374],[119.1598284,31.4264064],[119.1595495,31.4262645],[119.1593242,31.4268871],[119.1580582,31.4279353],[119.1589004,31.4287867],[119.1600913,31.4292856],[119.1599679,31.4295694],[119.1606975,31.4297297],[119.1608852,31.430343],[119.1611803,31.4303888],[119.1611427,31.4310525],[119.1620064,31.4310937],[119.162001,31.4331214],[119.1627574,31.4327461],[119.1631383,31.4330253],[119.1630632,31.4336661],[119.1634709,31.4341009],[119.162972,31.4349065],[119.1632509,31.4349568],[119.1638088,31.434165],[119.1635728,31.4336066],[119.1639215,31.433959],[119.1652089,31.4335334],[119.1653216,31.4348333],[119.1659224,31.4348378],[119.1656649,31.4351079],[119.1658848,31.4355793],[119.1654932,31.436037],[119.1643077,31.4358906],[119.1642755,31.4355976],[119.1640341,31.4356526],[119.1641146,31.4360187],[119.1629398,31.4355152],[119.1624355,31.4356754],[119.1624945,31.4360462],[119.1616362,31.4365634],[119.1619903,31.4370989],[119.1616148,31.4372179],[119.1614968,31.4382431],[119.1608208,31.4385132],[119.160161,31.4397352],[119.1599035,31.4396849],[119.159528,31.4414607],[119.1603541,31.4423119],[119.1594475,31.4427925],[119.1597694,31.44309],[119.1606492,31.4430625],[119.1610569,31.4445637],[119.1592115,31.4446003],[119.1593993,31.4436712],[119.1589862,31.4432822],[119.1591257,31.4429756],[119.1586375,31.4428154],[119.1586751,31.4425728],[119.1578865,31.4426781],[119.1578597,31.4420007],[119.1569638,31.4429298],[119.1567922,31.4424081],[119.1545069,31.4423531],[119.1540134,31.4420236],[119.1541046,31.4424859],[119.1521466,31.4420923],[119.153198,31.4407238],[119.1529673,31.4404492],[119.1516933,31.4416689],[119.1508055,31.4414469],[119.1506392,31.4418588],[119.1506499,31.4414263],[119.1502798,31.4418085],[119.1501376,31.4410488],[119.1493329,31.4411517],[119.1498855,31.4401883],[119.1492176,31.4404629],[119.1493061,31.4399412],[119.1489574,31.4403439],[119.1494027,31.4395842],[119.1486704,31.4392798],[119.1479784,31.4405682],[119.1473079,31.4411128],[119.1469914,31.4409069],[119.1464496,31.4417101],[119.1467124,31.4418589],[119.1465354,31.4426415],[119.145095,31.4440854],[119.1448429,31.4439641],[119.1443923,31.4444561],[119.1433972,31.4444584],[119.1435957,31.4450671],[119.142909,31.4452044],[119.1417932,31.4461838],[119.1408491,31.4463211],[119.138419,31.4453692],[119.1373836,31.4460511],[119.1348516,31.4490166],[119.1358145,31.4533856],[119.1354954,31.4538858],[119.1387784,31.4549658],[119.1417395,31.4565216],[119.1427266,31.4594686],[119.1467928,31.4650144],[119.1469109,31.4661674],[119.1476833,31.4669453],[119.1482949,31.4685101],[119.1508447,31.4718609],[119.149754,31.476407],[119.14999,31.4785939],[119.1497647,31.4789507],[119.1501188,31.4796003],[119.1510415,31.4801127],[119.1514706,31.482391],[119.1505801,31.4836079],[119.1461277,31.4846281],[119.1458917,31.4857717],[119.1417718,31.4883701],[119.1476774,31.4945978],[119.1498613,31.4959451],[119.152286,31.4966587],[119.1618042,31.4963359],[119.1640154,31.4973997],[119.1650346,31.4973471],[119.1665795,31.4987261],[119.1679193,31.499355],[119.168787,31.5023441],[119.1708684,31.5028586],[119.1714638,31.5025202],[119.1714129,31.5019324],[119.1726547,31.5011549],[119.1734165,31.5017815],[119.17472,31.5020559],[119.1764849,31.503117],[119.1787165,31.5025865],[119.180004,31.5034143],[119.1806424,31.5060305],[119.1830403,31.5087335],[119.1828096,31.5091908],[119.181565,31.5096024],[119.1810715,31.5104622],[119.1817903,31.5123556],[119.1825521,31.5127306],[119.1849661,31.5127489],[119.1865432,31.5160599],[119.1885602,31.5172215],[119.1890108,31.5184196],[119.1884529,31.5201116],[119.1897726,31.5216298],[119.1916501,31.5221511],[119.1931629,31.52409],[119.1941607,31.5265318],[119.1940105,31.5276932],[119.193238,31.5283974],[119.192326,31.5303087],[119.1924763,31.5312506],[119.1935706,31.5328601],[119.1867792,31.5321011],[119.1861355,31.5315707],[119.1832977,31.5315387],[119.1813505,31.5307339],[119.1778207,31.5299932],[119.1771179,31.5300024],[119.1765439,31.5305236],[119.1762543,31.5304002],[119.1764796,31.5294628],[119.1757929,31.5294674],[119.1753155,31.5288044],[119.173041,31.5306105],[119.1740388,31.5309168],[119.1739476,31.531781],[119.1747415,31.5324211],[119.1753423,31.5337288],[119.1762864,31.5338477],[119.1771126,31.5343598],[119.1764903,31.5355486],[119.1753799,31.5352194],[119.1751277,31.5356492],[119.175455,31.5362481],[119.174763,31.538301],[119.1781211,31.5419677],[119.177885,31.5435221],[119.1772413,31.5443633],[119.1782069,31.5447565],[119.1788185,31.5456983],[119.1797626,31.5520892],[119.183346,31.5530584],[119.1862643,31.5532001],[119.1871762,31.5528298],[119.1897619,31.5531498],[119.1921383,31.5530241],[119.1927552,31.5533418],[119.1929483,31.5552892],[119.1936028,31.5560388],[119.1957486,31.5564959],[119.1964459,31.5562674],[119.2001259,31.5603493],[119.2001957,31.560843],[119.1995573,31.5612864],[119.1978675,31.5616063],[119.1977709,31.5626302],[119.1983718,31.5629959],[119.1998362,31.5627993],[119.2002815,31.5633524],[119.1998121,31.5636884],[119.2001206,31.564198],[119.2001152,31.5655098],[119.2038596,31.5678591],[119.2045355,31.5692394],[119.2059517,31.5702358],[119.2074752,31.5711133],[119.2092347,31.571543],[119.2100072,31.57317],[119.2114127,31.5749341],[119.2118204,31.5758116],[119.2111659,31.5772284],[119.2107904,31.5792118],[119.2117345,31.5801441],[119.2130434,31.5804183],[119.2130971,31.5809575],[119.2106402,31.5860849],[119.2106295,31.5868983],[119.2127967,31.5910109],[119.214524,31.5932408],[119.2141807,31.5945796],[119.2156398,31.5966586],[119.217571,31.5991168],[119.2201191,31.6003001],[119.2212832,31.6016206],[119.2203498,31.6062808],[119.2227745,31.6090037],[119.2266369,31.6151893],[119.226197,31.6156553],[119.2258644,31.6177567],[119.226492,31.6187343],[119.2243141,31.6186475],[119.2242819,31.6191454],[119.2267871,31.6193464],[119.2262399,31.6203239],[119.2264223,31.6210365],[119.2320013,31.6232383],[119.2313146,31.6245173],[119.2318404,31.6251385],[119.2308587,31.6268971],[119.2305368,31.6267737],[119.2304349,31.6270432],[119.2317867,31.6273493],[119.2323875,31.6285369],[119.2380416,31.6300807],[119.2431056,31.6325928],[119.2452621,31.6350501],[119.2474937,31.6338717],[119.2490387,31.6340544],[119.2513776,31.6350044],[119.2549503,31.634776],[119.255476,31.6342097],[119.2558086,31.6328029],[119.2555189,31.631314],[119.2546821,31.6310125],[119.2543173,31.6295509],[119.2550683,31.6292312],[119.2552078,31.628546],[119.2567956,31.6286922],[119.2570531,31.6296879],[119.2578953,31.6299209],[119.2589736,31.6297153],[119.2591935,31.6304644],[119.2569405,31.6312454],[119.2570746,31.6318803],[119.257611,31.632844],[119.258303,31.632844],[119.2590862,31.6312089],[119.2598748,31.6314144],[119.2595208,31.6323645],[119.2603844,31.6339585],[119.2599446,31.6342074],[119.2590755,31.6339014],[119.2579371,31.635613],[119.2576625,31.6372923],[119.258059,31.6375803],[119.2600074,31.6373105],[119.2604641,31.6379798],[119.2618001,31.6380963],[119.2627279,31.6372197],[119.2640091,31.6366188],[119.2679107,31.640759],[119.2702603,31.6424762],[119.2764723,31.6447505],[119.2780065,31.646148],[119.280461,31.647579],[119.2826629,31.6499109],[119.2857957,31.6541486],[119.2874694,31.6547879],[119.2915356,31.6552262],[119.2948401,31.6581121],[119.2960578,31.6567285],[119.2966962,31.6573998],[119.2952371,31.6586874],[119.2952585,31.660523],[119.2995071,31.664888],[119.3026185,31.6650159],[119.3048072,31.6706043],[119.306395,31.6714261],[119.3098068,31.6714626],[119.3107724,31.672814],[119.3116951,31.6745854],[119.3113275,31.675384],[119.3099355,31.6763932],[119.3101072,31.6770689],[119.3114376,31.6777811],[119.3134117,31.6803741],[119.3144846,31.68388],[119.316405,31.6854685],[119.3164009,31.6869241],[119.3176559,31.6882945],[119.3179599,31.6882218],[119.3190391,31.6896864],[119.3193756,31.6909106],[119.3175482,31.6922216],[119.3178098,31.692873],[119.3182208,31.6930556],[119.31918,31.692923],[119.3194283,31.6953584],[119.3209065,31.6972012],[119.3212214,31.6991848],[119.3217306,31.6993754],[119.322223,31.7016911],[119.3212524,31.702897],[119.3238638,31.7035994],[119.3241988,31.7032702],[119.3246222,31.7036287],[119.3243948,31.7049096],[119.3246741,31.7063545],[119.3255778,31.7067319],[119.3258191,31.70715],[119.3245595,31.7083334],[119.3236715,31.7074811],[119.322487,31.7078698],[119.322644,31.7073051],[119.3224215,31.7071607],[119.3216191,31.7075325],[119.3214354,31.7079926],[119.3205081,31.7082743],[119.3194094,31.7095071],[119.3185332,31.7097634],[119.3169292,31.7128475],[119.3173968,31.7131058],[119.3169402,31.7140246],[119.3163188,31.7138298],[119.3159831,31.7145675],[119.3165125,31.7162957],[119.3171435,31.7171753],[119.315617,31.7171922],[119.3150403,31.7190966],[119.3153623,31.7196094],[119.3150012,31.7201014],[119.3159268,31.7203749],[119.3159033,31.7211181],[119.3172175,31.7225623],[119.3176233,31.7236142],[119.3216188,31.7242592],[119.323306,31.7250916],[119.3238236,31.725078],[119.3243241,31.7245872],[119.3240112,31.7239076],[119.3248321,31.7242292],[119.3253681,31.7254745],[119.3252062,31.7264573],[119.3247618,31.7269697],[119.3262544,31.7293317],[119.3235606,31.7313099],[119.3201299,31.7351435],[119.3214056,31.7351025],[119.3212729,31.7359001],[119.3204407,31.7360448],[119.3187052,31.7355492],[119.3177818,31.7357399],[119.3175863,31.7353905],[119.3191983,31.7345946],[119.3188032,31.7342146],[119.3170089,31.734371],[119.3174374,31.7338408],[119.3163681,31.7337953],[119.3161843,31.7334249],[119.3178321,31.7334658],[119.3162776,31.7331349],[119.3155478,31.7322316],[119.3132729,31.7310145],[119.3115873,31.7308105],[119.3095151,31.7328978],[119.309008,31.7323657],[119.3082374,31.7323867],[119.3076311,31.7327886],[119.30702,31.7343711],[119.3062662,31.7349973],[119.3052522,31.7351057],[119.3053212,31.7340763],[119.3049645,31.7339206],[119.3039218,31.7348361],[119.3033816,31.7345656],[119.3032661,31.7356012],[119.3038458,31.736123],[119.3004969,31.737644],[119.3018084,31.7386739],[119.3004381,31.7402063],[119.3009519,31.7403883],[119.3031579,31.7398492],[119.3039192,31.7399462],[119.3067743,31.7419224],[119.3058463,31.7419832],[119.3063622,31.7426647],[119.3073782,31.7423267],[119.3079267,31.7442272],[119.3030586,31.7454395],[119.3032052,31.7460505],[119.3043646,31.7468025],[119.3048374,31.7485898],[119.3047333,31.7500518],[119.3026569,31.75244],[119.3028153,31.7530885],[119.3020556,31.7543525],[119.3025552,31.7557145],[119.3019304,31.7569892],[119.3021749,31.7586644],[119.3019655,31.7589454],[119.30034,31.7583718],[119.2999906,31.7600205],[119.2994103,31.7604165],[119.3002216,31.7631498],[119.3005991,31.7635059],[119.3006977,31.7646823],[119.3003648,31.7649914],[119.3006958,31.7658733],[119.3014832,31.7662029],[119.301002,31.7667549],[119.3010895,31.7686474],[119.3019668,31.7691601],[119.3018598,31.7712304],[119.30213,31.7715216],[119.3018262,31.7721968],[119.3022689,31.7732565],[119.3021153,31.7751174],[119.3028846,31.7771241],[119.3023589,31.7784859],[119.3086826,31.7792535],[119.3092052,31.7831758],[119.3101434,31.7835418],[119.310813,31.7842637],[119.3128842,31.7849283],[119.3130378,31.7856548],[119.3124076,31.7860091],[119.313096,31.7862829],[119.3132986,31.787318],[119.3148471,31.7875609],[119.313343,31.7877516],[119.3123488,31.7891738],[119.3129837,31.7908207],[119.3137381,31.791427],[119.3137332,31.7939809],[119.3144482,31.7979925],[119.3150093,31.7993388],[119.311339,31.7984958],[119.3087615,31.7985975],[119.3078426,31.8012985],[119.3092337,31.8062524],[119.3087431,31.8077265],[119.3104897,31.8085203],[119.3111032,31.8108637],[119.3120647,31.8120974],[119.3113351,31.8141097],[119.3096526,31.8151816],[119.3120365,31.8191375],[119.3121369,31.8198769],[119.3144819,31.8225766],[119.3151581,31.82286],[119.3148878,31.8249786],[119.3165262,31.826975],[119.3162542,31.8290199],[119.3165866,31.8296131],[119.317757,31.8303529],[119.3194831,31.8326571],[119.3230298,31.8351244],[119.3232056,31.8357713],[119.3256698,31.838337],[119.3234798,31.8408903],[119.3253965,31.8437631],[119.3237777,31.8472168],[119.3237448,31.8488402],[119.3233708,31.8488511],[119.323394,31.849269],[119.323688,31.8492983],[119.3252037,31.8518404],[119.3253815,31.8510383],[119.326545,31.8510996],[119.3270699,31.8519343],[119.3291026,31.8518069],[119.3283446,31.8539734],[119.3300024,31.8546017],[119.3297472,31.8553103],[119.3308667,31.8565367],[119.3319508,31.8590557],[119.3329865,31.8585867],[119.334198,31.8590136],[119.3351972,31.8600897],[119.3354077,31.8588997],[119.3378055,31.8588701],[119.3380884,31.8572506],[119.3396513,31.8565944],[119.3417736,31.8594345],[119.3429965,31.8620754],[119.3436127,31.8626594],[119.3447761,31.8609345],[119.3440696,31.8591462],[119.3446655,31.8585844],[119.3466602,31.8591616],[119.349323,31.8606157],[119.3498433,31.8591523],[119.3529693,31.8602251],[119.3551207,31.8599069],[119.3569184,31.8602288],[119.3568829,31.8612915],[119.3579552,31.8612578],[119.3580667,31.8601046],[119.3601601,31.8601178],[119.3602551,31.8591379],[119.3608916,31.8591495],[119.360887,31.8577849],[119.3615167,31.8573458],[119.3612311,31.8570615],[119.3623027,31.8563767],[119.3633472,31.8567254],[119.3648645,31.8565502],[119.364842,31.8562988],[119.3643673,31.856256],[119.3642925,31.855765],[119.3628193,31.8556193],[119.3630053,31.8545977],[119.3649401,31.8526921],[119.3657962,31.853099],[119.3670129,31.8511891],[119.3685401,31.8505173],[119.3682134,31.8498662],[119.3668173,31.8506079],[119.3650425,31.849769],[119.3641313,31.849763],[119.3636568,31.8489115],[119.3647314,31.8483213],[119.3648166,31.847242],[119.3656226,31.8472345],[119.3654436,31.8481814],[119.364849,31.8489459],[119.3660607,31.84851],[119.3665881,31.847616],[119.3689821,31.8478113],[119.3710616,31.8489889],[119.371362,31.848989],[119.3718336,31.8481678],[119.3736232,31.8486164],[119.3738242,31.8482353],[119.374595,31.8483208],[119.3755649,31.8489794],[119.3761918,31.8485073],[119.377231,31.8487779],[119.3805306,31.8485375],[119.3807781,31.8491332],[119.381351,31.8491516],[119.3813615,31.8484883],[119.3821067,31.8484217],[119.3821091,31.8475312],[119.3826383,31.8474695],[119.3826042,31.8470998],[119.3834449,31.8467999],[119.3833318,31.8461889],[119.3847555,31.8455226],[119.3846522,31.8461179],[119.3850602,31.8467184],[119.3855483,31.8466629],[119.385512,31.8462121],[119.3860913,31.8459366],[119.3859844,31.8450446],[119.3863926,31.8447244],[119.3869712,31.8451154],[119.3870665,31.8456408],[119.3888215,31.8453662],[119.3887588,31.8448142],[119.3896069,31.8448408],[119.3897038,31.8442237],[119.3891854,31.8440173],[119.389136,31.8436517],[119.3909151,31.8418735],[119.3910703,31.8410277],[119.3908514,31.8402527],[119.3904901,31.8402313],[119.390502,31.8395133],[119.3910995,31.8389555],[119.3902792,31.8393351],[119.3892246,31.8374299],[119.3914871,31.8369269],[119.3925444,31.8370052],[119.3941933,31.8354083],[119.3963544,31.8353385],[119.3974238,31.8348023],[119.3979554,31.8356082],[119.4021914,31.8344885],[119.4082723,31.8352787],[119.4091026,31.8349116],[119.4100358,31.8351335],[119.4100575,31.8346573],[119.4093626,31.8342918],[119.4103787,31.8340462],[119.4109018,31.8342745],[119.4115811,31.8328207],[119.4127487,31.8326253],[119.4128839,31.8321044],[119.4134165,31.8321599],[119.4133181,31.8315154],[119.4124783,31.8310948],[119.4137275,31.8310586],[119.4140264,31.8318467],[119.4145596,31.8319582],[119.4145765,31.8300042],[119.4154002,31.8295407],[119.4158729,31.8299352],[119.4166761,31.8298284],[119.4167017,31.83013],[119.417015,31.8301143],[119.4170907,31.8310485],[119.4184053,31.8308296],[119.4186552,31.8311742],[119.4193335,31.8310758],[119.4199672,31.8322719],[119.4203704,31.8322583],[119.4204562,31.8342558],[119.4217027,31.834182],[119.4217009,31.8339131],[119.4225609,31.8337754],[119.4233601,31.8351057],[119.4245674,31.8349434],[119.4244011,31.8343538],[119.4248104,31.8342065],[119.4248097,31.8336934],[119.4267894,31.8334954],[119.4265943,31.8324003],[119.4277372,31.8321577],[119.427751,31.8309771],[119.4290889,31.8309077],[119.4294142,31.8294343],[119.4276855,31.8293064],[119.4277606,31.8287092],[119.4299807,31.8286491],[119.4302633,31.8276427],[119.4351979,31.8281345],[119.4380537,31.8296124],[119.4367428,31.8309018],[119.4375444,31.8315568],[119.4368816,31.8325355],[119.4362155,31.8319485],[119.4358024,31.8324692],[119.4364317,31.8330118],[119.4343408,31.8353931],[119.4343222,31.8359107],[119.4329769,31.8355386],[119.4327391,31.8362708],[119.429852,31.8368881],[119.4294756,31.8404684],[119.4281499,31.8406855],[119.4282564,31.8416317],[119.4307536,31.8411161],[119.4307261,31.8419154],[119.4322356,31.8423578],[119.4314278,31.8435841],[119.4305937,31.8430468],[119.4298143,31.8432858],[119.4295835,31.842961],[119.4293099,31.8431193],[119.42946,31.843445],[119.4288913,31.8436954],[119.4287436,31.8434263],[119.4282251,31.8438419],[119.4285204,31.8455027],[119.4280172,31.8455687],[119.4279922,31.8450314],[119.426798,31.8450728],[119.426888,31.8460207],[119.4275531,31.8466733],[119.4269412,31.8467018],[119.4259776,31.8493498],[119.4254387,31.8494425],[119.4263002,31.8498912],[119.4265706,31.8510129],[119.4273444,31.8504545],[119.428676,31.8510755],[119.42855,31.8517361],[119.4290019,31.8519978],[119.4285409,31.8520365],[119.428832,31.8528072],[119.4249544,31.8530336],[119.4205101,31.854546],[119.4174389,31.8539362],[119.4143399,31.8538366],[119.4136395,31.8542818],[119.4126365,31.8565452],[119.4109121,31.8562782],[119.4106446,31.8586215],[119.4108634,31.8593295],[119.411348,31.8591995],[119.4112798,31.8612088],[119.4124954,31.8613063],[119.411627,31.8618604],[119.4123004,31.863316],[119.4125367,31.8632689],[119.4123871,31.8622385],[119.4126377,31.8615944],[119.4132391,31.8614838],[119.41344,31.8630187],[119.4169695,31.8643362],[119.4207931,31.8685472],[119.4214133,31.8701582],[119.4212426,31.8708294],[119.4206279,31.8713158],[119.4187488,31.8716437],[119.417661,31.8736277],[119.4274118,31.8770748],[119.4289727,31.8781824],[119.429661,31.8793687],[119.4344311,31.8786473],[119.4347809,31.8798722],[119.43582,31.8798499],[119.4360104,31.8806651],[119.4357002,31.8812994],[119.4375241,31.8825616],[119.4371803,31.8832447],[119.4389556,31.884973],[119.4401938,31.8843068],[119.441994,31.8856739],[119.4435058,31.8859765],[119.4449378,31.8867454],[119.4451255,31.8872647],[119.4469103,31.8886577],[119.4475173,31.8895393],[119.4479985,31.8892536],[119.4476526,31.8886917],[119.4509583,31.8877941],[119.4560156,31.8858073],[119.4557382,31.8851577],[119.4565841,31.8848611],[119.4562808,31.8842549],[119.4571895,31.883212],[119.457073,31.882087],[119.4575916,31.8820383],[119.4576858,31.8816334],[119.4569255,31.8806463],[119.45802,31.8805329],[119.4591089,31.8795422],[119.4605921,31.87953],[119.4609821,31.8779561],[119.4615888,31.8772802],[119.4624697,31.8750657],[119.4631117,31.8746296],[119.4632978,31.8735186],[119.4704945,31.8738502],[119.47377,31.8696328],[119.4746624,31.8694686],[119.4747539,31.8697244],[119.4757204,31.8697917],[119.4759338,31.8713527],[119.4769267,31.8711928],[119.4767951,31.8709843],[119.4772557,31.8707866],[119.4775605,31.8711143],[119.4783537,31.8709732],[119.4782049,31.8701325],[119.4794045,31.8697044],[119.4789944,31.8693559],[119.4784977,31.8694989],[119.4781611,31.8686476],[119.4851314,31.86452],[119.4860766,31.8637506],[119.4880166,31.8611698],[119.4917566,31.8592314],[119.4922248,31.859904],[119.4922339,31.859537],[119.4927531,31.8594078],[119.4930381,31.8599537],[119.4943166,31.8596809],[119.4947017,31.860553],[119.4950537,31.8604135],[119.4949023,31.859971],[119.4963161,31.8597274],[119.4962544,31.8583156],[119.4999996,31.8570965],[119.5025335,31.8540401],[119.5043164,31.8536861],[119.5054974,31.8538336],[119.5089337,31.8550949],[119.5120365,31.8553717],[119.5148102,31.8560913],[119.5182343,31.856011],[119.5215057,31.8569769],[119.5245131,31.8567492],[119.5280257,31.8556369],[119.530576,31.8562864],[119.5425643,31.85708],[119.5433665,31.8563929],[119.5434775,31.8554847],[119.5458536,31.8558785],[119.5453835,31.8579735],[119.5478729,31.8583963],[119.5473371,31.8605663],[119.5495506,31.8626494],[119.5493391,31.8638206],[119.5484033,31.863486],[119.5481902,31.8644549],[119.5492512,31.8646423],[119.549408,31.865516],[119.5512694,31.8654534],[119.5513661,31.8643328],[119.5540732,31.8666104],[119.5540026,31.8637618],[119.5544507,31.8638521],[119.554427,31.8634343],[119.5536791,31.8633096],[119.5534164,31.8635452],[119.5535347,31.8627759],[119.5523921,31.8624564],[119.5533732,31.8624376],[119.5533716,31.8622281],[119.5521816,31.8620572],[119.5523293,31.8615863],[119.5527602,31.8615709],[119.5524357,31.861382],[119.5540742,31.8584267],[119.5552319,31.8590787],[119.5555984,31.8575473],[119.554823,31.8573691],[119.5549628,31.8571668],[119.5587134,31.858116],[119.5589171,31.8573533],[119.5601289,31.8574413],[119.5606423,31.8569609],[119.5614144,31.8574786],[119.562825,31.8568689],[119.562957,31.8561265],[119.5639188,31.8561882],[119.5639806,31.8559045],[119.5631028,31.8555101],[119.5631135,31.8551533],[119.564372,31.8552021],[119.5643187,31.8556429],[119.5647511,31.8558933],[119.564626,31.8564162],[119.5652173,31.8564912],[119.5653042,31.8560109],[119.5661961,31.8559617],[119.566147,31.8562941],[119.566985,31.8564328],[119.5672722,31.8574247],[119.5674432,31.85662],[119.5679631,31.8565476],[119.5686634,31.8543991],[119.5691463,31.8542842],[119.568153,31.8537302],[119.570732,31.8526196],[119.5701604,31.8522282],[119.5708138,31.8518821],[119.5710223,31.8507691],[119.5713071,31.8508332],[119.5713121,31.8503747],[119.5707819,31.8503668],[119.5707963,31.8488601],[119.5712864,31.8482867],[119.5716707,31.8482886],[119.5719083,31.8484826],[119.5717053,31.8487569],[119.5722615,31.8489225],[119.5729939,31.8483876],[119.5742133,31.8482509],[119.5742254,31.8477085],[119.5752438,31.84767],[119.575141,31.8481087],[119.5760549,31.8475908],[119.5766223,31.8482903],[119.5774158,31.8480371],[119.5787334,31.8488108],[119.5798278,31.8481241],[119.5805246,31.8483072],[119.5804491,31.8486494],[119.5789572,31.8489816],[119.5807254,31.8492186],[119.5808031,31.8507887],[119.5842098,31.8507705],[119.5835662,31.8500122],[119.5842466,31.850105],[119.5845101,31.8486627],[119.5850159,31.8485628],[119.5849361,31.8478217],[119.5843423,31.8477865],[119.5843801,31.8467417],[119.5847027,31.846749],[119.5844965,31.845454],[119.5853501,31.8452676],[119.5853228,31.844052],[119.5865626,31.8439686],[119.5864732,31.843335],[119.5883036,31.8428223],[119.5883295,31.8423482],[119.5873806,31.8415223],[119.5874995,31.8408418],[119.5858663,31.8404808],[119.5861809,31.8403411],[119.5861406,31.8398064],[119.5869336,31.839636],[119.5866896,31.8392208],[119.5864189,31.8394814],[119.5855937,31.8387562],[119.5865161,31.8380064],[119.5861467,31.837733],[119.5867674,31.8373146],[119.5861967,31.8368128],[119.5872946,31.8362477],[119.586894,31.8347868],[119.5857017,31.8351101],[119.5850529,31.8345636],[119.5868832,31.8340982],[119.5874489,31.8346208],[119.5880209,31.8344818],[119.5881711,31.8341098],[119.5889766,31.8342938],[119.5913053,31.833575],[119.5930491,31.833551],[119.5929572,31.8329447],[119.5933057,31.8327369],[119.5937671,31.8331249],[119.5948973,31.8321838],[119.5946313,31.8319635],[119.5949764,31.8300818],[119.5943768,31.8299969],[119.5943814,31.8292479],[119.5936427,31.8291864],[119.5938525,31.8270854],[119.5945748,31.827163],[119.5948545,31.8260154],[119.5997599,31.8259833],[119.5997374,31.825305],[119.6011039,31.8248332],[119.6009783,31.8245104],[119.5998876,31.8245029],[119.60001,31.8236073],[119.6011071,31.8234695],[119.6024583,31.8237902],[119.6016793,31.8216213],[119.6005756,31.8213895],[119.5998653,31.8195328],[119.5984189,31.8198216],[119.598247,31.8184154],[119.5974985,31.8169972],[119.5986937,31.817161],[119.5985155,31.8167443],[119.5987771,31.8166839],[119.5990115,31.8171735],[119.5993932,31.8171892],[119.5990923,31.8162976],[119.5982814,31.8164042],[119.5974232,31.8149874],[119.5986553,31.8140335],[119.5986809,31.8144409],[119.5989982,31.8141882],[119.5996948,31.814663],[119.6001831,31.8144459],[119.6001683,31.8138272],[119.6015165,31.8134403],[119.5991269,31.8097777],[119.6003888,31.8089733],[119.6008869,31.807325],[119.6040577,31.8075399],[119.6038046,31.8053822],[119.6043871,31.8049894],[119.6055292,31.8031555],[119.6045926,31.8006307],[119.6064,31.8008608],[119.6073756,31.8005961],[119.6083228,31.7997148],[119.6091353,31.800143],[119.6140955,31.8000337],[119.618597,31.799148],[119.6197385,31.7997115],[119.6203783,31.7991651],[119.6212335,31.7999824],[119.6215453,31.7999206],[119.6222867,31.8010994],[119.6232406,31.8011794],[119.6232166,31.8053443],[119.6240839,31.8053367],[119.628927,31.8044243],[119.6296003,31.8036972],[119.6297746,31.8039808],[119.6298362,31.8037072],[119.6289458,31.803251],[119.6291155,31.8028372],[119.6284483,31.8024379],[119.6287696,31.8020771],[119.6295826,31.8020842],[119.6297997,31.8009925],[119.6303392,31.8007725],[119.6309044,31.7997111],[119.6320411,31.8002745],[119.631706,31.7997648],[119.6322481,31.7998707],[119.6324354,31.7995097],[119.6322104,31.7992253],[119.6325728,31.7990059],[119.6318333,31.7987133],[119.6321311,31.7985259],[119.6319313,31.7979245],[119.6321426,31.7977879],[119.6325218,31.7982121],[119.6329835,31.7979495],[119.6326909,31.7974774],[119.6330266,31.7972407],[119.6335443,31.7975923],[119.633855,31.7973691],[119.6343025,31.798057],[119.6339185,31.7983881],[119.634168,31.7985203],[119.6363323,31.7987533],[119.6364644,31.7990472],[119.6370213,31.7988322],[119.6371323,31.7991486],[119.6364084,31.7998062],[119.6373223,31.7993827],[119.6377957,31.7987375],[119.6391517,31.8002374],[119.6437086,31.796096],[119.6431016,31.795592],[119.6397432,31.7943812],[119.6387577,31.7944517],[119.6377746,31.7933331],[119.6384527,31.7927885],[119.6389908,31.793339],[119.6402842,31.791854],[119.6406419,31.7919338],[119.6415924,31.7911783],[119.6411469,31.7908164],[119.64131,31.7901689],[119.6410964,31.7899546],[119.6412225,31.7897689],[119.6414864,31.790024],[119.6420122,31.7894686],[119.6417616,31.7884747],[119.6413428,31.7884935],[119.6413846,31.7882449],[119.6420775,31.7880984],[119.6420754,31.7871236],[119.6429584,31.7848152],[119.6439876,31.7845598],[119.6437344,31.7842045],[119.6451679,31.7835145],[119.6456549,31.7838647],[119.6459719,31.7837145],[119.6453859,31.7828106],[119.6456871,31.7823233],[119.6459218,31.7824579],[119.6467763,31.7818775],[119.6465706,31.78102],[119.6469159,31.781059],[119.6473688,31.7798984],[119.6467237,31.7796496],[119.6476859,31.778928],[119.6478042,31.778431],[119.6498558,31.7772101],[119.6503434,31.7763134],[119.6503163,31.775583],[119.6519782,31.7762242],[119.652759,31.7756074],[119.652882,31.7748083],[119.6539534,31.7744616],[119.6542931,31.7751086],[119.655023,31.774966],[119.6553043,31.77458],[119.655968,31.7748943],[119.6558619,31.7746223],[119.656203,31.7746548],[119.6560708,31.7749452],[119.656809,31.7752386],[119.6570398,31.7747898],[119.6574757,31.7748114],[119.6583115,31.7755646],[119.6580873,31.7759717],[119.6585435,31.7756942],[119.6592651,31.7759985],[119.6588668,31.7768031],[119.6593751,31.7768899],[119.659266,31.7764498],[119.6595509,31.7760959],[119.6613878,31.7756261],[119.6609113,31.7752403],[119.6613231,31.774813],[119.6606612,31.773791],[119.6610256,31.773492],[119.661659,31.7742627],[119.6620315,31.7735965],[119.6621944,31.7737913],[119.6625385,31.7733895],[119.6629721,31.7738341],[119.6643139,31.7730911],[119.6646932,31.7733074],[119.6643817,31.7736083],[119.664648,31.7737393],[119.6643797,31.7744538],[119.6645763,31.7747728],[119.6668711,31.7751795],[119.6669019,31.7749068],[119.6647062,31.7743411],[119.6647207,31.7739458],[119.6661639,31.774516],[119.6662623,31.7738714],[119.6669178,31.7741093],[119.6672565,31.7738757],[119.6676515,31.7751967],[119.6681064,31.7754543],[119.6686942,31.7754673],[119.6687406,31.774919],[119.6690383,31.7749376],[119.669187,31.7754398],[119.6694316,31.7749351],[119.6700312,31.7748915],[119.6699986,31.7754966],[119.6703392,31.775508],[119.6703587,31.774904],[119.6707437,31.7745926],[119.6721122,31.7750347],[119.672661,31.7748716],[119.6728273,31.7744601],[119.6721246,31.7744901],[119.6718358,31.7732411],[119.6732714,31.7735035],[119.6733064,31.7731544],[119.6740856,31.7733181],[119.6737857,31.7711881],[119.674036,31.7711975],[119.6741751,31.7717732],[119.676089,31.7718111],[119.6775735,31.7713896],[119.6802493,31.7712064],[119.6818694,31.7723897],[119.6820879,31.771656],[119.6831982,31.7709775],[119.6833922,31.7711196],[119.6828331,31.7716478],[119.6834722,31.7715188],[119.6842238,31.7707916],[119.684132,31.7705652],[119.6854456,31.7702045],[119.6854949,31.7695994],[119.686488,31.7688517],[119.686945,31.7695316],[119.6881017,31.7691336],[119.6878024,31.7682524],[119.6885009,31.7677953],[119.6884181,31.7672636],[119.6879433,31.7672347],[119.6879488,31.7669589],[119.6886197,31.7666556],[119.6882702,31.7662328],[119.6887758,31.7658704],[119.6885662,31.7656964],[119.6888945,31.7652579],[119.6883355,31.7642267],[119.6891559,31.7640434],[119.6887502,31.763182],[119.6878733,31.7631046],[119.6878336,31.7622144],[119.6867764,31.7619137],[119.6874151,31.7616615],[119.6865984,31.7612714],[119.6881624,31.7611038],[119.6890307,31.7600147],[119.6890936,31.7594889],[119.6895062,31.7596316],[119.6898004,31.759335],[119.6892433,31.7590538],[119.6903828,31.7566458],[119.6924491,31.757737],[119.6927905,31.7573333],[119.6918549,31.756467],[119.6933927,31.7556314],[119.6934637,31.7545258],[119.6951416,31.7545827],[119.6959869,31.7529386],[119.6978194,31.7532777],[119.7021028,31.7521367],[119.7021774,31.7473772],[119.7025021,31.7466088],[119.7029156,31.7463957],[119.7029692,31.7443678],[119.7022256,31.7441847],[119.7022269,31.7435642],[119.7034033,31.7435664],[119.7031165,31.7420336],[119.7017602,31.740945],[119.703121,31.7410515],[119.7030131,31.741471],[119.7043819,31.7416171],[119.7045821,31.741117],[119.7034059,31.7409139],[119.7034824,31.7404235],[119.7045097,31.7407187],[119.7050015,31.7404694],[119.7050769,31.7392198],[119.7055786,31.7396827],[119.7078998,31.7405583],[119.7090255,31.7398909],[119.7090485,31.7403351],[119.711158,31.7400243],[119.7121634,31.7392759],[119.712097,31.7386379],[119.7129865,31.738602],[119.7133912,31.7382075],[119.7141639,31.7388372],[119.7132432,31.7369818],[119.7140793,31.7364815],[119.7155388,31.7386249],[119.7194592,31.7374445],[119.719721,31.7368458],[119.7259922,31.7350122],[119.7268934,31.7349766],[119.7281815,31.735464],[119.728534,31.7340385],[119.7294783,31.7335996],[119.7295399,31.7324004],[119.7388059,31.7323932],[119.739088,31.7327326],[119.7352055,31.7376351],[119.7347785,31.7373519],[119.7345954,31.7361031],[119.7343918,31.7361919],[119.7345538,31.7377938],[119.7327605,31.7407165],[119.72995,31.74209],[119.729299,31.7429997],[119.7295602,31.7456242],[119.7307976,31.746511],[119.7301955,31.7469942],[119.7307297,31.7475142],[119.7303517,31.7479572],[119.7297178,31.7474107],[119.7294009,31.7475142],[119.7296628,31.7478255],[119.7292958,31.7478525],[119.7296384,31.7484013],[119.7297588,31.7500108],[119.7302871,31.7500316],[119.7302737,31.751638],[119.7299542,31.7516593],[119.7302159,31.7523298],[119.7306362,31.7524942],[119.7308647,31.7533344],[119.7316637,31.7541219],[119.7322248,31.7541952],[119.7320061,31.7555997],[119.7329139,31.7553819],[119.7330676,31.7570716],[119.7313554,31.7575682],[119.7315117,31.7583918],[119.7323675,31.7594003],[119.7336773,31.7600195],[119.7335717,31.7628274],[119.7328294,31.7628241],[119.7325207,31.7631331],[119.7327935,31.7635772],[119.7332115,31.7635387],[119.732835,31.7639859],[119.7337116,31.7641244],[119.7322291,31.7680315],[119.7336052,31.770047],[119.7352151,31.773436],[119.7388255,31.7752215],[119.7393136,31.7763491],[119.7402014,31.7764408],[119.7408673,31.7769032],[119.7414397,31.7768148],[119.7418627,31.7779707],[119.7416388,31.7782977],[119.7412801,31.7780455],[119.7408662,31.7782379],[119.7412062,31.7786609],[119.7422892,31.7789587],[119.7426594,31.7787894],[119.7426732,31.7793213],[119.7431659,31.7793164],[119.7433372,31.779991],[119.7437961,31.7799765],[119.7429994,31.780117],[119.7430049,31.7805394],[119.7464633,31.7807381],[119.7464695,31.7811528],[119.747774,31.7813424],[119.7481449,31.7833508],[119.7473679,31.7833338],[119.7469125,31.7856522],[119.7466639,31.7856088],[119.7469092,31.7847387],[119.7466245,31.7847381],[119.7460975,31.7855637],[119.7464562,31.785621],[119.7464969,31.786412],[119.7470331,31.7862405],[119.7472836,31.7859399],[119.7470195,31.78569],[119.7475054,31.7853646],[119.7477474,31.7858064],[119.7470561,31.786801],[119.7471003,31.7872242],[119.7475378,31.7869414],[119.7478949,31.787033],[119.7477398,31.787401],[119.7486327,31.7876427],[119.7497997,31.7874231],[119.7498726,31.7879003],[119.7503196,31.7878802],[119.7503489,31.7875231],[119.7514165,31.7874346],[119.7518799,31.7877377],[119.7539085,31.7879293],[119.7554165,31.7935012],[119.753632,31.7940019],[119.7541013,31.7951988],[119.7538373,31.7957456],[119.7548202,31.7959979],[119.7549317,31.797197],[119.7553659,31.7975793],[119.7556738,31.7973569],[119.7572039,31.7992382],[119.7567775,31.7996332],[119.7570422,31.7998249],[119.7574671,31.7994143],[119.7592086,31.8003364],[119.7589367,31.8006599],[119.7598528,31.8009266],[119.759887,31.8014907],[119.7594188,31.8016523],[119.7585222,31.8013188],[119.7585417,31.8016191],[119.7589766,31.8016855],[119.7589248,31.8021184],[119.7599926,31.8023654],[119.7598307,31.8031431],[119.7595219,31.8031399],[119.7592377,31.8042785],[119.7588336,31.8046827],[119.7598673,31.806943],[119.7605295,31.8069884],[119.7605032,31.8072206],[119.7597251,31.8071386],[119.7600512,31.8086119],[119.7593017,31.8090477],[119.7593918,31.8100411],[119.7609467,31.8106244],[119.7621147,31.8098878],[119.7645088,31.8105119],[119.769211,31.8107163],[119.7704165,31.8097758],[119.7710665,31.8099583],[119.7722197,31.809436],[119.7758932,31.8095908],[119.7760272,31.8092767],[119.7766461,31.8091706],[119.7759545,31.8098388],[119.7766463,31.8101241],[119.7775566,31.8098635],[119.7781142,31.81012],[119.7779448,31.8107136],[119.778497,31.8097238],[119.7773946,31.8092246],[119.7797641,31.8093174],[119.7801882,31.8095511],[119.7795305,31.8112619],[119.7805316,31.8114676],[119.7809463,31.8111535],[119.782164,31.811805],[119.7826266,31.8116829],[119.7833609,31.8103085],[119.7845626,31.8098298],[119.7846595,31.8111316],[119.7863765,31.8113413],[119.7855226,31.8137597],[119.7851276,31.8140617],[119.7835907,31.8139131],[119.7819758,31.8188277],[119.7813205,31.8192791],[119.7815343,31.8195936],[119.780892,31.8197938],[119.7809983,31.8204886],[119.7818484,31.8202882],[119.781991,31.8207283],[119.7826167,31.8210219],[119.7830631,31.8208799],[119.7836682,31.8217893],[119.7843897,31.8221101],[119.7860324,31.8205904],[119.7866804,31.8209668],[119.7873374,31.8224543],[119.7890992,31.8233287],[119.7885191,31.824374],[119.7886372,31.8250465],[119.7865787,31.8271271],[119.7865239,31.8279189],[119.7874475,31.8277655],[119.7873138,31.8306397],[119.7883828,31.8312906],[119.7897197,31.8311624],[119.789698,31.8320903],[119.7908653,31.8325364],[119.7932583,31.8328839],[119.7939962,31.8341757],[119.7943557,31.8340866],[119.7945462,31.8344436],[119.7952004,31.834149],[119.7957945,31.8350502],[119.7946581,31.8354788],[119.7944435,31.836452],[119.7953064,31.836455],[119.7960291,31.8376724],[119.7970335,31.8372975],[119.7978504,31.8387447],[119.7952581,31.8399146],[119.7957066,31.8407556],[119.7966034,31.8404144],[119.7970552,31.8412223],[119.7974682,31.8410253],[119.7976944,31.8416217],[119.7982874,31.8414223],[119.7980086,31.8408506],[119.7988407,31.8405403],[119.8066871,31.8543309],[119.8061795,31.8547355],[119.8057943,31.8545073],[119.8059913,31.8542146],[119.8034432,31.854524],[119.8027921,31.8542181],[119.8023145,31.8545957],[119.8011789,31.854171],[119.8007013,31.8542413],[119.8007083,31.8549406],[119.7998405,31.8551265],[119.7996576,31.8545674],[119.7978537,31.8549243],[119.7979248,31.8541202],[119.797093,31.8544433],[119.7968625,31.854068],[119.7966277,31.8545513],[119.796973,31.8547724],[119.7966211,31.855235],[119.7948311,31.8548623],[119.7944599,31.8542841],[119.7927368,31.8562225],[119.7899997,31.8549924],[119.7892585,31.8549624],[119.7888462,31.8553871],[119.7886274,31.8550227],[119.7844191,31.8532814],[119.7842617,31.8523886],[119.783109,31.8526057],[119.7832439,31.8534104],[119.7836965,31.8535459],[119.7836389,31.8543536],[119.7849981,31.8545508],[119.7853902,31.855171],[119.7850015,31.8557018],[119.7837545,31.8550236],[119.7826005,31.8554265],[119.7819376,31.8552064],[119.7814868,31.8556711],[119.7810889,31.8550357],[119.7807016,31.8552869],[119.7805175,31.8551027],[119.7796019,31.8558675],[119.7789239,31.8544631],[119.7784663,31.8549374],[119.7776049,31.8547312],[119.777206,31.8550737],[119.7764017,31.8541066],[119.7748237,31.8533734],[119.7756689,31.8531073],[119.7754108,31.8525503],[119.7737209,31.852536],[119.7743726,31.8522369],[119.774344,31.8515013],[119.774101,31.8515154],[119.7739663,31.8509702],[119.773408,31.8510582],[119.7732013,31.850532],[119.771596,31.8507831],[119.7717682,31.8512322],[119.7712904,31.8514568],[119.7712505,31.850932],[119.7694725,31.8516194],[119.7664968,31.8508891],[119.7655067,31.8499493],[119.7630053,31.8542173],[119.7644425,31.8557732],[119.7639563,31.8560357],[119.7634876,31.8554795],[119.7623345,31.8553394],[119.759415,31.8601403],[119.7578431,31.8621028],[119.7587819,31.8624182],[119.7591858,31.8632472],[119.7589841,31.863755],[119.7603601,31.8640557],[119.7611641,31.8653314],[119.761014,31.8656518],[119.7603103,31.8655948],[119.760913,31.8677651],[119.7599021,31.8684489],[119.7599978,31.8689014],[119.7604282,31.8687022],[119.760568,31.8702341],[119.7615811,31.8720461],[119.761276,31.8726955],[119.7604671,31.8726941],[119.7605597,31.8740885],[119.7594129,31.8742152],[119.7598237,31.8757867],[119.7571384,31.8769935],[119.7563743,31.8764288],[119.7559328,31.8779046],[119.7556996,31.8777996],[119.7549954,31.8788044],[119.7546216,31.8786323],[119.7542255,31.8796704],[119.7531526,31.8806542],[119.7535231,31.8809423],[119.7531779,31.8817324],[119.751404,31.8834816],[119.7494241,31.8843124],[119.7491975,31.8853353],[119.7485714,31.8856808],[119.7484601,31.8863754],[119.7484468,31.8889839],[119.7495053,31.8918482],[119.7545097,31.8890754],[119.7560889,31.8915122],[119.756403,31.8913259],[119.7583051,31.8933367],[119.7593346,31.8926455],[119.7598735,31.8932839],[119.7601244,31.8931559],[119.7597171,31.894214],[119.760358,31.8940198],[119.7606379,31.8943516],[119.7625451,31.8948502],[119.76059,31.896121],[119.7619936,31.8969129],[119.7631818,31.8970123],[119.762704,31.8973683],[119.7632803,31.897873],[119.763551,31.8976573],[119.7640535,31.8979938],[119.7639714,31.8991102],[119.7650726,31.8991273],[119.7653515,31.8995035],[119.7648618,31.9014511],[119.7660865,31.9019492],[119.7665893,31.9017868],[119.7666098,31.9022199],[119.767601,31.9022209],[119.7676055,31.9037061],[119.7695442,31.903702],[119.7704428,31.9028419],[119.7708383,31.9036068],[119.7716372,31.9030449],[119.7723749,31.9037516],[119.7766919,31.9037338],[119.776882,31.9044504],[119.7781187,31.9044736],[119.7783372,31.9049865],[119.7779142,31.9084347],[119.7767902,31.9087052],[119.7767175,31.910853],[119.7762772,31.9108791],[119.776466,31.9122679],[119.7774431,31.9122515],[119.7776843,31.9133664],[119.778763,31.913234],[119.778019,31.9158023],[119.7774965,31.9210585],[119.7777187,31.9215679],[119.7781951,31.9216676],[119.7770202,31.9228585],[119.7778916,31.9239044],[119.7782736,31.9237446],[119.7787825,31.9250374],[119.7794861,31.9249701],[119.7793144,31.9251753],[119.7800362,31.9260958],[119.783576,31.9250972],[119.7845317,31.9272001],[119.786764,31.9274039],[119.7871137,31.9284963],[119.7864608,31.9310465],[119.7843217,31.9312732],[119.7833206,31.9317097],[119.7833607,31.9310169],[119.7804648,31.9317107],[119.7805762,31.9323141],[119.7797735,31.9323112],[119.7802208,31.932984],[119.7793878,31.9343939],[119.7795653,31.9350084],[119.7789226,31.9351891],[119.779378,31.9366922],[119.7780979,31.9373219],[119.7782543,31.9379149],[119.7777177,31.9381057],[119.7777378,31.9386658],[119.777404,31.9387447],[119.7772161,31.9382565],[119.7754473,31.9388036],[119.7750729,31.9379792],[119.7739705,31.9383383],[119.7743451,31.9391886],[119.7714373,31.940571],[119.7724973,31.9428546],[119.7717761,31.9430466],[119.772668,31.9452179],[119.7719679,31.9453768],[119.7725191,31.9468718],[119.7722048,31.9490252],[119.7710375,31.9488964],[119.7709379,31.949698],[119.7702247,31.9496509],[119.7703792,31.9483719],[119.769075,31.9486502],[119.7688451,31.9481804],[119.7674896,31.9484636],[119.7673185,31.9481587],[119.7657379,31.9491876],[119.7660347,31.9500278],[119.7665719,31.9504987],[119.7666415,31.9523551],[119.7660982,31.9524733],[119.7661383,31.9528409],[119.7640994,31.953146],[119.7650282,31.956529],[119.7631638,31.956682],[119.7635987,31.9596675],[119.7645004,31.9596073],[119.7647266,31.9609358],[119.7662065,31.9608301],[119.7672318,31.9645482],[119.7654735,31.9649682],[119.7657156,31.9656307],[119.7663156,31.9654622],[119.7671799,31.968152],[119.7682714,31.9680341],[119.7697049,31.973121],[119.7691748,31.9732479],[119.7693059,31.9738458],[119.7681315,31.9741131],[119.7681879,31.9756663],[119.7685742,31.9756179],[119.7686634,31.9762714],[119.768207,31.9763464],[119.7683569,31.9775324],[119.7687502,31.9774863],[119.7690914,31.9792253],[119.7701072,31.9790879],[119.7701296,31.980889],[119.7722634,31.9818638],[119.7730517,31.9843888],[119.7744055,31.9842972],[119.7742401,31.9865388],[119.7710013,31.9870423],[119.7715639,31.9895844],[119.7719364,31.9898627],[119.7717148,31.9900493],[119.7722118,31.9922283],[119.7726599,31.9927482],[119.773002,31.9925295],[119.7729247,31.9932353],[119.7747262,31.9932802],[119.7749605,31.9956536],[119.7746824,31.9956895],[119.7747315,31.9967481],[119.7745136,31.99673],[119.7747421,31.9975357],[119.7745279,31.9975765],[119.7745414,31.9991481],[119.7742431,31.9991884],[119.7743017,31.9999457],[119.773624,31.9999059],[119.7736935,32.0014063],[119.7747376,32.0013625],[119.7751492,32.0043633],[119.7755549,32.0043589],[119.7755541,32.0049199],[119.7740628,32.0051193],[119.7740796,32.0053477],[119.7732912,32.0054274],[119.7733361,32.0059361],[119.7729581,32.0059484],[119.7730405,32.0071223],[119.7734818,32.0070429],[119.7735802,32.0093035],[119.7745123,32.0092957],[119.7746057,32.0102531],[119.7753914,32.0100516],[119.7754611,32.0106958],[119.7768782,32.0105835],[119.776985,32.0111204],[119.7773718,32.0110854],[119.7774514,32.012695],[119.7785882,32.0127245],[119.778718,32.0134773],[119.7799142,32.0136033],[119.7801172,32.0154724],[119.7775495,32.0159659],[119.7774332,32.0153494],[119.7760207,32.0157301],[119.7758936,32.0148751],[119.7735044,32.0151762],[119.7736734,32.0163405],[119.7712365,32.0171008],[119.7716229,32.0186611],[119.7726827,32.0185551],[119.7727642,32.0196899],[119.7750033,32.0195102],[119.7776496,32.0257068],[119.7765157,32.0258945],[119.7767115,32.0285758],[119.7783938,32.0286723],[119.7783648,32.0297194],[119.7790486,32.0297349],[119.7790291,32.031537],[119.7805009,32.0313227],[119.7824028,32.0355791],[119.7831209,32.0353805],[119.7835699,32.0359831],[119.7837684,32.0373538],[119.7833285,32.0374904],[119.7837187,32.0402499],[119.7875554,32.0474315],[119.7869908,32.0476778],[119.7870733,32.0479459],[119.787322,32.0478775],[119.7875003,32.0483955],[119.7879289,32.0482653],[119.7922523,32.0542637],[119.7922936,32.0549571],[119.7934565,32.0563503],[119.7947564,32.0572489],[119.7960586,32.0576511],[119.7964986,32.057149],[119.7983066,32.0575764],[119.8054638,32.05789],[119.8089046,32.0569916],[119.8105453,32.0569541],[119.810992,32.0573675],[119.8130411,32.0571702],[119.8137844,32.0575987],[119.8148484,32.057591],[119.8182688,32.0565486],[119.8217909,32.0540674],[119.8236909,32.0544416],[119.8274339,32.0541729],[119.8279754,32.0549713],[119.8285583,32.0550774],[119.829153,32.0547101],[119.8312605,32.0556027],[119.834506,32.0562757],[119.8344759,32.0585624],[119.8386878,32.0611766],[119.8393646,32.0618019],[119.8392273,32.0620891],[119.8451045,32.0608987],[119.8546748,32.0536395],[119.8548891,32.0537983],[119.8543241,32.0543866],[119.8595748,32.0576758],[119.8624523,32.0599481],[119.8641212,32.0610096],[119.8643793,32.0603086],[119.8658116,32.0611029],[119.8666101,32.0602623],[119.8689803,32.0556381],[119.8677008,32.0549682],[119.8689272,32.0519297],[119.8689449,32.0509032],[119.8705349,32.0480685],[119.8742519,32.0433853],[119.877554,32.0417123],[119.8794393,32.0412959],[119.8814647,32.0416667],[119.8814466,32.0449331],[119.8819549,32.0462013],[119.8835209,32.0485205],[119.8849788,32.0494728],[119.885927,32.0497954],[119.8874288,32.0497724],[119.8931807,32.0489309],[119.8920902,32.0473067],[119.891096,32.0434072],[119.8912636,32.0415355],[119.8920686,32.0393623],[119.8974916,32.027156],[119.901671,32.016277],[119.9048002,32.0120708],[119.9102022,32.0073975],[119.9124115,32.0061521],[119.9151882,32.0058026],[119.9282438,32.0067419],[119.9339288,32.0064402],[119.9495202,32.0036809],[119.9502681,32.0043954],[119.9503587,32.0070906],[119.9508818,32.0087621],[119.9520487,32.0100696],[119.9648153,32.0164068],[119.9672069,32.0141951],[119.9790655,32.0061444],[119.9929817,31.993523],[120.0041657,31.9811919],[120.0143275,31.973056],[120.0065269,31.9568274],[120.006087,31.9565133],[120.0031902,31.951229],[120.002686,31.9495994],[120.0027235,31.9472143],[120.0023695,31.9459443],[120.0030776,31.9448928],[120.0031044,31.9440779],[120.0028898,31.9436],[120.0022354,31.9432813],[120.0022193,31.942899],[120.0034638,31.9420249],[120.0037481,31.9410599],[120.0027128,31.9403907],[120.0024542,31.939168],[120.0018116,31.9382011],[120.0033029,31.9354787],[120.0044455,31.9322191],[120.0055452,31.9312539],[120.0057223,31.930571],[120.0095256,31.9286634],[120.0098421,31.9279896],[120.0091877,31.9276162],[120.0094773,31.9271427],[120.0098475,31.9273249],[120.0108184,31.9268605],[120.0123527,31.924675],[120.0132003,31.9243017],[120.014282,31.9231185],[120.0147022,31.9189913],[120.0134416,31.9171486],[120.0089237,31.9153154],[120.0064845,31.9154984],[120.0050415,31.9159524],[120.0035422,31.9146528],[120.004165,31.9140918],[120.0040689,31.9136351],[120.0030025,31.9134421],[120.0028201,31.9121807],[120.0022837,31.9125177],[120.0023588,31.9115477],[120.0019983,31.9114494],[120.0022201,31.911841],[120.001082,31.9117026],[120.0003686,31.9114066],[120.0003997,31.9107481],[120.0002181,31.9113262],[119.9999019,31.9113565],[120.0002387,31.9115496],[119.9983971,31.911198],[119.9985339,31.9101718],[119.9993904,31.9099842],[119.9986254,31.9099599],[119.9988523,31.9094569],[119.9984073,31.909275],[119.9982968,31.9088629],[119.9978473,31.9088155],[119.9981745,31.9076862],[119.9976016,31.9073902],[119.9980243,31.9067617],[119.9987914,31.9069074],[119.9988416,31.9064637],[119.9981477,31.9061424],[119.9984481,31.9057325],[119.9991079,31.9059602],[119.9993869,31.9055094],[119.9997677,31.9056109],[119.999977,31.9051177],[119.998314,31.9045166],[119.9994244,31.904166],[119.9997463,31.9046214],[119.9995585,31.9035921],[119.9993823,31.9039968],[119.998421,31.9041124],[119.9983784,31.9035056],[119.9989001,31.903318],[119.9986359,31.9027724],[119.9993965,31.9026786],[119.9986131,31.9026791],[119.9984052,31.9019481],[119.9976595,31.901816],[119.9974932,31.9013333],[119.9983086,31.900928],[119.9985044,31.8999652],[119.9990811,31.8998259],[119.9991508,31.8994205],[119.9984653,31.8993028],[119.9985691,31.8985878],[119.9981925,31.8985003],[119.9980297,31.8975624],[119.9953196,31.8977828],[119.9945804,31.8967517],[119.9941888,31.8970022],[119.9939152,31.8967244],[119.9961682,31.8947477],[119.9963613,31.894898],[119.9959268,31.8954446],[119.996297,31.8955174],[119.9964753,31.8950445],[119.9967637,31.8953034],[119.9969997,31.8948844],[119.9979975,31.8948616],[119.9974986,31.893937],[119.9982603,31.8928622],[119.9980672,31.8924796],[119.9985734,31.8918362],[119.9984159,31.8912771],[119.9985876,31.8908809],[119.9995263,31.8909811],[119.9982496,31.8906941],[119.9981509,31.8902097],[119.9996108,31.8898281],[119.999587,31.8904106],[120.0014997,31.8899604],[120.0015348,31.8902293],[120.0019744,31.8901888],[120.0019055,31.8896757],[120.002543,31.8890123],[120.002922,31.8890499],[120.0027986,31.8886263],[120.0033903,31.8871696],[120.0041009,31.8873833],[120.0045474,31.8862988],[120.0042578,31.8862304],[120.004939,31.8846407],[120.0042272,31.8845396],[120.0054369,31.884433],[120.0063231,31.8853741],[120.008147,31.8860983],[120.0090498,31.8850001],[120.0099762,31.8844918],[120.0103217,31.8837254],[120.0098327,31.8833216],[120.0102069,31.8827823],[120.0107506,31.8829271],[120.0107798,31.8824197],[120.0099923,31.8821719],[120.0101112,31.8814246],[120.0107219,31.88127],[120.0107487,31.8807279],[120.0106404,31.8804473],[120.0093325,31.8807644],[120.0095632,31.880113],[120.0088191,31.8784016],[120.0079571,31.8782628],[120.0079147,31.8785321],[120.0072457,31.8785915],[120.0057813,31.8774253],[120.0052448,31.8760451],[120.0083111,31.8736607],[120.0081631,31.8730387],[120.008383,31.8728701],[120.0068971,31.8718952],[120.0072511,31.8713121],[120.0064794,31.8703877],[120.005925,31.8703707],[120.0058027,31.869713],[120.0041553,31.8693939],[120.0047663,31.8682112],[120.0045957,31.868237],[120.0042685,31.8689978],[120.0032439,31.8687427],[120.0032707,31.8669158],[120.0052164,31.8674962],[120.004626,31.8671654],[120.004762,31.8665604],[120.0051322,31.8664921],[120.0050356,31.8659545],[120.0038383,31.8659788],[120.0031522,31.8650585],[120.0024127,31.8649727],[120.0016571,31.8653059],[120.0003509,31.864667],[119.9989344,31.8645107],[119.9994995,31.8623233],[119.9992678,31.8613681],[120.0001433,31.8607241],[119.9966259,31.8591019],[119.9972168,31.8570592],[119.9969723,31.8569774],[119.9961642,31.8599407],[119.993147,31.8593406],[119.992319,31.8588519],[119.9916195,31.8590954],[119.9900087,31.8588315],[119.9900994,31.857186],[119.9887218,31.8569765],[119.9886551,31.8561476],[119.9861853,31.8558923],[119.986452,31.8543233],[119.9870466,31.8536344],[119.9876568,31.8519545],[119.9873267,31.8511367],[119.9888887,31.8515159],[119.9889896,31.8512803],[119.9920752,31.851042],[119.9920537,31.850158],[119.992595,31.8498103],[119.9922592,31.849525],[119.9926771,31.8479183],[119.9956747,31.8475968],[119.9963361,31.842866],[119.9958356,31.8397633],[119.9985715,31.8406611],[119.9988951,31.8395214],[119.9996572,31.8396241],[119.9998561,31.8390141],[120.0005853,31.8392137],[120.0009113,31.8386135],[120.001015,31.837692],[120.0002991,31.8374008],[120.0013202,31.8370125],[120.0010316,31.8354633],[119.9994126,31.8361464],[119.9988665,31.83537],[119.9983499,31.831982],[119.9987651,31.8319879],[119.9987163,31.8314232],[119.9984685,31.8317849],[119.9976005,31.8299511],[120.0013185,31.8273729],[120.0013135,31.8270569],[120.0050345,31.8294422],[120.0052126,31.8291398],[120.0048637,31.8289272],[120.0067629,31.825922],[120.0085654,31.8268609],[120.0105985,31.8267105],[120.0130812,31.8253767],[120.0145327,31.8241523],[120.0144387,31.8247208],[120.0151757,31.824524],[120.0155257,31.8249807],[120.0156156,31.8261324],[120.0159683,31.8261772],[120.0162526,31.8267151],[120.0175669,31.8269865],[120.0184306,31.8277953],[120.0186494,31.8294149],[120.0182808,31.8313705],[120.0202158,31.8316573],[120.0200292,31.8333016],[120.0203403,31.8339481],[120.0214464,31.8340744],[120.0262197,31.8332964],[120.0262251,31.8318471],[120.0256511,31.83089],[120.0259638,31.8301093],[120.0254351,31.8297916],[120.0256792,31.8290817],[120.025341,31.8294965],[120.024811,31.8293237],[120.0247874,31.8290033],[120.02537,31.8289126],[120.0246801,31.8283379],[120.0247659,31.8280371],[120.0256843,31.827976],[120.0259826,31.8287495],[120.0265083,31.8287221],[120.0266263,31.8274368],[120.0273087,31.8269856],[120.0270233,31.8263703],[120.0280919,31.8260407],[120.0280296,31.8255266],[120.028403,31.82543],[120.0282056,31.8250954],[120.0295896,31.8245576],[120.0294603,31.8242563],[120.0300054,31.8244286],[120.0303567,31.825388],[120.0312419,31.8250134],[120.0315509,31.8259965],[120.0335142,31.8248844],[120.0337631,31.8252777],[120.0366159,31.8241369],[120.0378766,31.8258402],[120.0384817,31.8260786],[120.0390557,31.8256811],[120.0400486,31.8267896],[120.0408914,31.8261045],[120.0398292,31.8243634],[120.0403791,31.8241369],[120.0446293,31.8290685],[120.0497749,31.8329502],[120.0514979,31.8336813],[120.0506589,31.8352577],[120.0582013,31.8385299],[120.0586766,31.8381949],[120.0602569,31.8400051],[120.0604865,31.8406627],[120.0632932,31.8421925],[120.063651,31.8417031],[120.0652566,31.8421652],[120.0642738,31.8423032],[120.0659861,31.8429307],[120.0662801,31.8424491],[120.0672199,31.8426756],[120.0671878,31.8430492],[120.0683894,31.8434776],[120.0680568,31.8438057],[120.0691576,31.8444915],[120.0689044,31.8447991],[120.0716724,31.8464852],[120.0712046,31.8472521],[120.0719771,31.847726],[120.072402,31.8472052],[120.0728247,31.8471883],[120.0735006,31.8474617],[120.0748117,31.8488292],[120.0754919,31.8481257],[120.076701,31.8486205],[120.076569,31.8490475],[120.0772235,31.8494211],[120.0763867,31.8507608],[120.0771591,31.8516539],[120.0772085,31.8522176],[120.080249,31.8550804],[120.0808761,31.8550927],[120.0814356,31.8539996],[120.0833186,31.8548995],[120.0835857,31.8545245],[120.0857969,31.8554617],[120.0857604,31.8567066],[120.0865887,31.8567932],[120.0894179,31.8564642],[120.0899061,31.8554363],[120.0936343,31.8555985],[120.0936534,31.8553834],[120.0949368,31.8553721],[120.0957983,31.8555388],[120.0955763,31.8567832],[120.0977649,31.8569563],[120.1023354,31.85661],[120.1047537,31.8568119],[120.11153,31.8561544],[120.1122167,31.8575851],[120.1120064,31.8583337],[120.1154782,31.8606833],[120.1201389,31.8621518],[120.1217053,31.861924],[120.1227953,31.8614943],[120.1228296,31.861221],[120.1258466,31.8608761],[120.1283743,31.8610023],[120.1289,31.8593894],[120.1307497,31.8597826],[120.131078,31.8592071],[120.1317217,31.8596719],[120.13149,31.8601015],[120.1333632,31.8605284],[120.1338718,31.8598646],[120.1337285,31.8594719],[120.1352129,31.8592677],[120.1349725,31.8601184],[120.138277,31.860902],[120.1385452,31.8601457],[120.1393499,31.8600546],[120.1393499,31.8595899],[120.1403949,31.8595912],[120.1403305,31.8608487],[120.1417467,31.8616415],[120.1413026,31.8634899],[120.1421866,31.8651588],[120.1426437,31.8649752],[120.1437128,31.8659242],[120.1439247,31.865587],[120.1443431,31.8657055],[120.144076,31.866244],[120.1444933,31.8662431],[120.1447401,31.8658513],[120.144827,31.8663529],[120.1467678,31.8660791],[120.1461091,31.8669616],[120.1462207,31.8676645],[120.145416,31.8707898],[120.1461026,31.8710267],[120.1463022,31.870424],[120.1475725,31.87089],[120.1473284,31.8715547],[120.1479657,31.8717123],[120.1478868,31.8719041],[120.1502762,31.8724845],[120.1507981,31.8708727],[120.1521334,31.8706745],[120.154255,31.8697579],[120.1550167,31.870013],[120.1573905,31.8699182],[120.1577928,31.8696358],[120.1566051,31.8690563],[120.1575251,31.8687112],[120.1578679,31.869408],[120.1595615,31.8694501],[120.1594429,31.8707079],[120.1633665,31.87113],[120.1635059,31.870392],[120.1668793,31.8704335],[120.1668796,31.8708758],[120.1676634,31.87091],[120.1676167,31.8717487],[120.1690184,31.8718666],[120.1691879,31.8714484],[120.1696439,31.8715532],[120.1698048,31.871052],[120.171405,31.8710778],[120.1721062,31.8702047],[120.1725284,31.8702869],[120.1727,31.8699361],[120.1730557,31.8701455],[120.1737182,31.8690104],[120.1743646,31.868633],[120.1750781,31.8688211],[120.177351,31.8667744],[120.1776385,31.8669831],[120.1783538,31.8663769],[120.1773349,31.8654805],[120.177646,31.8652801],[120.1781876,31.865576],[120.1788785,31.8646507],[120.1791711,31.864765],[120.1793838,31.8641684],[120.179824,31.8641821],[120.1797255,31.8634998],[120.1806546,31.8631191],[120.179272,31.8594995],[120.1787406,31.8600902],[120.1781087,31.8580764],[120.1788324,31.8577116],[120.1786231,31.8566539],[120.1775672,31.8569238],[120.1772775,31.8565365],[120.1771541,31.8554384],[120.1784255,31.8550147],[120.1792913,31.855145],[120.1792494,31.8542481],[120.1784555,31.852941],[120.1761279,31.8532377],[120.1742825,31.8515699],[120.1735224,31.8501619],[120.1733185,31.8487129],[120.1718079,31.8473556],[120.1708258,31.8455695],[120.1694607,31.8441313],[120.1670904,31.8431443],[120.1671924,31.8425269],[120.168808,31.8424968],[120.1672708,31.8422173],[120.1678844,31.8408521],[120.1675073,31.8410437],[120.1671961,31.841659],[120.166488,31.8418823],[120.1645808,31.8404602],[120.1657899,31.8394929],[120.1638557,31.8385872],[120.1644656,31.8371061],[120.1629008,31.8367045],[120.1630862,31.8362278],[120.1587879,31.834985],[120.1584591,31.8329633],[120.1601392,31.8281454],[120.1608929,31.8283282],[120.1609664,31.8274335],[120.1629872,31.8280224],[120.164294,31.82532],[120.164913,31.8256277],[120.1640225,31.8271509],[120.1659851,31.8278314],[120.1660591,31.8275932],[120.1653636,31.8274308],[120.1656659,31.8269547],[120.1656737,31.8272689],[120.1663003,31.8273075],[120.1664191,31.8268603],[120.1659409,31.826503],[120.1667938,31.82558],[120.1672567,31.8260219],[120.1687585,31.8244173],[120.1678184,31.8235517],[120.1680973,31.8233466],[120.1673141,31.8227632],[120.1665352,31.8214764],[120.1669402,31.819709],[120.1664524,31.8193204],[120.1665669,31.8181177],[120.1690007,31.8173059],[120.169873,31.8166413],[120.1716861,31.8175347],[120.1731882,31.8175256],[120.1741876,31.8170379],[120.1739928,31.8156931],[120.1747331,31.8167233],[120.1768886,31.8155564],[120.1762459,31.814353],[120.1739392,31.813478],[120.1733419,31.8126793],[120.1727692,31.8129387],[120.1731195,31.8135716],[120.1725659,31.8142894],[120.1716701,31.81418],[120.1706422,31.8135853],[120.1723476,31.8130903],[120.1724508,31.8116901],[120.1717988,31.8113446],[120.1707605,31.8128115],[120.1703182,31.8129161],[120.1708952,31.8121175],[120.1702654,31.8117694],[120.1699379,31.8109062],[120.1720794,31.8081031],[120.1699749,31.805751],[120.1690967,31.8061793],[120.1690039,31.8043058],[120.1683924,31.8039912],[120.167915,31.8041553],[120.1687266,31.8049712],[120.1687572,31.805719],[120.1672675,31.8058465],[120.1669869,31.8055185],[120.1667616,31.8058513],[120.1661946,31.804921],[120.1666811,31.8071642],[120.1662697,31.8072141],[120.1661656,31.8067623],[120.1653256,31.8068084],[120.1649914,31.8051446],[120.1650123,31.8061385],[120.1646786,31.8052748],[120.1646625,31.8062378],[120.1637822,31.8064612],[120.1632855,31.8060655],[120.1625344,31.8064029],[120.1624593,31.8067357],[120.1622056,31.8054998],[120.1696638,31.8030019],[120.1715359,31.800736],[120.1764943,31.7962313],[120.1801834,31.7903452],[120.1813099,31.7876823],[120.181605,31.7855984],[120.1834656,31.7809789],[120.1847515,31.7812979],[120.1846613,31.7816737],[120.1856229,31.7818228],[120.1857999,31.7802495],[120.1846734,31.780017],[120.1847152,31.7795511],[120.1839476,31.7793582],[120.1844392,31.7781272],[120.1910707,31.7786017],[120.1909516,31.7774491],[120.1921538,31.7772984],[120.1922104,31.7764919],[120.1915415,31.7764689],[120.1915844,31.7755021],[120.1924926,31.7758918],[120.1925677,31.7742926],[120.1917062,31.7743439],[120.1917222,31.7739107],[120.1926811,31.7736863],[120.1926503,31.7725334],[120.1903865,31.7724285],[120.1902004,31.7719312],[120.1894477,31.7716532],[120.1900126,31.770335],[120.1889636,31.7692904],[120.189555,31.7688621],[120.1893136,31.7684471],[120.1911322,31.7673434],[120.1924542,31.7660198],[120.1934472,31.7643756],[120.1959655,31.7647896],[120.1959172,31.7659478],[120.1968506,31.7659295],[120.1972369,31.7646892],[120.1980217,31.7647959],[120.1987542,31.7630069],[120.1976569,31.7628233],[120.1979128,31.7621944],[120.1977197,31.7620894],[120.1962176,31.7618112],[120.1959671,31.7615234],[120.1961763,31.7608484],[120.1963818,31.7602999],[120.1985117,31.7608865],[120.1987402,31.7602189],[120.1994256,31.7603517],[120.1997509,31.7595503],[120.200654,31.7594668],[120.2008326,31.7589099],[120.1997914,31.75834],[120.2005644,31.7571675],[120.1994754,31.7563738],[120.2011368,31.7552567],[120.1986048,31.7543946],[120.1980791,31.7556262],[120.1960634,31.7555966],[120.1932028,31.7547231],[120.1930988,31.7544229],[120.1925484,31.7547732],[120.191733,31.7546318],[120.1900003,31.7540024],[120.1787795,31.7516755],[120.1780376,31.7527069],[120.1772866,31.7564153],[120.1725713,31.7556399],[120.1721904,31.7565157],[120.173494,31.7576423],[120.1720241,31.756762],[120.1711996,31.7582008],[120.1715145,31.7584861],[120.1710601,31.7583397],[120.1706066,31.7591963],[120.1721673,31.7597051],[120.1724415,31.7591888],[120.1726893,31.7592752],[120.1724602,31.7597035],[120.1731667,31.7598636],[120.1733309,31.759504],[120.1738029,31.759628],[120.1736243,31.7599362],[120.1719651,31.7605387],[120.1711443,31.7601986],[120.1712624,31.759932],[120.1698153,31.7596853],[120.1696868,31.7599635],[120.1707313,31.7601327],[120.1705596,31.7604794],[120.1694653,31.7601829],[120.1687947,31.7616242],[120.167915,31.7615239],[120.1678881,31.7610586],[120.1669909,31.7613063],[120.1661616,31.7603166],[120.1652054,31.760501],[120.1650021,31.760826],[120.1650986,31.7599366],[120.1632533,31.7597683],[120.1626356,31.761839],[120.161821,31.7616333],[120.1615689,31.7623175],[120.161034,31.7625451],[120.1605834,31.7634345],[120.1601635,31.7635213],[120.1602305,31.763901],[120.1599142,31.7639549],[120.1598202,31.7635897],[120.1594135,31.7638285],[120.1576744,31.7633708],[120.1574199,31.7623754],[120.1537273,31.7613519],[120.1536779,31.7606661],[120.150926,31.7594711],[120.1514249,31.7573775],[120.1502648,31.7572365],[120.1503466,31.7541161],[120.1511435,31.7539745],[120.1513087,31.7533523],[120.1508562,31.7464525],[120.1509241,31.7460739],[120.1514975,31.7459929],[120.1516448,31.7454033],[120.1512693,31.745344],[120.1509689,31.7436652],[120.1498005,31.7433749],[120.149955,31.7416397],[120.1510386,31.741553],[120.1513833,31.7397389],[120.1501385,31.739582],[120.150235,31.7379825],[120.1516207,31.7380479],[120.1528572,31.732538],[120.1525728,31.7307403],[120.1509689,31.7312741],[120.1506738,31.7303069],[120.1508788,31.7300165],[120.1503305,31.7289381],[120.1533335,31.7277438],[120.1528947,31.725589],[120.1532123,31.7243312],[120.1541768,31.7227326],[120.1566302,31.7199254],[120.1546703,31.7190456],[120.1547883,31.7169511],[120.1543667,31.7161106],[120.1533228,31.7162817],[120.1534794,31.7152654],[120.1508562,31.7151486],[120.1505623,31.7133659],[120.1500086,31.7130312],[120.1496932,31.7120562],[120.1501599,31.7094559],[120.1477639,31.7093249],[120.1481901,31.7077785],[120.150702,31.7078337],[120.1514259,31.7055804],[120.1513819,31.7044926],[120.1494089,31.7043162],[120.1473785,31.7036587],[120.1473313,31.7044433],[120.1467524,31.7043785],[120.1467302,31.703962],[120.1465808,31.7043374],[120.146098,31.7041959],[120.1458872,31.7047066],[120.1445101,31.7042461],[120.1445702,31.7034901],[120.1427774,31.7032238],[120.1428568,31.7024752],[120.1419953,31.7020296],[120.1418119,31.699349],[120.1410521,31.6991711],[120.1409278,31.6981039],[120.1396119,31.698152],[120.1382069,31.6955697],[120.1380943,31.6945428],[120.1397304,31.6939083],[120.1382016,31.69132],[120.139569,31.6913312],[120.1394429,31.690372],[120.1411627,31.690526],[120.1413827,31.6895492],[120.142772,31.6894899],[120.1425746,31.6888022],[120.1428107,31.6879121],[120.1454382,31.6867784],[120.1462321,31.686783],[120.1462267,31.6863585],[120.1483886,31.6862763],[120.1483307,31.6857438],[120.1479251,31.6859287],[120.1479015,31.6853969],[120.1473838,31.6854275],[120.1473648,31.6849767],[120.146893,31.6849724],[120.1468705,31.684003],[120.1462578,31.6840071],[120.1461962,31.6831761],[120.1447976,31.6832941],[120.1448266,31.6840213],[120.1444887,31.6840532],[120.1436405,31.6831234],[120.1427981,31.6831683],[120.1427442,31.6827073],[120.1421981,31.6828618],[120.1426846,31.6820679],[120.1422034,31.6807893],[120.1423804,31.6805793],[120.1414481,31.6798121],[120.1395684,31.6773446],[120.1281061,31.6839908],[120.1275091,31.6824548],[120.1254015,31.6836029],[120.1257741,31.684324],[120.1239551,31.6851021],[120.1243894,31.6859994],[120.1226431,31.6869332],[120.1225731,31.6859091],[120.1217945,31.6859537],[120.1214276,31.6856593],[120.1203626,31.6862016],[120.1200376,31.6855094],[120.1205204,31.6853223],[120.120371,31.6840201],[120.1217703,31.6838067],[120.120057,31.6838024],[120.1198995,31.6833897],[120.1206197,31.6832026],[120.1203434,31.6821633],[120.1218682,31.681797],[120.1196943,31.6771919],[120.1202683,31.6749413],[120.1205312,31.6698873],[120.1207618,31.6698827],[120.1206186,31.66874],[120.1211958,31.6687094],[120.1202431,31.6684738],[120.121173,31.6684523],[120.1210759,31.6677814],[120.1207082,31.6675451],[120.121195,31.6675403],[120.1212717,31.6662861],[120.1224463,31.6663398],[120.122516,31.6653581],[120.1229666,31.6652988],[120.1224821,31.6627],[120.1250212,31.6624816],[120.1250099,31.6619243],[120.1270465,31.66191],[120.1275089,31.6629647],[120.1301024,31.6629444],[120.1287752,31.6613796],[120.1269159,31.6579674],[120.1257406,31.6575062],[120.125725,31.6566158],[120.1238957,31.65494],[120.1234119,31.65529],[120.1227628,31.6550114],[120.1227531,31.6552276],[120.1194905,31.6552075],[120.1185962,31.651791],[120.1190828,31.6504496],[120.1199883,31.6502112],[120.1200108,31.6494084],[120.1190667,31.6494449],[120.1190678,31.6488665],[120.1200215,31.6488467],[120.120043,31.6484357],[120.1188457,31.6484795],[120.1182352,31.6443759],[120.1165585,31.6445318],[120.116157,31.6397356],[120.1167283,31.6396593],[120.1167106,31.6391483],[120.1145732,31.6388473],[120.1142532,31.6380106],[120.1108645,31.639056],[120.1108774,31.6367199],[120.1131701,31.6372086],[120.1123461,31.6330053],[120.1104901,31.6334529],[120.1091055,31.6334328],[120.1073036,31.6317356],[120.1027696,31.6339256],[120.0993879,31.6302532],[120.1010272,31.6291732],[120.1000876,31.6277785],[120.1006724,31.627477],[120.1003618,31.6270561],[120.1007839,31.6268014],[120.1001896,31.625924],[120.1005168,31.6256819],[120.099438,31.6248542],[120.0978188,31.6246297],[120.0974223,31.6237422],[120.0946908,31.6237381],[120.09401,31.6203509],[120.0919699,31.6196899],[120.0911025,31.6209722],[120.0822625,31.6155288],[120.0807385,31.6142323],[120.0811052,31.6134961],[120.0801106,31.6131265],[120.0796811,31.6135754],[120.0782606,31.6129614],[120.0731317,31.610118],[120.071694,31.6096703],[120.0687468,31.6077117],[120.0690545,31.6034662],[120.0702239,31.6036124],[120.0706906,31.6024565],[120.0693114,31.6014651],[120.0686438,31.6015621],[120.0680782,31.6009579],[120.0683786,31.5979058],[120.068679,31.5974854],[120.0680782,31.5952831],[120.0667271,31.5938956],[120.0645806,31.5930761],[120.0645706,31.5926893],[120.061647,31.5908432],[120.0604124,31.5904441],[120.0596936,31.5909193],[120.0587655,31.5902568],[120.0579716,31.5893931],[120.0568558,31.5860664],[120.0581379,31.585774],[120.0589265,31.5851479],[120.0580199,31.5827076],[120.0562826,31.5834678],[120.0551022,31.5814413],[120.0547645,31.5813885],[120.0523738,31.5826345],[120.050533,31.5785145],[120.0517325,31.5776841],[120.0546137,31.5745773],[120.0548712,31.5727217],[120.0544257,31.570487],[120.0526233,31.5675162],[120.051663,31.5665563],[120.0512875,31.5650937],[120.0517757,31.5634254],[120.0543721,31.5604223],[120.0635691,31.5546956],[120.0685931,31.5564272],[120.0720156,31.5558924],[120.0741332,31.5565924],[120.0748695,31.5563495],[120.0748588,31.5558878],[120.0766666,31.5552524],[120.0752397,31.5533828],[120.0759639,31.5526422],[120.0772038,31.5520678],[120.0807596,31.5527016],[120.0865816,31.5516232],[120.0864212,31.5510052],[120.0872377,31.5508372],[120.0874652,31.5514491],[120.0926096,31.5505028],[120.0920204,31.5489318],[120.0940264,31.5479784],[120.093586,31.5472936],[120.0947407,31.5469642],[120.0945658,31.5465553],[120.0925675,31.5471946],[120.0927499,31.5463077],[120.0924004,31.5464798],[120.0923438,31.5459845],[120.0917092,31.5453781],[120.0900516,31.5459511],[120.0892783,31.5437185],[120.092269,31.5428634],[120.0924401,31.5434197],[120.0936688,31.5432097],[120.0941594,31.5438479],[120.0939261,31.5441709],[120.0949601,31.543615],[120.0960383,31.5437795],[120.096792,31.5429534],[120.0970728,31.5432248],[120.0979896,31.5422496],[120.097374,31.5410486],[120.0979848,31.5407148],[120.0978853,31.5402992],[120.0970085,31.5390232],[120.0961716,31.5384562],[120.0957594,31.5354448],[120.0969334,31.5351232],[120.0967217,31.5344508],[120.0974988,31.534364],[120.0973644,31.5338852],[120.0977257,31.5337225],[120.0966169,31.531886],[120.0989024,31.5300335],[120.0987055,31.5292735],[120.0974644,31.5295404],[120.0972509,31.5282066],[120.0980813,31.5278485],[120.0977442,31.5272831],[120.0980813,31.5271535],[120.0974376,31.5249952],[120.0983442,31.5248946],[120.0982865,31.5245651],[120.0989635,31.5242178],[120.0982881,31.5232534],[120.0991202,31.5229537],[120.098518,31.520362],[120.1001689,31.5199027],[120.1011147,31.5185877],[120.1005337,31.5180003],[120.1001,31.5180429],[120.0977488,31.5198508],[120.0973572,31.5194941],[120.0976315,31.5192533],[120.0966643,31.5184471],[120.0960375,31.5189545],[120.095544,31.5186115],[120.0966606,31.5174653],[120.0974106,31.5159991],[120.0965622,31.5149555],[120.0970317,31.5145247],[120.0978995,31.5153802],[120.0983897,31.5148559],[120.0986883,31.5150918],[120.099338,31.5146052],[120.0997955,31.5150452],[120.1009996,31.5140567],[120.1013697,31.5143814],[120.1017989,31.5139652],[120.1017511,31.5143331],[120.1020617,31.5144511],[120.1026237,31.5136204],[120.1062567,31.5158814],[120.1078821,31.5176832],[120.1077327,31.5181192],[120.1086745,31.5198993],[120.1090578,31.5197335],[120.1092125,31.5199514],[120.1098949,31.5194417],[120.11095,31.520924],[120.1125315,31.5196491],[120.1113108,31.5179363],[120.1118631,31.5175371],[120.1132098,31.5174653],[120.1136972,31.5178067],[120.1152335,31.5168468],[120.1145295,31.5161208],[120.1146743,31.5153479],[120.1136703,31.5137548],[120.1144053,31.5135067],[120.114386,31.5131868],[120.1139708,31.5119486],[120.1134289,31.5116239],[120.1146421,31.5108158],[120.1140603,31.5094863],[120.1130306,31.5093859],[120.1130285,31.5089578],[120.1135802,31.508787],[120.1135995,31.5072821],[120.1171792,31.5073111],[120.1175727,31.5110259],[120.1178598,31.5111527],[120.1182675,31.51295],[120.1212227,31.5117785],[120.1218684,31.5111037],[120.1211804,31.5101328],[120.1230851,31.5081193],[120.1237016,31.5085541],[120.1247998,31.5082005],[120.1242341,31.5071246],[120.124914,31.5063825],[120.1232773,31.5037694],[120.1203591,31.5018347],[120.1178169,31.4995585],[120.1099253,31.4916207],[120.1024264,31.4799708],[120.1016217,31.4758625],[120.1016539,31.4725088],[120.1009088,31.4714387],[120.1051743,31.4631492],[120.0856411,31.4545311],[120.0839138,31.4577248],[120.0834793,31.4574218],[120.0831966,31.4578221],[120.0783234,31.4543097],[120.0592051,31.4470451],[120.0538251,31.4417621],[120.0447926,31.4134524],[120.0398166,31.3925329],[120.0370113,31.3745403],[120.0377623,31.3693152],[120.0437404,31.3634522],[120.0762676,31.3546927],[120.0891004,31.3529427],[120.0935855,31.3459985],[120.0939497,31.3375154],[120.0906079,31.3347989],[120.0838858,31.3329988],[120.0740902,31.3356201],[120.0597531,31.3410695],[120.0414007,31.3497912],[120.0343321,31.3572389],[120.0290415,31.3646233],[120.0246169,31.3739022],[120.0239632,31.3823245],[120.0345455,31.4257361],[120.0371513,31.4399509],[120.0405104,31.4669865],[120.0423295,31.4764712],[120.0427762,31.4813028],[120.0403687,31.4839825],[120.0365026,31.4857134],[120.0388271,31.4886837],[120.0408611,31.4898571],[120.041193,31.4919173],[120.0384095,31.495436],[120.0368296,31.4957746],[120.0334301,31.4974547],[120.0323737,31.5002319],[120.0319145,31.5005777],[120.0300543,31.5006235],[120.0274112,31.4998551],[120.0273516,31.4993348],[120.026771,31.499154],[120.0267285,31.4988571],[120.0238596,31.4992739],[120.0233736,31.5003426],[120.0223988,31.5005448],[120.0220727,31.4999178],[120.018768,31.501108],[120.0179821,31.5002909],[120.0169353,31.500701],[120.0170976,31.5010993],[120.01457,31.5019285],[120.0144242,31.5014516],[120.0134845,31.5014552],[120.013822,31.5021673],[120.0130692,31.5023433],[120.0132361,31.5032184],[120.0142767,31.5030215],[120.0147236,31.5043758],[120.0133459,31.5059419],[120.0115259,31.5064799],[120.0117606,31.5071395],[120.0115445,31.5074534],[120.0098587,31.5076201],[120.0096584,31.5071265],[120.0081449,31.5079901],[120.0029521,31.5066514],[120.0018062,31.507319],[120.001183,31.5057177],[119.9970318,31.5083265],[119.9959594,31.5087517],[119.9959502,31.5082245],[119.9930958,31.5090079],[119.9922409,31.5089],[119.9923613,31.5058483],[119.9884594,31.5034471],[119.9826293,31.5090334],[119.9820939,31.5105035],[119.9803105,31.5121318],[119.9803844,31.5109081],[119.9792672,31.5105821],[119.9789696,31.5105828],[119.9789597,31.5108874],[119.9775017,31.5108666],[119.9760424,31.5168259],[119.9733616,31.5178469],[119.972645,31.5167321],[119.9724144,31.5167933],[119.9729982,31.5164344],[119.9727045,31.5152611],[119.9719928,31.5155861],[119.9722118,31.5159583],[119.9718069,31.5164994],[119.9721847,31.5171653],[119.9717924,31.5173375],[119.9708379,31.5151275],[119.969791,31.5152644],[119.9696285,31.5156603],[119.9696818,31.5167365],[119.9703241,31.5173505],[119.9698228,31.5175701],[119.9669248,31.517435],[119.9668861,31.5189467],[119.9679302,31.5189309],[119.968032,31.518448],[119.9690546,31.5186928],[119.9691334,31.5191454],[119.9700149,31.5189657],[119.9704337,31.5202524],[119.9715419,31.5200214],[119.9716816,31.5196944],[119.972893,31.5207383],[119.9720011,31.5205927],[119.9718486,31.5208259],[119.972219,31.5209357],[119.971716,31.5221267],[119.9732658,31.5222365],[119.9730726,31.5229347],[119.9716352,31.5227195],[119.9714443,31.5245194],[119.9700421,31.524202],[119.9700455,31.5254776],[119.9702809,31.5255037],[119.9705719,31.5266868],[119.9719097,31.5268157],[119.9686187,31.5337125],[119.9680247,31.5330051],[119.9675419,31.5336963],[119.9635468,31.5363984],[119.9641274,31.5369888],[119.9619877,31.5369961],[119.9609682,31.5382963],[119.9638117,31.5389396],[119.9627076,31.5388795],[119.9624222,31.539275],[119.9626985,31.5403747],[119.9596746,31.5417226],[119.9591278,31.5404503],[119.9568176,31.5413636],[119.9564918,31.5408016],[119.9557001,31.5407538],[119.9557154,31.543511],[119.9506449,31.5449874],[119.9503179,31.5450049],[119.9499052,31.5441903],[119.9491322,31.5441571],[119.9489768,31.5436365],[119.9440033,31.5445924],[119.9441885,31.5452366],[119.9405027,31.5450986],[119.9396116,31.547559],[119.9398639,31.5483985],[119.9387216,31.5494204],[119.9358491,31.5485252],[119.9358976,31.5502731],[119.9342963,31.5519986],[119.9354231,31.5528341],[119.9329378,31.5552329],[119.9330783,31.555537],[119.9343885,31.5559652],[119.93387,31.5581594],[119.9327329,31.5576113],[119.9324798,31.5579144],[119.9308741,31.5570013],[119.9263236,31.5589909],[119.9263129,31.5574921],[119.9237095,31.5577517],[119.9241284,31.5567701],[119.9237888,31.5535887],[119.918313,31.5523468],[119.9157162,31.5514424],[119.907201,31.5502009],[119.8978864,31.5498731],[119.8965937,31.5493325],[119.890148,31.5486167],[119.8855681,31.5488415],[119.8859794,31.5504859],[119.8874647,31.5506696],[119.8876359,31.5510573],[119.8865548,31.5510669],[119.8847385,31.5518332],[119.8841402,31.5511465],[119.8832616,31.551923],[119.8783838,31.5536364],[119.8764595,31.5540167],[119.8759593,31.5530772],[119.8749944,31.5532301],[119.8725653,31.5503402],[119.8706772,31.5522851],[119.8691902,31.5530407],[119.866885,31.5518882],[119.8655417,31.5525916],[119.8649067,31.5521125],[119.8637157,31.5537057],[119.8623705,31.5528282],[119.8621516,31.5523719],[119.8629818,31.5516236],[119.8634271,31.5517273],[119.8644842,31.550296],[119.8618467,31.5482843],[119.8602794,31.5491695],[119.8597228,31.5491108],[119.8577116,31.5471337],[119.857637,31.5455042],[119.8496759,31.5390272],[119.845235,31.5340972],[119.8438061,31.5329027],[119.8409598,31.5315138],[119.8405147,31.5306755],[119.839103,31.5295735],[119.8396341,31.5273459],[119.8338162,31.5280765],[119.834209,31.52927],[119.8339797,31.5309518],[119.8240464,31.5323061],[119.8143232,31.5403391],[119.7493025,31.5592208],[119.7431828,31.5606567],[119.7411353,31.5622202],[119.7384088,31.5629333],[119.732495,31.5633773],[119.7313548,31.5610568],[119.7308154,31.5607271],[119.7300986,31.5618941],[119.7287588,31.5624449],[119.7296073,31.5646491],[119.7276747,31.5649663],[119.7253286,31.5645051],[119.7252113,31.5638022],[119.7247425,31.5638726],[119.7244479,31.5633252],[119.7247263,31.5626703],[119.7238218,31.5624032],[119.7240203,31.5619155],[119.7232036,31.5616944],[119.7229774,31.5611877],[119.7220774,31.5615125],[119.7216886,31.5620306],[119.7219294,31.5637006],[119.7190269,31.5617972],[119.7183074,31.5608591],[119.7171711,31.5601354],[119.7163242,31.558786],[119.7101162,31.5580228],[119.7067128,31.5616764],[119.7063214,31.5634299],[119.7065499,31.5662179],[119.7026493,31.5665117],[119.702487,31.568695],[119.703205,31.5688561],[119.7032939,31.5693622],[119.7022684,31.5708278],[119.7018247,31.5709136],[119.7018433,31.5717782],[119.7034161,31.5720299],[119.7030861,31.5737168],[119.7013909,31.5738042],[119.7026246,31.5755114],[119.7023788,31.5766581],[119.7003454,31.5783729],[119.6991227,31.5768059],[119.6984088,31.5773959],[119.6972405,31.5769344],[119.6962018,31.5781909],[119.6958442,31.579572],[119.6938121,31.5799748],[119.6936145,31.5809736],[119.6946635,31.5818147],[119.6949213,31.5822373],[119.6946819,31.582491],[119.6955923,31.5839455],[119.6936654,31.5851823],[119.6925354,31.5854972],[119.6918932,31.5862677],[119.6906165,31.5864925],[119.6906724,31.5891872],[119.690267,31.5897983],[119.6902552,31.5909173],[119.6894212,31.5910734],[119.6885606,31.594915],[119.6878964,31.5957964],[119.6879428,31.5962355],[119.6875476,31.5963323],[119.6869242,31.595868],[119.6846152,31.5971061],[119.6847233,31.5978161],[119.6841427,31.5980547],[119.6828963,31.599559],[119.6835357,31.6001836],[119.6830896,31.6005821],[119.6837483,31.6011196],[119.6828792,31.6017558],[119.6837693,31.6014905],[119.6847416,31.6019917],[119.6843815,31.6032411],[119.6830886,31.6037509],[119.683094,31.6044228],[119.6827115,31.6049333],[119.6830329,31.6052916],[119.6829118,31.6056132],[119.6820582,31.606025],[119.6816704,31.605727],[119.6804411,31.6067871],[119.678976,31.6074032],[119.6743522,31.6062871],[119.6743978,31.6073794],[119.6747764,31.6080565],[119.6734055,31.6085283],[119.6733272,31.6089208],[119.672104,31.6092225],[119.6720297,31.609702],[119.6716316,31.6096984],[119.6714557,31.610458],[119.6711295,31.6105642],[119.671289,31.6114345],[119.663955,31.6135265],[119.6643519,31.6154269],[119.6630645,31.6158837],[119.6625197,31.6135411],[119.6593094,31.6138006],[119.6546638,31.612494],[119.6508121,31.6100727],[119.6469819,31.608556],[119.6402657,31.6078798],[119.6403623,31.6058422],[119.6396649,31.6060158],[119.6387851,31.6057325],[119.6371865,31.606098],[119.6356952,31.6036126],[119.6357274,31.6031375],[119.6361995,31.6031557],[119.6352982,31.6012277],[119.6360814,31.6005697],[119.6370363,31.6007068],[119.6374869,31.6002499],[119.6371543,31.599793],[119.6378839,31.5992904],[119.6399009,31.599729],[119.6384418,31.5990619],[119.6382701,31.5976547],[119.6389568,31.5965581],[119.6399009,31.5962108],[119.6395147,31.5954066],[119.6386027,31.5952056],[119.6385491,31.5942826],[119.6388709,31.5942003],[119.6388602,31.5936703],[119.6394396,31.5937891],[119.639622,31.5935058],[119.6382272,31.5932956],[119.6380234,31.5926193],[119.6392629,31.5921811],[119.6393154,31.5916349],[119.6384761,31.5898072],[119.6373656,31.5900681],[119.6373298,31.5895537],[119.6385025,31.5891238],[119.6384491,31.5884569],[119.6396327,31.5876477],[119.6401155,31.5863773],[119.6385428,31.5850946],[119.6378946,31.5852258],[119.6379161,31.5848968],[119.6391476,31.5845701],[119.6384311,31.5824748],[119.6388066,31.5824382],[119.6390426,31.5830963],[119.6400833,31.582886],[119.6398044,31.5816796],[119.6390641,31.5816979],[119.6392076,31.5811584],[119.638834,31.5804075],[119.639394,31.5800899],[119.6398315,31.579238],[119.6391606,31.5785537],[119.6396817,31.5781161],[119.639276,31.5778989],[119.6385491,31.5791478],[119.6378624,31.5785811],[119.6382015,31.5774588],[119.6361922,31.5764093],[119.6361875,31.5770285],[119.6355114,31.576972],[119.6354917,31.5760302],[119.6340046,31.5758484],[119.6340852,31.5749069],[119.6333061,31.5748642],[119.6331051,31.5745054],[119.6336277,31.5741529],[119.6328855,31.5733891],[119.6328079,31.5728533],[119.631961,31.5726096],[119.6314398,31.5728257],[119.6317085,31.5722618],[119.6306638,31.5717821],[119.6304571,31.570884],[119.6282022,31.5707665],[119.6272376,31.5712782],[119.6268991,31.5698162],[119.6249449,31.5687915],[119.6244588,31.5668782],[119.6254836,31.5642649],[119.6258891,31.5642209],[119.6258032,31.5623651],[119.6230781,31.5619355],[119.6232703,31.5606969],[119.6230674,31.5603082],[119.6215189,31.5602341],[119.6214424,31.5617907],[119.6167588,31.5617435],[119.6164654,31.5620774],[119.6167515,31.5630279],[119.6138306,31.5641517],[119.611491,31.5638186],[119.6104229,31.5642539],[119.6093432,31.5633359],[119.6087837,31.5615263],[119.6087798,31.5602167],[119.6067381,31.5586352],[119.6050429,31.5578307],[119.6053056,31.5575373],[119.6034304,31.5558256],[119.6004295,31.5513213],[119.6025216,31.5506081],[119.6022212,31.550215],[119.5999896,31.5504984],[119.5995283,31.5491727],[119.600687,31.5488527],[119.6003222,31.5480298],[119.5990562,31.5481578],[119.5964384,31.5411539],[119.5901513,31.5366825],[119.5886385,31.533866],[119.5885634,31.5320005],[119.5813429,31.5159685],[119.5801198,31.5105903],[119.5794976,31.5101512],[119.5775342,31.5049191],[119.575324,31.505843],[119.5750451,31.5056966],[119.5704853,31.5087884],[119.5703244,31.5092823],[119.5642412,31.5072974],[119.5640695,31.5068858],[119.5627498,31.5067943],[119.5631415,31.5048642],[119.5627874,31.504201],[119.5635438,31.5030896],[119.5637047,31.5013836],[119.5630342,31.4992521],[119.5621812,31.4986438],[119.5619291,31.4971389],[119.5625997,31.4970452],[119.5625782,31.4963568],[119.5616716,31.4965306],[119.5613873,31.4958445],[119.5628089,31.4949342],[119.5648634,31.4922171],[119.5641017,31.4894222],[119.5674866,31.4888275],[119.5670038,31.4857077],[119.565416,31.4855842],[119.5646328,31.4832008],[119.5664567,31.4829034],[119.5672613,31.4854652],[119.5705819,31.4848293],[119.5702386,31.4815264],[119.5690745,31.4819152],[119.5691335,31.482112],[119.5673847,31.4823224],[119.5660221,31.4776286],[119.5665371,31.4772443],[119.569509,31.4767959],[119.5687473,31.473941],[119.5632917,31.4740234],[119.5629537,31.4730214],[119.5619452,31.4734057],[119.5602929,31.470171],[119.562546,31.4700246],[119.5625031,31.4697318],[119.5632219,31.4694298],[119.5626801,31.466657],[119.5641124,31.466625],[119.5656896,31.4638842],[119.5711613,31.4643326],[119.5734948,31.4639803],[119.5742029,31.4646895],[119.5746052,31.4646941],[119.5746428,31.4663139],[119.5773599,31.4664854],[119.5779258,31.4653576],[119.5772821,31.4652111],[119.5771909,31.4648451],[119.5779365,31.4646849],[119.5784461,31.4660759],[119.5790148,31.4658883],[119.5796263,31.466172],[119.5832634,31.4654445],[119.584685,31.4666616],[119.5858866,31.466506],[119.5869515,31.4654873],[119.5855701,31.4608551],[119.5844597,31.4611067],[119.5838803,31.4602419],[119.5834726,31.4603837],[119.5837569,31.4612852],[119.5831025,31.4614133],[119.5818686,31.4575513],[119.5849907,31.4571028],[119.5857954,31.4556476],[119.585959,31.4534053],[119.5851731,31.4501562],[119.5837998,31.4481791],[119.5835531,31.4471998],[119.5837864,31.4456117],[119.5841271,31.4457238],[119.5848405,31.4450671],[119.5843872,31.443495],[119.5853367,31.4434927],[119.5827216,31.4379639],[119.5807528,31.4384811],[119.5803827,31.4362888],[119.5741117,31.4343572],[119.5741989,31.4333445],[119.5707321,31.4333686],[119.5539415,31.4360508],[119.5498377,31.4364352],[119.5494032,31.4334281],[119.5498699,31.4301965],[119.5495158,31.4243053],[119.5479709,31.4240261],[119.5480835,31.4220165],[119.5490116,31.4201717],[119.5488882,31.419485],[119.5501596,31.419398],[119.5501381,31.4187983],[119.551152,31.418661],[119.5509911,31.4172418],[119.5489043,31.4174707],[119.5482874,31.4132314],[119.546898,31.4130483],[119.5469195,31.4138449],[119.5448005,31.4137579],[119.5448595,31.4128194],[119.5445216,31.4127736],[119.5445269,31.4137991],[119.5430517,31.4142569],[119.5426333,31.4135382],[119.5420432,31.4136984],[119.5422471,31.4154655],[119.5404768,31.4152046],[119.5403802,31.4145637],[119.538728,31.4143073],[119.5388031,31.4132406],[119.536829,31.4121556],[119.5341361,31.4117756],[119.5334601,31.4111117],[119.5319581,31.4110751],[119.5322585,31.4048118],[119.5358634,31.4046195],[119.5360592,31.4020944],[119.5363784,31.4014877],[119.5385349,31.4010024],[119.5386153,31.4001599],[119.5376846,31.398381],[119.5374379,31.3984749],[119.5367485,31.3967349],[119.5372206,31.3951002],[119.5370436,31.3946194],[119.5375103,31.3945095],[119.5358849,31.3891426],[119.5361799,31.3890968],[119.5360243,31.3881856],[119.5364803,31.3881031],[119.5351231,31.3864042],[119.5343265,31.3872353],[119.5334387,31.3872651],[119.5333421,31.3861294],[119.532001,31.3859691],[119.531824,31.3844533],[119.5324838,31.3843525],[119.5324033,31.3838992],[119.531191,31.3822963],[119.5308155,31.38231],[119.5309442,31.3810827],[119.5301342,31.380817],[119.5288789,31.3790813],[119.5269638,31.3774784],[119.5249843,31.3718312],[119.5239705,31.3702098],[119.5232892,31.368112],[119.5217872,31.3673425],[119.5216745,31.3669669],[119.522801,31.3651072],[119.5218998,31.3620062],[119.5230585,31.3578194],[119.523375,31.3534354],[119.5229244,31.3498071],[119.5230961,31.347379],[119.5250809,31.343778],[119.5258963,31.3409007],[119.5264971,31.3363327],[119.5262718,31.3357233],[119.5279723,31.3360623],[119.5283264,31.3357141],[119.5289996,31.3358035],[119.529638,31.3353407],[119.5306116,31.3352307],[119.5306143,31.3344403],[119.5303085,31.3342158],[119.530381,31.3324586],[119.5296675,31.3324655],[119.5292973,31.3319752],[119.5279348,31.3322684],[119.5274198,31.3310496],[119.5269155,31.331242],[119.5261323,31.3299865],[119.5250648,31.3304081],[119.5252258,31.3306372],[119.5249039,31.3308663],[119.5219696,31.3298674],[119.5213795,31.328007],[119.5202529,31.3266735],[119.5184076,31.3271776],[119.5182788,31.3260916],[119.5195341,31.3256746],[119.51859,31.324057],[119.5194644,31.3234108],[119.5192927,31.3226043],[119.5169431,31.3225997],[119.5166588,31.3223522],[119.5160901,31.320785],[119.5154732,31.3206429],[119.5151353,31.3193002],[119.5154518,31.3188877],[119.5153069,31.3174946],[119.5147544,31.316523],[119.513939,31.3161793],[119.5139819,31.3151527],[119.5185953,31.3135441],[119.5191157,31.314007],[119.5190996,31.3120867],[119.518075,31.3118392],[119.5183271,31.311665],[119.5181447,31.3113351],[119.519341,31.3107438],[119.5188367,31.3108584],[119.5189816,31.3102901],[119.5184612,31.3101068],[119.5173186,31.3103589],[119.5172328,31.3095339],[119.517222,31.3080993],[119.5175224,31.3070131],[119.5180106,31.3068206],[119.5179409,31.3047626],[119.5182681,31.3042401],[119.519459,31.3040293],[119.5195448,31.3034884],[119.5206767,31.3032638],[119.5211863,31.3038551],[119.522211,31.3040934],[119.522506,31.3028422],[119.521814,31.3025946],[119.5216262,31.3029751],[119.5213097,31.3028147],[119.520784,31.3011966],[119.5216316,31.3006787],[119.5229351,31.3009675],[119.5226562,31.30138],[119.5242226,31.3020125],[119.524641,31.3011371],[119.5250648,31.3011462],[119.5250326,31.3005504],[119.5247161,31.3005549],[119.5246839,31.3000691],[119.5242065,31.2996565],[119.524802,31.2990744],[119.5268404,31.3003441],[119.5268995,31.2995786],[119.5261216,31.2993036],[119.5256174,31.2986894],[119.5247698,31.2988131],[119.5245659,31.2981118],[119.5251721,31.298396],[119.5262986,31.2982218],[119.5264006,31.2978001],[119.5266902,31.2978322],[119.5267707,31.2968604],[119.5275593,31.297438],[119.5281225,31.2967917],[119.5288736,31.2970576],[119.5297158,31.2943164],[119.5296621,31.2936334],[119.5312607,31.291896],[119.5306009,31.2912543],[119.5298177,31.2910571],[119.5296031,31.292194],[119.5293188,31.292249],[119.5289808,31.2918548],[119.5290077,31.2910251],[119.5270175,31.29053],[119.5257032,31.2895535],[119.5265239,31.2892097],[119.5282781,31.2895673],[119.5282245,31.2885175],[119.5277846,31.2881508],[119.5277417,31.2874677],[119.5264006,31.2870185],[119.5271301,31.2859732],[119.527173,31.2854094],[119.5279401,31.2849922],[119.5280206,31.2844558],[119.527173,31.2835252],[119.5274198,31.2827504],[119.5265937,31.2814117],[119.527334,31.2809716],[119.5279026,31.2790827],[119.5291364,31.2786884],[119.5292759,31.2793761],[119.5301878,31.2803572],[119.5304131,31.2796053],[119.530102,31.2789543],[119.531014,31.2787526],[119.5314324,31.2792019],[119.5317972,31.2786609],[119.5321834,31.2786976],[119.5323014,31.2776339],[119.5316684,31.2772488],[119.5317757,31.2768545],[119.5325911,31.2767536],[119.5318401,31.2763318],[119.5316148,31.2755249],[119.531942,31.2734754],[119.530971,31.273315],[119.5282191,31.271646],[119.5268995,31.2716965],[119.5259446,31.2711692],[119.525848,31.2706465],[119.5274037,31.2683401],[119.5270711,31.2661117],[119.5278597,31.2650341],[119.527688,31.2640345],[119.528262,31.2614758],[119.5262504,31.2606],[119.5274734,31.2593665],[119.5267332,31.2577064],[119.5250809,31.256239],[119.5258768,31.2541084],[119.5253277,31.2538131],[119.524582,31.255198],[119.5235199,31.2548999],[119.5229244,31.2537856],[119.522109,31.2536526],[119.5223236,31.2529142],[119.5219159,31.2524786],[119.5226294,31.2512862],[119.5230934,31.2515763],[119.5231216,31.252036],[119.523367,31.2521254],[119.5233992,31.2517769],[119.5242146,31.2522011],[119.523434,31.251449],[119.5236379,31.2512082],[119.5234179,31.2506992],[119.5238256,31.2506579],[119.5240885,31.2498737],[119.5230961,31.249039],[119.5220661,31.2473696],[119.520269,31.2471633],[119.5198935,31.2456314],[119.5219481,31.2446362],[119.5237505,31.2431043],[119.523257,31.242797],[119.5216638,31.2427283],[119.5213312,31.2433199],[119.5201939,31.2441134],[119.5185417,31.2439849],[119.5203763,31.2435492],[119.5209128,31.2429484],[119.5209664,31.2420907],[119.5223826,31.2423705],[119.5237023,31.2419302],[119.5229244,31.2414578],[119.5230693,31.2409533],[119.5228118,31.2406414],[119.5246249,31.2394076],[119.5235869,31.2387632],[119.5240778,31.2382242],[119.525671,31.2388389],[119.5256978,31.2396507],[119.5261753,31.2397654],[119.5264649,31.2388205],[119.5292008,31.239747],[119.5286053,31.2378481],[119.5293295,31.2357107],[119.5311695,31.2352199],[119.5313358,31.2355502],[119.5321083,31.2356236],[119.5319205,31.2352796],[119.533326,31.2347016],[119.5346671,31.2355639],[119.534871,31.2353346],[119.5350158,31.2349172],[119.5336533,31.2337108],[119.5339563,31.2335365],[119.5347691,31.2338668],[119.5347235,31.2333049],[119.5356864,31.2322889],[119.5353699,31.2300275],[119.5356649,31.2296651],[119.5348924,31.2297569],[119.5333958,31.2290413],[119.532339,31.2294358],[119.5316791,31.2290321],[119.5309228,31.229344],[119.5291042,31.2285138],[119.5307028,31.2287706],[119.5318937,31.2268486],[119.5332777,31.2263532],[119.5342433,31.2264816],[119.5344526,31.2256467],[119.5347154,31.2256559],[119.5346671,31.2264449],[119.5349139,31.2261651],[119.5372581,31.2266926],[119.5383525,31.227266],[119.5388246,31.2272018],[119.5388514,31.2264449],[119.5395327,31.2258945],[119.5401227,31.2270046],[119.5422685,31.2278394],[119.5427298,31.2269679],[119.5433843,31.2275917],[119.5450365,31.2274725],[119.5459592,31.2267569],[119.5471823,31.226344],[119.5482337,31.2238485],[119.5491993,31.2231971],[119.5494139,31.22183],[119.5491779,31.2214263],[119.547472,31.2207566],[119.5470106,31.2198299],[119.5474505,31.2191784],[119.5486307,31.2184995],[119.548502,31.2179581],[119.5472896,31.2186555],[119.5468712,31.2176462],[119.5460477,31.2179765],[119.5459485,31.2173296],[119.5470804,31.2167837],[119.5475954,31.2170911],[119.5480674,31.2166828],[119.5475578,31.2158386],[119.5494837,31.2149761],[119.5472842,31.2152743],[119.5478851,31.2142054],[119.5479494,31.2120238],[119.5489204,31.2112416],[119.5491618,31.2106543],[119.5484751,31.2099294],[119.5492476,31.2079978],[119.5485771,31.2074426],[119.5489097,31.2058735],[119.5473808,31.2051393],[119.5486119,31.205277],[119.5475256,31.2037399],[119.5478636,31.2034371],[119.5475256,31.2029415],[119.5491672,31.2031801],[119.5494461,31.2028727],[119.5496607,31.2025056],[119.5485985,31.201955],[119.5482552,31.2014136],[119.548679,31.2010603],[119.5493013,31.2011704],[119.5485878,31.2000737],[119.5497036,31.1999499],[119.5499933,31.1995644],[119.5476866,31.1987201],[119.5478153,31.1983439],[119.5495802,31.1990138],[119.5494515,31.1978253],[119.5498967,31.1969948],[119.5490599,31.1959256],[119.5502883,31.1955975],[119.5499048,31.1949023],[119.5462489,31.1913597],[119.5438349,31.1873122],[119.5426279,31.1874361],[119.5431644,31.1871791],[119.5430624,31.1859813],[119.5424133,31.18594],[119.5429605,31.184655],[119.5429498,31.1854995],[119.5436686,31.1860685],[119.5435131,31.1863209],[119.5442104,31.1872342],[119.5444035,31.1880648],[119.5450097,31.1883723],[119.544881,31.1880832],[119.5452833,31.1879088],[119.5453155,31.1872709],[119.5448863,31.1863898],[119.5448863,31.1843843],[119.5452136,31.1836362],[119.5457447,31.1836729],[119.5451707,31.1846596],[119.5456052,31.1857197],[119.5454121,31.1877619],[119.5488131,31.1932182],[119.5502025,31.1949299],[119.5504224,31.1943838],[119.549776,31.1924702],[119.5492047,31.1919333],[119.5490384,31.1906301],[119.5483947,31.1904006],[119.548223,31.1899142],[119.5486843,31.1887486],[119.5479977,31.1872066],[119.547987,31.1864816],[119.5483947,31.1846],[119.5490813,31.1833333],[119.5488775,31.1808642],[119.5476222,31.1797168],[119.5463776,31.1811947],[119.5451867,31.1813232],[119.5432663,31.1835352],[119.5434272,31.182957],[119.5431161,31.1823604],[119.544028,31.1816352],[119.5441648,31.1807265],[119.5437437,31.1802056],[119.5444143,31.1803364],[119.5440307,31.1794139],[119.5432851,31.178893],[119.542923,31.1772155],[119.5423973,31.177266],[119.5428425,31.1770182],[119.5427781,31.1766097],[119.5436525,31.1754577],[119.5419574,31.1746132],[119.5410669,31.1758432],[119.5421827,31.1763756],[119.5419681,31.1766326],[119.5404875,31.176394],[119.5404607,31.1781885],[119.539758,31.1782207],[119.5389372,31.1764307],[119.5370489,31.1756734],[119.5368129,31.1738054],[119.5355737,31.1733143],[119.5352411,31.1721576],[119.533841,31.1715931],[119.5323926,31.1700646],[119.5316094,31.169679],[119.5293271,31.1631323],[119.5264113,31.1660299],[119.525038,31.1649925],[119.5262933,31.1639368],[119.528321,31.1605399],[119.5271301,31.1608153],[119.5251453,31.1604297],[119.5240831,31.1612836],[119.5233321,31.1610173],[119.5206928,31.1613846],[119.5196307,31.1622567],[119.5178068,31.1615865],[119.5149743,31.1624954],[119.5147705,31.1612101],[119.51285726149642,31.15892668089641],[119.49820328539053,31.162191010718473],[119.4974649,31.1628581],[119.4964161,31.1625987],[119.49673,31.1630738],[119.4972262,31.1630577],[119.4976419,31.1639758],[119.4948363,31.1635879],[119.493109,31.1650935],[119.492315,31.1648089],[119.4874227,31.1665532],[119.48547,31.166746],[119.4847405,31.1664155],[119.48382709153087,31.165393461575817],[119.44607822836744,31.173802424364],[119.4461703,31.1750171],[119.4439924,31.1768254],[119.4439924,31.1762379],[119.4427478,31.1759901],[119.4400763,31.1762379],[119.4368791,31.177367],[119.4360959,31.1771283],[119.4341057,31.1775827],[119.4340682,31.1779269],[119.4325983,31.1780187],[119.43277,31.1782574],[119.4308281,31.178138],[119.4299054,31.1776974],[119.4286823,31.1778443],[119.4280708,31.1792763],[119.4260855,31.1784781],[119.4253564,31.1785144],[119.4253671,31.1811488],[119.428457,31.1848111],[119.426499,31.1843934],[119.4261825,31.1846963],[119.4261986,31.1858253],[119.4259518,31.1860134],[119.4263595,31.1868211],[119.4253349,31.187381],[119.4247717,31.1871883],[119.4230872,31.1875325],[119.4227815,31.185784],[119.4214725,31.1844439],[119.4218159,31.1830304],[119.4200027,31.1833792],[119.4202709,31.1824063],[119.4202387,31.1818464],[119.4196165,31.1811671],[119.4198418,31.1803043],[119.4179428,31.1807357],[119.416827,31.1805062],[119.41680786296918,31.180322711143628],[119.40462622034556,31.18303630225437],[119.4047892,31.1841227],[119.40189079694345,31.183645647057645],[119.3858700580235,31.18721443790663],[119.3859172,31.1874545],[119.3870759,31.1873718],[119.3880415,31.186867],[119.3882775,31.1871057],[119.3873119,31.1881061],[119.3856704,31.1879134],[119.3855309,31.1886109],[119.386282,31.1891065],[119.3860888,31.1896756],[119.3873656,31.1912542],[119.3894041,31.1928236],[119.3895757,31.1950583],[119.3902141,31.1946545],[119.3901819,31.1949758],[119.3909168,31.1950079],[119.3917644,31.1940167],[119.391877,31.1946178],[119.3932182,31.1954071],[119.3941086,31.1952098],[119.3952888,31.1954736],[119.3946504,31.1946132],[119.3974829,31.1949253],[119.3990063,31.1940442],[119.4010019,31.1941177],[119.402461,31.1937689],[119.4029224,31.1971738],[119.4019353,31.1979997],[119.4007337,31.1984402],[119.3980729,31.1985962],[119.396013,31.1982475],[119.3951976,31.1987706],[119.393591,31.1968227],[119.39435,31.1966874],[119.3969142,31.1977795],[119.3985557,31.1977427],[119.3997188,31.1969645],[119.395085,31.1957696],[119.3933201,31.1957008],[119.3935132,31.196435],[119.3925154,31.1974169],[119.3933684,31.1972701],[119.3949079,31.1990964],[119.3920648,31.2005968],[119.3902945,31.2003674],[119.3901819,31.2009731],[119.3897313,31.2005785],[119.3898761,31.1996837],[119.3888783,31.1998902],[119.3889588,31.2001609],[119.3876284,31.1994681],[119.3878967,31.1985733],[119.3894899,31.1972747],[119.387961,31.1965543],[119.3878215,31.1945123],[119.3875748,31.1946086],[119.3877089,31.1957237],[119.3862069,31.1934201],[119.3845814,31.1920068],[119.3827897,31.1926905],[119.3845332,31.1940351],[119.385716,31.1945192],[119.385606,31.1948151],[119.3841523,31.1943976],[119.3838143,31.1946775],[119.384104,31.1957329],[119.3838143,31.1965635],[119.3831599,31.1957742],[119.3824786,31.1955952],[119.3821835,31.1942691],[119.3827307,31.1931678],[119.3823586,31.1929259],[119.3806176,31.1935846],[119.3779509,31.1912386],[119.3758798,31.1907648],[119.37448084593083,31.189751506645873],[119.37327079158563,31.190021059186208],[119.3729666,31.1905052],[119.3720866,31.1905506],[119.3698776,31.1917681],[119.3706715,31.19264],[119.3702638,31.1927777],[119.3689193,31.1922834],[119.3685794,31.1934293],[119.3665838,31.1957604],[119.3657362,31.1962193],[119.3633546,31.1957424],[119.36048398110451,31.196061943820343],[119.36025236986582,31.19643684749756],[119.3600714,31.1976051],[119.3608546,31.1986926],[119.3596959,31.198945],[119.35814208723367,31.199852712475614],[119.35782961069921,31.200358510909552],[119.3578076,31.2018266],[119.3581724,31.2034967],[119.3574857,31.2054605],[119.3561125,31.2060845],[119.3564343,31.2069288],[119.3561768,31.2086356],[119.3566918,31.210379],[119.3554687,31.2139209],[119.3572283,31.2172425],[119.3590092,31.2173342],[119.3613052,31.2206557],[119.3625498,31.2246375],[119.3582368,31.2268761],[119.3570995,31.228078],[119.3571746,31.2299587],[119.3580115,31.2310871],[119.3583763,31.2324265],[119.3594706,31.2329769],[119.3589985,31.2354997],[119.3578398,31.2369858],[119.3561447,31.2384352],[119.3587196,31.2398021],[119.3597388,31.2414807],[119.3627965,31.2421137],[119.3654036,31.2446637],[119.3664443,31.2474063],[119.3694913,31.2495343],[119.3697703,31.2508184],[119.3693089,31.2531481],[119.3708324,31.2536893],[119.369899,31.2562344],[119.3691909,31.2567297],[119.3687832,31.2586694],[119.3697703,31.2603111],[119.3711221,31.260788],[119.3728065,31.2609256],[119.3731284,31.2603294],[119.3739116,31.2599443],[119.37536,31.2605404],[119.375875,31.2614942],[119.3745339,31.2637044],[119.3745875,31.2660246],[119.3759716,31.2670425],[119.3759394,31.2679504],[119.3755424,31.2686749],[119.3754136,31.2707198],[119.3749362,31.2711417],[119.3751562,31.2714764],[119.3740565,31.2717056],[119.3731767,31.2715406],[119.373166,31.271215],[119.3714547,31.2712609],[119.3693465,31.2704218],[119.3678659,31.2710866],[119.3672544,31.2709399],[119.3646634,31.2720679],[119.3645292,31.2726868],[119.3648994,31.2737093],[119.3652588,31.2737551],[119.3659401,31.2755066],[119.3655753,31.2767124],[119.3659615,31.2775422],[119.3655056,31.2780878],[119.3669701,31.2794861],[119.3658328,31.2809257],[119.3665624,31.2819252],[119.3665194,31.2831263],[119.3657577,31.2838782],[119.3650496,31.2836856],[119.3649718,31.2830896],[119.3605327,31.2869314],[119.3610155,31.2891776],[119.3605649,31.2915797],[119.3626249,31.291974],[119.3622172,31.2925516],[119.3635905,31.2928724],[119.3635583,31.2937067],[119.3620241,31.2948986],[119.3610048,31.2951919],[119.3608546,31.2958428],[119.3603396,31.2955128],[119.359079,31.296755],[119.358682,31.2966908],[119.3585962,31.29615],[119.3583012,31.2962095],[119.3579578,31.2983731],[119.35718,31.2991202],[119.3564987,31.2989369],[119.3560427,31.2992532],[119.3561876,31.30138],[119.356606,31.3020217],[119.3548572,31.3022325],[119.3529689,31.3032776],[119.3515795,31.3034563],[119.3510324,31.304286],[119.3505228,31.3037864],[119.3496644,31.3042264],[119.3491602,31.3040339],[119.3486506,31.304593],[119.3458557,31.3043226],[119.3424493,31.3019942],[119.3441176,31.3022509],[119.3459362,31.2954074],[119.3458342,31.2952011],[119.3448526,31.2954899],[119.3433773,31.2963975],[119.341768,31.2960216],[119.3412262,31.2943989],[119.3413818,31.2932804],[119.3429482,31.2919419],[119.3436938,31.2922032],[119.3443108,31.2915431],[119.3443483,31.2902045],[119.3446648,31.2897828],[119.3442625,31.2897048],[119.3446487,31.2892785],[119.3443859,31.2887834],[119.3447775,31.2887376],[119.3447775,31.2882379],[119.3431306,31.2872568],[119.3430072,31.286913],[119.3434954,31.286693],[119.3465048,31.2875686],[119.3468374,31.2858403],[119.3441713,31.2840249],[119.3426263,31.2819893],[119.3424654,31.279046],[119.3384528,31.2783766],[119.3355989,31.2772488],[119.338426,31.2753919],[119.3413335,31.2746721],[119.3414569,31.2733425],[119.3382597,31.2726272],[119.3379593,31.2721504],[119.3397403,31.2696194],[119.3395901,31.2687391],[119.3411135,31.2651809],[119.3446541,31.2646857],[119.3447399,31.2641354],[119.3462634,31.2630441],[119.3460488,31.2615676],[119.3449759,31.2604303],[119.3426585,31.25977],[119.3406629,31.2598434],[119.3378627,31.2615033],[119.3355989,31.2617877],[119.3361568,31.2628148],[119.3372297,31.26331],[119.3368649,31.2637778],[119.3372834,31.2655202],[119.336704,31.2674369],[119.3333352,31.2624778],[119.3325654,31.2623746],[119.3323266,31.2619046],[119.3320611,31.2620055],[119.3323401,31.2622095],[119.3320691,31.2625855],[119.3311894,31.2624296],[119.3312001,31.2629982],[119.3318787,31.2636906],[119.3321899,31.2647223],[119.3316722,31.2660613],[119.3233037,31.2653826],[119.3234646,31.2648416],[119.3231749,31.264594],[119.318862,31.2662447],[119.31714921002718,31.266206920895904],[119.316831,31.266722],[119.31054815966571,31.26756775754981],[119.3106759,31.2681613],[119.3092328,31.2683906],[119.3079561,31.2695506],[119.3039328,31.2685923],[119.3036592,31.2687757],[119.30307846561622,31.268573282089818],[119.30000821254195,31.268986580785825],[119.2997539,31.2690692],[119.2989546,31.2704081],[119.2984611,31.270525],[119.2980427,31.2715635],[119.2974043,31.2708597],[119.2965245,31.2712632],[119.2960364,31.2708345],[119.29557814380732,31.269582929551532],[119.1967732,31.28288344695084],[119.1967732,31.2829934]],[[119.4262308,31.1882759],[119.4270784,31.189079],[119.4259143,31.1891157],[119.4249004,31.1888541],[119.4262308,31.1882759]],[[119.4403794,31.176729],[119.4406906,31.1767198],[119.4406745,31.1773876],[119.4401622,31.1778443],[119.4399369,31.1775597],[119.4403794,31.176729]]],[[[119.1952658,31.2833739],[119.19546712257473,31.28305926310791],[119.19478155792703,31.283151549628943],[119.1952658,31.2833739]]],[[[119.192369,31.3712815],[119.1922992,31.3715197],[119.1935062,31.3711625],[119.1924012,31.3706403],[119.1925031,31.3692021],[119.1912907,31.369422],[119.1906792,31.3702327],[119.192369,31.3712815]]]]}},{"type":"Feature","properties":{"city_name":"徐州市","region":"苏北","osm_type":"relation","osm_id":3218572,"display_name":"徐州市, 江苏省, 221000, 中国"},"geometry":{"type":"MultiPolygon","coordinates":[[[[116.4320344,34.6372192],[116.4316352,34.6390751],[116.4324047,34.6392003],[116.4321794,34.640434],[116.4327347,34.6405322],[116.4322222,34.6428398],[116.4313573,34.6426511],[116.4312365,34.6430875],[116.4303538,34.6429127],[116.4298228,34.6449474],[116.4261354,34.6443521],[116.4259795,34.6458112],[116.4273272,34.6461992],[116.4265926,34.6487034],[116.4263926,34.6486625],[116.4258531,34.6504565],[116.4255478,34.6503915],[116.4249226,34.652444],[116.4210379,34.6516347],[116.4208847,34.6523988],[116.4150733,34.6516284],[116.414849,34.6526326],[116.4138579,34.6525165],[116.4138671,34.6517478],[116.4123612,34.6515491],[116.4123496,34.6503077],[116.4113732,34.6504528],[116.4113082,34.649262],[116.4093714,34.6492365],[116.4092435,34.6471937],[116.4058498,34.647204],[116.4061271,34.644311],[116.4039899,34.6435549],[116.4039029,34.644503],[116.4035638,34.6447207],[116.4000372,34.6444814],[116.4001167,34.6464173],[116.3998702,34.6465416],[116.3983725,34.6467236],[116.3983311,34.6470942],[116.3943113,34.6471051],[116.3943334,34.64837],[116.391308,34.6485192],[116.3912506,34.647711],[116.3921789,34.6476374],[116.3918562,34.6440876],[116.392715,34.6440759],[116.3927173,34.6454921],[116.3938268,34.6455013],[116.3940562,34.6458231],[116.3940697,34.6440352],[116.3944905,34.643998],[116.3945289,34.6427941],[116.3951422,34.6427898],[116.3949895,34.6411819],[116.3965901,34.6414283],[116.3966058,34.640973],[116.3933211,34.6404202],[116.3931367,34.641424],[116.3919766,34.6413644],[116.3919698,34.641847],[116.3915647,34.6418162],[116.3915362,34.6426748],[116.3859972,34.6421904],[116.38624094612396,34.639567478520476],[116.377217,34.63954],[116.420212,34.834256],[116.470028,34.898258],[116.47062478083006,34.89840433484379],[116.470415,34.8973536],[116.4749694,34.8981807],[116.47509208199533,34.89949974841149],[116.48215404281541,34.90123139071871],[116.4864546,34.9010713],[116.4882731,34.901608],[116.4884341,34.8999714],[116.4886969,34.9000154],[116.4885414,34.9016256],[116.4916956,34.9015464],[116.4917171,34.9018148],[116.4950108,34.9019644],[116.4951557,34.9026551],[116.495896,34.9026331],[116.4963140484149,34.90470352337299],[116.50512735497341,34.906864607934644],[116.5059918,34.906751],[116.50640033821671,34.907176752351276],[116.50669490834761,34.90724898301272],[116.5079391,34.9069929],[116.5077513,34.9064606],[116.5119249,34.9060427],[116.5120536,34.9073449],[116.50880533372536,34.90776647411235],[116.51133542417999,34.90838687003127],[116.5119215,34.9082695],[116.5118864,34.9078504],[116.5143871,34.9076748],[116.5143228,34.9073185],[116.5178203,34.9074021],[116.5178847,34.9048505],[116.5342891,34.9071205],[116.5362954,34.9078948],[116.536113,34.9087746],[116.5392566,34.9100943],[116.5409624,34.9103847],[116.5410161,34.9121531],[116.5432691,34.9127426],[116.5436339,34.9110973],[116.5447283,34.9109038],[116.5447712,34.9105343],[116.5535474,34.9101911],[116.5616691,34.9121179],[116.5618408,34.9115724],[116.5732133,34.9147748],[116.5728271,34.9182411],[116.5754878,34.9183554],[116.5759063,34.9160945],[116.5792858,34.9171414],[116.5787709,34.9172734],[116.5786636,34.9178892],[116.5820646,34.9183026],[116.5821075,34.9174493],[116.5971815,34.9204931],[116.5968811,34.9214168],[116.5976429,34.921971],[116.599853,34.9223317],[116.6008937,34.9222525],[116.6016018,34.9216719],[116.6022134,34.9222613],[116.6028249,34.9219095],[116.6042411,34.923317],[116.6036081,34.92366],[116.6046917,34.924786],[116.6052604,34.924311],[116.6059685,34.9250411],[116.6088116,34.9239063],[116.6091227,34.9243286],[116.6092729,34.9261759],[116.6099703,34.927293],[116.6106999,34.9273986],[116.61026,34.9303717],[116.6145837,34.9321924],[116.6151312812274,34.93383834193222],[116.631879,34.937945],[116.63254675970204,34.93801445724288],[116.6326404,34.9379535],[116.6326189,34.9374698],[116.6332197,34.9373466],[116.6329944,34.9355436],[116.6348934,34.9354732],[116.6349578,34.9336701],[116.6383824,34.9335382],[116.6384446,34.9322681],[116.6408223,34.9317495],[116.640915,34.9313815],[116.644977,34.9310464],[116.6449191,34.9305203],[116.6514802,34.9299759],[116.6527891,34.9300286],[116.6521668,34.9333359],[116.6532719,34.9336701],[116.6532934,34.9343826],[116.6572416,34.9342506],[116.657263,34.9336261],[116.6587114,34.933591],[116.6586792,34.934321],[116.6705239,34.9340923],[116.6711032,34.9379007],[116.6723049,34.9378831],[116.6723961,34.9394047],[116.6728359,34.9401215],[116.6768271,34.9402754],[116.6774754,34.9399607],[116.6779375,34.9377864],[116.6837525,34.937118],[116.683495,34.9364319],[116.6851043,34.9357459],[116.6849327,34.9345673],[116.6859197,34.9345321],[116.6859627,34.9337933],[116.6923356,34.9336701],[116.7002106,34.9371091],[116.7008006,34.9351214],[116.7065942,34.9323244],[116.709727,34.9295536],[116.7161,34.9266949],[116.7212498,34.9267828],[116.7214,34.9278208],[116.7220974,34.9277592],[116.7222047,34.9287796],[116.7236745,34.9292458],[116.7229879,34.9265013],[116.7260671,34.9256569],[116.7304122,34.9251643],[116.7484259,34.9186985],[116.7465162,34.9100064],[116.7488766,34.9100944],[116.7486405,34.908669],[116.7500996,34.9084227],[116.7626524,34.917027],[116.775763,34.9175549],[116.7788958,34.9294129],[116.7800975,34.9371707],[116.780886,34.9403062],[116.7816156,34.9401259],[116.7815137,34.9396949],[116.7819053,34.9395498],[116.7817497,34.9386483],[116.7829889,34.9382877],[116.783461,34.9396158],[116.7836916,34.939563],[116.7831713,34.9382437],[116.7833966,34.9381558],[116.7839062,34.9394838],[116.7843568,34.9393387],[116.7923874,34.9355963],[116.7930043,34.9344837],[116.792264,34.9452444],[116.7861968,34.9464096],[116.7860734,34.9484455],[116.785419,34.948595],[116.7852956,34.9465284],[116.7812347,34.9466339],[116.7814493,34.9495096],[116.7774153,34.9500724],[116.77649987517285,34.952987787429855],[116.79684626277262,34.955104123562265],[116.7975747,34.9381294],[116.7953861,34.9376984],[116.7940557,34.9340703],[116.7932081,34.9343738],[116.7932135,34.9326146],[116.791454,34.9325355],[116.7914647,34.931867],[116.7932349,34.9319198],[116.7934227,34.9293073],[116.8040228,34.9289291],[116.8044412,34.9298791],[116.8062544,34.9289203],[116.8061471,34.9308027],[116.8037009,34.9311721],[116.8038726,34.9337229],[116.8034327,34.933846],[116.8033898,34.9356315],[116.8037867,34.9356579],[116.8037224,34.9376017],[116.8011796,34.9375929],[116.80058742004911,34.955493261254766],[116.81179283034113,34.956658795655564],[116.811769,34.9537613],[116.8135875,34.9531458],[116.81367109525544,34.95685416399232],[116.81873645959939,34.95738103951419],[116.8239784,34.9543241],[116.8252069,34.9542054],[116.8286991,34.9501691],[116.8295467,34.9355348],[116.8300402,34.9353061],[116.8296218,34.9296504],[116.827181,34.9297493],[116.8271676,34.9290764],[116.8221545,34.9289995],[116.8218809,34.9270027],[116.8320465,34.9268444],[116.8395567,34.924874],[116.8520236,34.9247332],[116.8521094,34.9289555],[116.8532306,34.9295492],[116.8527424,34.9313788],[116.8482363,34.9368013],[116.8482685,34.9374082],[116.8473458,34.9387363],[116.8435478,34.9392464],[116.8421638,34.9397741],[116.8393743,34.9357986],[116.8387306,34.933503],[116.838516,34.9305828],[116.8371427,34.9306971],[116.837545,34.934343],[116.8324435,34.9358338],[116.8319178,34.947654],[116.8311667,34.9478739],[116.8298578,34.9493249],[116.8301797,34.9499845],[116.8302226,34.9522093],[116.8393421,34.946247],[116.86614136677798,34.93167780123947],[116.89356425532617,34.91271708321717],[116.8937159,34.9090605],[116.8889844,34.9088186],[116.8890381,34.9068389],[116.8883407,34.906751],[116.8884748,34.9019072],[116.8932384,34.9019908],[116.8933189,34.9006709],[116.8943864,34.9006753],[116.8943596,34.9017444],[116.8950838,34.9017532],[116.8951803,34.9007545],[116.896913,34.9008293],[116.896854,34.9016124],[116.9007486,34.9019556],[116.9006199,34.9050396],[116.8988281,34.9049692],[116.898796,34.9059591],[116.9006842,34.9059899],[116.9006199,34.9064826],[116.8988335,34.9064694],[116.8988281,34.9069357],[116.9006091,34.9069621],[116.90056167158139,34.9078789336449],[116.91657859666488,34.89680452040215],[116.9166541,34.8782035],[116.9169384,34.8744583],[116.9197547,34.8745067],[116.9198674,34.8725615],[116.922673,34.8725967],[116.9227266,34.8745838],[116.9247115,34.874696],[116.9246766,34.8764057],[116.9257066,34.8764344],[116.9257656,34.8760537],[116.9280642,34.8761351],[116.9281179,34.877495],[116.9303656,34.8775126],[116.9304353,34.8746168],[116.9356737,34.8746872],[116.9356173,34.8754089],[116.9374761,34.8753429],[116.9376397,34.8697359],[116.9399679,34.8697887],[116.9399786,34.8693992],[116.9446135,34.8694982],[116.9450158,34.8673372],[116.9458955,34.8674604],[116.9459867,34.8680898],[116.947065,34.8681052],[116.947124,34.8676717],[116.94728577809609,34.86767621340168],[116.94836741065305,34.865471962654816],[116.9453108,34.8654446],[116.9454127,34.8648856],[116.9435245,34.8642606],[116.9436103,34.8637192],[116.9422692,34.8635431],[116.9422692,34.8639128],[116.9404614,34.8634683],[116.9321948,34.863213],[116.9321573,34.8639833],[116.9284183,34.8638732],[116.9283968,34.8613511],[116.9277209,34.8613115],[116.9279891,34.8591458],[116.9260687,34.8591414],[116.9261599,34.8572794],[116.9238478,34.8570813],[116.9238585,34.8535597],[116.9203663,34.8532383],[116.9203716,34.8507291],[116.9208008,34.8507423],[116.920715,34.8481581],[116.9220963,34.8483144],[116.9223082,34.8433285],[116.9239497,34.8436147],[116.9264227,34.8437116],[116.9264442,34.8435068],[116.951378,34.8446845],[116.9514209,34.8435399],[116.95905939628217,34.843682846603386],[116.96126061282843,34.839197004174814],[116.9612861,34.8386043],[116.96149617205539,34.83871695982091],[116.96769447258042,34.82608549040575],[116.9697618,34.8213079],[116.9772291,34.8050296],[116.9714302,34.8044834],[116.9707435,34.8039592],[116.9659853,34.8037258],[116.9658351,34.8058312],[116.9698369,34.8060339],[116.9683242,34.8087471],[116.9646335,34.8084388],[116.964494,34.8095223],[116.9580245,34.8090554],[116.9581103,34.80732],[116.9552243,34.8071967],[116.9550365,34.8089629],[116.9528264,34.808844],[116.9529122,34.8080247],[116.9510668,34.8079763],[116.9509435,34.8088704],[116.9455683,34.8085004],[116.9447583,34.8060074],[116.9450104,34.8031532],[116.9443774,34.8030915],[116.9446456,34.8005014],[116.9443023,34.8006159],[116.9442809,34.7983165],[116.944989,34.798017],[116.9450104,34.7950567],[116.9472635,34.7927836],[116.9514048,34.7924576],[116.9528639,34.7915412],[116.9523328,34.7894839],[116.9516945,34.7887702],[116.9521826,34.787193],[116.9536149,34.7863471],[116.9549668,34.7849328],[116.9558412,34.7855584],[116.9560289,34.7849813],[116.9565439,34.7849681],[116.9569409,34.7842147],[116.9575739,34.7843204],[116.957885,34.7825713],[116.9594246,34.7824567],[116.9603473,34.7772135],[116.9662213,34.7780903],[116.9661355,34.7784957],[116.9700086,34.7787821],[116.9703948,34.7766054],[116.9734526,34.7772576],[116.9738281,34.7758211],[116.9706094,34.7753629],[116.9708347,34.7738207],[116.9714785,34.7739],[116.9718754,34.7719435],[116.9712531,34.7717849],[116.971972,34.7685152],[116.9710815,34.7682684],[116.9715428,34.7650691],[116.9698799,34.7648664],[116.970073,34.7643905],[116.9789457,34.7649722],[116.9787955,34.7657654],[116.9841599,34.7659505],[116.9858551,34.763941],[117.00028337080725,34.767261975682665],[117.060586,34.709458],[117.06727388098072,34.695152919758854],[117.065227,34.694203],[117.0615792,34.6891394],[117.0605063,34.6862811],[117.0592189,34.6812171],[117.071321,34.6817111],[117.0725226,34.6796995],[117.07419782943064,34.680342901690786],[117.07528387137162,34.678019906237424],[117.0736813,34.6777761],[117.0756125,34.6746351],[117.07835971266044,34.67144081839595],[117.07995888471812,34.668020260423916],[117.0597124,34.6663584],[117.0598411,34.6657583],[117.0561719,34.6655112],[117.0560431,34.6621403],[117.0508933,34.6615579],[117.049005,34.6607283],[117.0497346,34.657216],[117.0726514,34.6585574],[117.0742821,34.6579396],[117.0811271,34.6578867],[117.081728,34.6576396],[117.0745611,34.6533328],[117.0692611,34.6508439],[117.063446,34.6472605],[117.0615363,34.645407],[117.0619011,34.6443125],[117.0626092,34.6441713],[117.0626521,34.6431474],[117.0634031,34.6431827],[117.0638108,34.6414526],[117.064991,34.6415939],[117.0644116,34.6443302],[117.0651841,34.6442596],[117.0658064,34.6416645],[117.0676303,34.6417528],[117.068274,34.6396519],[117.0769644,34.6401639],[117.0765781,34.6423],[117.0781445,34.6424059],[117.0778656,34.6451599],[117.080419,34.6453187],[117.0802474,34.6468898],[117.08955466197287,34.64749531926531],[117.13733538522975,34.54529447535987],[117.137196,34.5450954],[117.1343851,34.5419317],[117.133398,34.5402172],[117.1325826,34.5369119],[117.1318745,34.528586],[117.1322393,34.5233886],[117.1381831,34.5059201],[117.1483111,34.4857418],[117.1497059,34.481886],[117.1527529,34.4535986],[117.1605313,34.4306468],[117.1623766,34.4309919],[117.1632242,34.4326555],[117.1650749,34.4342129],[117.1668613,34.4348899],[117.1792531,34.435673],[117.1950352,34.4337528],[117.1942627,34.4358854],[117.1972453,34.4353544],[117.1986294,34.4344253],[117.2006571,34.4339209],[117.2045517,34.4348412],[117.2048736,34.4409555],[117.2044444,34.4421412],[117.2050238,34.442703],[117.2063219,34.4430614],[117.2091973,34.4430879],[117.2109675,34.4422872],[117.2128934,34.4427561],[117.2133172,34.442995],[117.2126788,34.4443642],[117.2122389,34.4446274],[117.2137302,34.445552],[117.213226,34.4463881],[117.2204733,34.4473923],[117.2206718,34.4494493],[117.2189552,34.4504093],[117.2177589,34.4502412],[117.2169596,34.4504933],[117.2165465,34.4512497],[117.21726,34.4517584],[117.2188586,34.4518248],[117.2193521,34.4537578],[117.2199798,34.4546071],[117.2211063,34.4551468],[117.2256231,34.4552706],[117.2281551,34.4558103],[117.2295821,34.4556687],[117.2305477,34.455191],[117.2326612,34.4535101],[117.2337985,34.4516877],[117.2327524,34.4516478],[117.2331387,34.4495024],[117.2324467,34.447702],[117.2320926,34.4477551],[117.2318459,34.4467243],[117.2314059,34.4466624],[117.2313684,34.4457113],[117.2349197,34.445468],[117.2385729,34.4475825],[117.2407025,34.4482682],[117.2471022,34.451723],[117.252236,34.4552706],[117.2532391,34.4587473],[117.2457075,34.460835],[117.2447312,34.4607819],[117.2448921,34.4600123],[117.2432613,34.4593488],[117.2396779,34.459455],[117.2388679,34.4598663],[117.238192,34.461034],[117.2383851,34.4628474],[117.2393024,34.463763],[117.2437334,34.4652314],[117.2451228,34.4651518],[117.2464424,34.4642009],[117.2473919,34.4608483],[117.2485775,34.4601936],[117.2533303,34.4589552],[117.2540116,34.4605121],[117.2531909,34.4615869],[117.2534752,34.4669209],[117.2526598,34.4677877],[117.2514796,34.4679469],[117.2513079,34.4686723],[117.2524452,34.4722633],[117.2533357,34.4731434],[117.2552133,34.4738554],[117.2571498,34.4739792],[117.2492936,34.4775679],[117.2491729,34.4778288],[117.2445166,34.4759604],[117.2416305,34.4757658],[117.24100671366463,34.47603475251436],[117.24548576467343,34.48796665642289],[117.2457826,34.4878377],[117.2467107,34.4868693],[117.2472364,34.4849017],[117.2503745,34.4823812],[117.2508681,34.4804002],[117.2507286,34.4787375],[117.249366,34.4779681],[117.2495913,34.4776231],[117.2570908,34.4744214],[117.2574663,34.4756774],[117.25914,34.4755005],[117.2591829,34.4777735],[117.2597515,34.4778089],[117.2599232,34.4791355],[117.2602129,34.4792328],[117.2602236,34.4822309],[117.2597408,34.4823016],[117.259773,34.4832125],[117.25914,34.4850874],[117.2576058,34.4866085],[117.2562969,34.4896947],[117.2559106,34.4919762],[117.254709,34.4948147],[117.2546339,34.496088],[117.2550738,34.4963621],[117.2547519,34.4972551],[117.2536039,34.4982455],[117.2536898,34.4990678],[117.2555029,34.5010307],[117.2570693,34.5020386],[117.2593117,34.5025249],[117.2615862,34.5017822],[117.2660279,34.5026399],[117.2674334,34.5030908],[117.2689569,34.5043993],[117.2679913,34.5092708],[117.2688067,34.5111628],[117.2685492,34.5126038],[117.2605562,34.5135674],[117.2599447,34.5132226],[117.2587967,34.5131961],[117.2587645,34.5147697],[117.2577882,34.5150349],[117.2582388,34.5167941],[117.2596443,34.516361],[117.2597515,34.5169091],[117.2605348,34.5168295],[117.260524,34.5157598],[117.2611356,34.5140802],[117.2622943,34.5139476],[117.2633672,34.5134083],[117.266103,34.5131431],[117.2651482,34.5162195],[117.2655451,34.5181555],[117.2663712,34.5195699],[117.2689247,34.5202683],[117.2694182,34.5209401],[117.269268,34.5219478],[117.2662961,34.5242018],[117.2658348,34.5250239],[117.2667253,34.5283385],[117.2660708,34.5289396],[117.2635818,34.5290434],[117.262305,34.5294699],[117.2615969,34.5306543],[117.2616434640338,34.53100972866558],[117.262892537139,34.534337179109116],[117.2648799,34.5351089],[117.2680234,34.5343842],[117.2695148,34.5328993],[117.2702229,34.532749],[117.2735595,34.5344549],[117.2777009,34.5348084],[117.2795141,34.5345079],[117.2813701,34.5346847],[117.2883439,34.5379812],[117.290951,34.5388562],[117.2904253,34.5414986],[117.2909403,34.541534],[117.2905433,34.5424001],[117.2921848,34.5419052],[117.2927213,34.5425149],[117.2940946,34.542347],[117.2939229,34.5439996],[117.2944379,34.5441057],[117.2948992,34.5434605],[117.2954142,34.5435047],[117.2953069,34.5445652],[117.29653,34.5446447],[117.2967446,34.5454931],[117.2959292,34.5472605],[117.2962403,34.5491162],[117.2970235,34.5494167],[117.2968733,34.5499822],[117.29388,34.5499557],[117.2939014,34.5502827],[117.2931611,34.5504682],[117.2930539,34.5507687],[117.2899854,34.5513784],[117.2886336,34.5521737],[117.2881079,34.5532429],[117.288183,34.5545683],[117.287904,34.554882],[117.2838968,34.5567154],[117.2833067,34.5563708],[117.2834676,34.5559335],[117.2822446,34.555284],[117.2806299,34.5555579],[117.280249,34.5560262],[117.2776902,34.555421],[117.2776473,34.5551382],[117.2720468,34.5540205],[117.2703902212147,34.554310527425955],[117.27255664934799,34.560081752683345],[117.2742033,34.5609301],[117.27510165038588,34.56415147859024],[117.2813892094904,34.566638178546015],[117.2816276,34.5664697],[117.282722,34.5668408],[117.2842884,34.5658513],[117.2860694,34.5660721],[117.2897816,34.5642433],[117.2898352,34.5635895],[117.2887838,34.5630594],[117.2885263,34.5606562],[117.2872281,34.5594103],[117.2854042,34.5587919],[117.2840202,34.556901],[117.2880113,34.5550896],[117.2894275,34.5556551],[117.2895563,34.5554166],[117.2939765,34.5573958],[117.2944164,34.5583854],[117.2954249,34.5583059],[117.2959292,34.5595694],[117.2970986,34.5598345],[117.2962993,34.5610891],[117.2942501,34.5609787],[117.2942448,34.5618092],[117.2958487,34.561712],[117.295618,34.5642345],[117.2922975,34.5645216],[117.2906077,34.5651003],[117.2897923,34.5660368],[117.289862,34.5670572],[117.2906291,34.5674415],[117.291289,34.5687932],[117.2922277,34.5689302],[117.2927105,34.5703702],[117.2936761,34.5714612],[117.29367982931855,34.57149906069044],[117.29841935070161,34.573373519032344],[117.2992122,34.5733959],[117.29929551789655,34.57372003902344],[117.30137106039183,34.574540906286146],[117.3018515,34.5740232],[117.3008376,34.572676],[117.3015779,34.5720796],[117.3015082,34.5713861],[117.3000973,34.5691996],[117.2996414,34.5691555],[117.2991049,34.5657055],[117.2971684,34.564473],[117.2971469,34.5640798],[117.2976136,34.5638015],[117.2966963,34.5633774],[117.2963315,34.5621626],[117.2979033,34.5590834],[117.2989547,34.558085],[117.3009503,34.558138],[117.3019749,34.5577713],[117.3019963,34.5568568],[117.3034501,34.5568612],[117.3031765,34.5555623],[117.3011327,34.5548864],[117.3004782,34.5537642],[117.300607,34.5532164],[117.3027205,34.5527392],[117.3026991,34.5520765],[117.3042011,34.5521383],[117.3044693,34.5529866],[117.305156,34.5526773],[117.3052847,34.5536228],[117.3044693,34.5539144],[117.3045552,34.5558319],[117.306025,34.5562648],[117.3064971,34.5571307],[117.3064112,34.5593573],[117.3074734,34.5596931],[117.3078757,34.5588581],[117.3088682,34.5582131],[117.3092169,34.558381],[117.3090935,34.5599272],[117.3081762,34.5608638],[117.3082995,34.5617253],[117.3111534,34.5618754],[117.3116308,34.5604309],[117.3128432,34.560073],[117.3148817,34.5611819],[117.3189801,34.558783],[117.3185992,34.5567243],[117.3193717,34.5567508],[117.3213619,34.5581071],[117.3220324,34.5598875],[117.3242533,34.5596577],[117.3247146,34.5610007],[117.328105,34.5605325],[117.3271823,34.5608594],[117.3271286,34.5619373],[117.3277402,34.5623349],[117.327311,34.5639252],[117.3274934,34.5646674],[117.325927,34.567362],[117.3251545,34.5678479],[117.325058,34.569447],[117.3212814,34.5713906],[117.3207879,34.5723712],[117.3191464,34.5722033],[117.318728,34.5708517],[117.3194575,34.5704188],[117.3194361,34.5686696],[117.3171937,34.5683515],[117.3154664,34.5672913],[117.3139214,34.5669203],[117.3125803,34.5671765],[117.311883,34.5683338],[117.3109174,34.5684222],[117.3104346,34.5692791],[117.3105848,34.5699947],[117.3102307,34.5702598],[117.3114002,34.5723623],[117.3115611,34.5736345],[117.3119795,34.5742882],[117.3134279,34.5748359],[117.3153698,34.574721],[117.3163783,34.5749861],[117.3167109,34.576267],[117.317065,34.5760991],[117.3174727,34.5747829],[117.3178804,34.5749419],[117.3178911,34.5753924],[117.3191893,34.5758518],[117.3193824,34.5754808],[117.3186529,34.5747829],[117.3197043,34.5737581],[117.3225474,34.5748006],[117.3235774,34.5738641],[117.3240173,34.5752776],[117.3251867,34.5752953],[117.3261416,34.574721],[117.3274398,34.5751274],[117.327944,34.5756044],[117.3345315,34.5777864],[117.3367631,34.5798799],[117.3374927,34.5830776],[117.3414409,34.5844644],[117.34179156847934,34.584462626229346],[117.469037,34.475338],[117.48065702252121,34.4749800743437],[117.4812269,34.4743772],[117.4817258,34.4731257],[117.4823052,34.4706801],[117.4858779,34.4699813],[117.4858564,34.4696319],[117.4865109,34.4694816],[117.4865001,34.4705253],[117.4858296,34.4708747],[117.4867576,34.4709233],[117.4870849,34.4703528],[117.4882436,34.4704678],[117.4895203,34.4695479],[117.4894291,34.4700875],[117.4901801,34.4703572],[117.4901372,34.4709189],[117.4913442,34.4721793],[117.4916983,34.4697248],[117.4921113,34.4696894],[117.4921918,34.4691455],[117.4924225,34.4691808],[117.4923688,34.471056],[117.4926317,34.4710471],[117.4926317,34.470083],[117.4929053,34.4700432],[117.4928838,34.4710073],[117.49349,34.4707332],[117.4952924,34.4709189],[117.4952388,34.4715425],[117.4920094,34.4717459],[117.4917197,34.4721041],[117.4931037,34.4721174],[117.4929321,34.4725773],[117.4937689,34.4726437],[117.4937796,34.4737846],[117.4942249,34.4737404],[117.4942839,34.4725906],[117.4946541,34.4725464],[117.4946701,34.4736431],[117.4951208,34.4740854],[117.4955928,34.4737758],[117.49604603270447,34.47450605447328],[117.49798623048831,34.47444629154563],[117.4978995,34.4737316],[117.4993372,34.4740234],[117.5011611,34.4738731],[117.5031781,34.4732716],[117.50549794006781,34.47421491216782],[117.50958665207747,34.47408896964689],[117.5097978,34.4735724],[117.5111818,34.4724579],[117.5141108,34.4713877],[117.5167179,34.4725287],[117.5188959,34.4710958],[117.5205052,34.4714408],[117.523123,34.4695147],[117.529335,34.4687518],[117.5316524,34.4689376],[117.5337875,34.4685661],[117.5358581,34.4704855],[117.5371027,34.4711312],[117.5378215,34.4723429],[117.5392592,34.4730505],[117.5393079936722,34.473173478245975],[117.55265898976556,34.472762234289235],[117.5553524,34.4702821],[117.5565004,34.4704059],[117.5585389,34.4693268],[117.5602448,34.469256],[117.560749,34.4675312],[117.5640964,34.464391],[117.5652122,34.4638957],[117.5669503,34.4644972],[117.569375,34.4641345],[117.5721216,34.4643999],[117.5722933,34.4651075],[117.5736022,34.4651518],[117.5739777,34.4642849],[117.5743103,34.4642937],[117.574203,34.4648068],[117.5749218,34.4648864],[117.5751042,34.4644618],[117.5767565,34.464453],[117.5769067,34.4638426],[117.5773573,34.4637807],[117.577486,34.4630288],[117.5791919,34.4627811],[117.5790954,34.4634092],[117.5802863,34.4634711],[117.5808334,34.4631615],[117.5814772,34.463418],[117.5816917,34.4631703],[117.5833654,34.4632588],[117.583344,34.4623742],[117.5852001,34.4624627],[117.5852644,34.4637807],[117.5833011,34.4653287],[117.5832581,34.4664344],[117.586509,34.4666555],[117.5885475,34.4688845],[117.588526,34.4696275],[117.5905859,34.4713965],[117.5910795,34.47114],[117.5975383,34.4770439],[117.59757602088672,34.4776010210418],[117.61398484944269,34.49190786944884],[117.6139855,34.4918966],[117.6146829,34.490915],[117.6184273,34.4908797],[117.6185882,34.490526],[117.6170647,34.4898627],[117.6170754,34.4888635],[117.6176977,34.4887397],[117.6181269,34.4893941],[117.6214313,34.4898274],[117.6215064,34.489624],[117.62362,34.4901015],[117.6257336,34.4908089],[117.6257121,34.4910565],[117.6274288,34.4910831],[117.6275039,34.4915252],[117.6280832,34.4915694],[117.6281261,34.4918524],[117.628963,34.4918878],[117.6289415,34.4922592],[117.6281154,34.492268],[117.6283944,34.4931523],[117.6260662,34.4930506],[117.6260984,34.4933468],[117.6286358,34.4933556],[117.628727,34.4936519],[117.6262593,34.4936298],[117.6264954,34.4939923],[117.6286948,34.4939923],[117.6287806,34.4947439],[117.6292312,34.4947174],[117.6293278,34.496813],[117.6299822,34.4968396],[117.6299071,34.4946732],[117.630229,34.4946599],[117.6303202,34.4957652],[117.6305669,34.4957564],[117.630524,34.4946334],[117.6311946,34.4945848],[117.6312268,34.4965478],[117.6333725,34.4966892],[117.6336622,34.4996425],[117.6354647,34.499501],[117.63569,34.5000227],[117.6371598,34.499952],[117.6371384,34.4995983],[117.6367307,34.4995276],[117.6367843,34.499165],[117.6384687,34.4991031],[117.6385009,34.4982808],[117.6389408,34.4982366],[117.6391876,34.4970871],[117.6411188,34.497096],[117.6414084,34.4980333],[117.6440799,34.4977238],[117.644434,34.4989352],[117.6473951,34.4982455],[117.6498842,34.4996956],[117.6503348,34.5011456],[117.6517296,34.5009688],[117.6523518,34.5030378],[117.6553345,34.5032323],[117.6553774,34.5071932],[117.6589823,34.5118612],[117.6627696,34.5138415],[117.662791,34.5141553],[117.663601,34.5139652],[117.6636976,34.5142835],[117.6622546,34.5144338],[117.6618469,34.5150261],[117.6625872,34.515004],[117.6625121,34.5160206],[117.6627749,34.5160471],[117.6631182,34.5152383],[117.6651513,34.5152825],[117.666192,34.5158482],[117.6667285,34.5155388],[117.6678228,34.5170593],[117.6685095,34.5203301],[117.6695823,34.5202948],[117.6706123,34.5239897],[117.672801,34.524909],[117.67406770704731,34.526186236139374],[117.773308,34.526549],[117.773444508661,34.52756503274902],[117.7774286,34.525625],[117.7814627,34.5223809],[117.7825355,34.5241753],[117.7863443,34.5226991],[117.7870846,34.5240162],[117.7914405,34.5226107],[117.7917141,34.5240383],[117.7920869,34.5240958],[117.7915156,34.5246526],[117.7922344,34.5252891],[117.7919662,34.5273397],[117.7931571,34.5274723],[117.7933717,34.5286833],[117.7916229,34.5287186],[117.7912044,34.5315912],[117.7904963,34.5329788],[117.7903891,34.5346846],[117.7909791,34.5346139],[117.7911615,34.5367174],[117.7916551,34.5367881],[117.7918589,34.5387325],[117.7890801,34.541101],[117.7897668,34.5436638],[117.7903032,34.5437522],[117.7904105,34.5455373],[117.7886724,34.5477465],[117.7878356,34.5495139],[117.7879858,34.5518114],[117.791419,34.5565476],[117.7911401,34.5590393],[117.7885651,34.5608417],[117.7892089,34.5664432],[117.7877068,34.5740938],[117.7885651,34.5781751],[117.7859258,34.5846057],[117.787621,34.592078],[117.7878785,34.6000619],[117.7935004,34.6252802],[117.7923202,34.6253155],[117.7923095,34.6257393],[117.7893484,34.6264544],[117.7899492,34.6287586],[117.7876425,34.6292883],[117.790432,34.6383808],[117.7889836,34.6386986],[117.7895951,34.6409495],[117.78869795973918,34.64109633337969],[117.790051,34.651167],[117.79320311208627,34.65181910531082],[117.7930605,34.6510381],[117.7931785,34.6495818],[117.801075,34.6484168],[117.7993584,34.6443125],[117.8005922,34.6442066],[117.8031027,34.6445861],[117.8034139,34.6457954],[117.8057098,34.6456188],[117.8050876,34.6446479],[117.8071475,34.6453364],[117.8108489,34.6479622],[117.8116,34.6518236],[117.8140569,34.6516647],[117.8141856,34.6512499],[117.8166854,34.6506056],[117.818445,34.6524149],[117.8188741,34.6556009],[117.8207624,34.6567217],[117.823112,34.6565629],[117.8257513,34.6550626],[117.825365,34.6528386],[117.8276825,34.6526268],[117.8263521,34.6506851],[117.8315019,34.6490964],[117.8348922,34.650791],[117.8382396,34.6544625],[117.8422308,34.6547449],[117.841115,34.6502614],[117.8443765,34.6496613],[117.8451919,34.6470487],[117.8475952,34.6474371],[117.850213,34.6503673],[117.8533887,34.6506851],[117.8529167,34.6483903],[117.8568649,34.6479313],[117.8608131,34.652309],[117.8678941,34.6505439],[117.868452,34.6530504],[117.8749752,34.6512499],[117.8764343,34.6482138],[117.8857898,34.6448951],[117.8861546,34.6462367],[117.8977847,34.6455306],[117.9046726,34.6720763],[117.9094362,34.6718292],[117.9092645,34.669888],[117.9138994,34.6693586],[117.9133844,34.6679467],[117.9192638,34.6669937],[117.9179763,34.6602165],[117.9211643,34.6578633],[117.9261732,34.6579573],[117.9273319,34.6610637],[117.9333829,34.6650171],[117.9351854,34.669888],[117.94047411022677,34.67211502772561],[117.98526931001392,34.663708627105535],[117.9851818,34.6621491],[117.987467,34.6619108],[117.9876709,34.6607901],[117.9892373,34.6604283],[117.9892588,34.6595987],[117.9928851,34.6590516],[117.9929173,34.6584603],[117.9988933,34.657216],[117.9986036,34.6540918],[118.0002665,34.653827],[118.0011463,34.6507557],[118.0064464,34.6505174],[118.0066609,34.6479755],[118.0099976,34.6479137],[118.0102229,34.6521854],[118.0132913,34.6524855],[118.0138028159655,34.658353944388104],[118.050448,34.651477],[118.08093621839363,34.584595212660524],[118.0772367,34.5815968],[118.0762174,34.5772984],[118.0745523,34.5753726],[118.072737,34.5711693],[118.08948538663121,34.56584096324481],[118.12409995486533,34.48990723167702],[118.1238735,34.489341],[118.1229079,34.4895444],[118.1216901,34.4862503],[118.1225592,34.486436],[118.12600241417158,34.48573382025954],[118.165429,34.399244],[118.16928139096015,34.40000372450628],[118.1687307,34.3980929],[118.1626663,34.3933601],[118.1653333,34.3875712],[118.1739185,34.3854799],[118.1750548,34.3911491],[118.1817076,34.3899617],[118.180506,34.3851824],[118.2110809,34.3785778],[118.214542,34.407735],[118.2271741,34.3991502],[118.2405982,34.40678],[118.2608755,34.4066285],[118.2706602,34.4049697],[118.2722288,34.4117677],[118.278488,34.4104595],[118.28207913004637,34.422248405153304],[118.29874570217942,34.42553519598425],[118.3021622,34.4252037],[118.30226099986886,34.42622844280919],[118.30713808034858,34.4271902448687],[118.3098924,34.4265772],[118.31016032964372,34.427786258325625],[118.31363829733127,34.42847214335432],[118.3130348,34.4243612],[118.3149467,34.4230275],[118.3387712,34.4224461],[118.339122,34.4232143],[118.3440294,34.4233346],[118.3445562,34.4254374],[118.346762,34.4253622],[118.3477845,34.4189077],[118.3703428,34.4151395],[118.372103,34.413715],[118.3733449,34.4221576],[118.3756771,34.4233751],[118.3759294,34.4259005],[118.378444,34.4255993],[118.3796329,34.4271982],[118.3843789,34.4270817],[118.3844905,34.4281706],[118.3860231,34.428594],[118.3934877,34.4290135],[118.395553,34.4262129],[118.400368,34.4273242],[118.4033029,34.4273965],[118.4054033,34.4328764],[118.4081268,34.4300919],[118.4135973,34.4261284],[118.4287183,34.4202119],[118.4320068,34.4185714],[118.4380873,34.4178084],[118.4430693,34.4177514],[118.4466478,34.4167899],[118.4616933,34.4147339],[118.4765318,34.4204334],[118.4801638,34.4224549],[118.4915998,34.4269029],[118.5131003,34.4362674],[118.5217438,34.4393729],[118.5284578,34.4423109],[118.5317763,34.4396164],[118.5350878,34.4388884],[118.5403368,34.4383619],[118.5436403,34.4371759],[118.5458298,34.4357679],[118.5623093,34.4291344],[118.5681078,34.4281424],[118.5711593,34.4283334],[118.5789338,34.4296114],[118.5817413,34.4316369],[118.5839998,34.4339064],[118.5860807,34.4378947],[118.5884101,34.4380946],[118.5892305,34.4396034],[118.5899445,34.4396529],[118.5906092,34.4420774],[118.5900193,34.4443819],[118.5902874,34.4458403],[118.5945203,34.4482229],[118.5964963,34.4502639],[118.6004028,34.4515914],[118.6031723,34.4515534],[118.6171873,34.4463194],[118.6216616,34.4428544],[118.6244267,34.4415635],[118.6357097,34.4413224],[118.6355126,34.4400871],[118.6365778,34.440249],[118.6365917,34.4399695],[118.639377,34.4380241],[118.6444013,34.4360884],[118.6462938,34.4339979],[118.6484833,34.4323614],[118.6519309,34.4272075],[118.6588518,34.4251099],[118.6632233,34.4222944],[118.6640008,34.4197614],[118.6661378,34.4158324],[118.6656143,34.4138122],[118.6658678,34.4127634],[118.6710986,34.4120976],[118.6699089,34.4066992],[118.6707282,34.4065579],[118.6708302,34.4057984],[118.6699808,34.402068],[118.6688137,34.3989995],[118.6672423,34.3970071],[118.6662571,34.3943885],[118.66447,34.3912697],[118.663603,34.3921915],[118.6631005,34.3908951],[118.66164,34.3912751],[118.6599054,34.3866853],[118.6555551,34.3851342],[118.6533576,34.3851308],[118.6461333,34.3842049],[118.6425173,34.3840219],[118.6395033,34.3849794],[118.6366883,34.3827249],[118.6366423,34.3801994],[118.6385118,34.3767319],[118.6411283,34.3695829],[118.6410294,34.3658423],[118.6406073,34.3659371],[118.6390942,34.3626373],[118.6407007,34.3620821],[118.6407193,34.3618508],[118.6391601,34.357818],[118.6335005,34.3581883],[118.6334902,34.3567782],[118.6322102,34.356888],[118.6320105,34.3557382],[118.63263,34.3505881],[118.6306299,34.3506582],[118.6299001,34.3476683],[118.6280702,34.3486881],[118.6272201,34.3465981],[118.6273702,34.3454681],[118.6230102,34.3458782],[118.6166802,34.3455882],[118.61656,34.3425583],[118.6191501,34.3418383],[118.6199189,34.3410866],[118.6198202,34.3403781],[118.6212397,34.340068],[118.6211898,34.3394181],[118.6271702,34.338798],[118.6286002,34.3368281],[118.6288199,34.3356981],[118.6286198,34.3350482],[118.6315098,34.333928],[118.6311899,34.3330183],[118.6318,34.332848],[118.6315201,34.331708],[118.6323299,34.3313381],[118.63271,34.3298179],[118.6325297,34.3247978],[118.6331297,34.3240281],[118.63307,34.3210381],[118.6328597,34.3210179],[118.6327699,34.3239681],[118.6324999,34.3210181],[118.6324798,34.3242179],[118.6323396,34.3210181],[118.6312397,34.3209279],[118.6319399,34.324538],[118.6311195,34.3214281],[118.6307097,34.3214779],[118.6312497,34.3245581],[118.6304301,34.3246281],[118.62988,34.3215779],[118.6300997,34.3215481],[118.6300599,34.3205479],[118.6288495,34.320388],[118.6289995,34.318998],[118.6295395,34.319028],[118.6297694,34.3172279],[118.6294494,34.3172082],[118.6296297,34.3157379],[118.6293497,34.315758],[118.6292193,34.3139079],[118.6274596,34.3138579],[118.6274496,34.3131681],[118.6249393,34.3130281],[118.6248393,34.312718],[118.6249293,34.3120881],[118.6274396,34.312258],[118.6273994,34.3112678],[118.6249294,34.3111182],[118.6248797,34.3118081],[118.6225299,34.3116681],[118.6225994,34.3105781],[118.6228993,34.310558],[118.6228294,34.3081682],[118.6209494,34.308198],[118.6209896,34.3095081],[118.6192097,34.3095982],[118.6193293,34.3076583],[118.6146293,34.3080982],[118.61474,34.3093983],[118.6127495,34.309478],[118.6127293,34.3098882],[118.6124095,34.3098882],[118.6123796,34.3107881],[118.6110293,34.3107683],[118.6110896,34.3129784],[118.6092694,34.3127383],[118.6098298,34.3107183],[118.6074294,34.310448],[118.6072195,34.3111084],[118.6001094,34.3106384],[118.6000094,34.3094584],[118.5987195,34.3093883],[118.5986393,34.3084981],[118.5975794,34.3085684],[118.5975493,34.3071584],[118.5968199,34.3071682],[118.5966093,34.3066983],[118.5912393,34.3069184],[118.5910893,34.3056185],[118.5891795,34.3066384],[118.5887392,34.3072684],[118.5908695,34.3098483],[118.5904297,34.3106583],[118.5899398,34.3106785],[118.5895494,34.3099384],[118.5883097,34.3092685],[118.5876194,34.3095583],[118.5880798,34.3099484],[118.5878495,34.3107086],[118.5830593,34.3110284],[118.5823696,34.3074887],[118.5815595,34.3080687],[118.5807393,34.3074686],[118.5808992,34.3055184],[118.5788593,34.3065685],[118.5758993,34.3069183],[118.5751993,34.3064285],[118.5749093,34.3053184],[118.5735793,34.3061386],[118.5723792,34.3022586],[118.5736593,34.3024885],[118.5731091,34.2996886],[118.5713994,34.2998385],[118.5718192,34.3021784],[118.5670792,34.3030187],[118.5654593,34.2980787],[118.5648484,34.2951385],[118.5650392,34.2932986],[118.5660689,34.2897288],[118.5636588,34.2899587],[118.563409,34.2884985],[118.5637394,34.2884187],[118.5628693,34.2850888],[118.5649188,34.2848486],[118.5671789,34.2862986],[118.568149,34.2829287],[118.5656288,34.2831688],[118.565119,34.2810186],[118.5645989,34.2811388],[118.5642993,34.2799287],[118.5635988,34.2802686],[118.5634589,34.2794685],[118.5615291,34.2796187],[118.5612186,34.2780786],[118.5625891,34.2778188],[118.5619991,34.2762488],[118.5603988,34.2764685],[118.5600089,34.2751387],[118.5590088,34.2752488],[118.5588488,34.2737588],[118.5595491,34.2735387],[118.5587685,34.2720189],[118.5586787,34.2678286],[118.5600988,34.2676886],[118.5597483,34.2657286],[118.5586587,34.2658486],[118.5584186,34.2639889],[118.559831,34.2637491],[118.5589284,34.2602987],[118.5582289,34.2601287],[118.5579386,34.2582588],[118.5565787,34.2583787],[118.5559787,34.2537787],[118.5564687,34.2537688],[118.5557885,34.2503184],[118.5545587,34.2504986],[118.5539886,34.2501786],[118.5537281,34.2491388],[118.5555884,34.2488687],[118.5552984,34.2473686],[118.5560483,34.2471685],[118.5555284,34.2462887],[118.5562883,34.2464284],[118.5575084,34.2479787],[118.5572984,34.2448886],[118.5583084,34.2435585],[118.5574785,34.2409186],[118.5577985,34.2406985],[118.5573784,34.2385388],[118.5578583,34.2384487],[118.5581282,34.2380085],[118.5607583,34.2377087],[118.5606982,34.2365686],[118.5694684,34.2356986],[118.5696886,34.2337584],[118.5683781,34.2336285],[118.5659885,34.2257964],[118.5660482,34.2249486],[118.5666181,34.2241687],[118.5665179,34.2237384],[118.5651784,34.2199983],[118.5632179,34.2181086],[118.5602279,34.2095685],[118.5608381,34.2078985],[118.5584594,34.2012783],[118.5561978,34.1981987],[118.5540378,34.1869585],[118.5540378,34.1865087],[118.5554884,34.1857996],[118.5544675,34.1733685],[118.5530272,34.1738883],[118.551967,34.1726787],[118.5519574,34.1710485],[118.5489371,34.1710086],[118.5486473,34.1674686],[118.543807,34.1677686],[118.5432272,34.1642986],[118.5410871,34.1645784],[118.5413577,34.1674685],[118.5395273,34.1676686],[118.5388672,34.1681487],[118.5368373,34.1682986],[118.5371372,34.1702489],[118.5362871,34.1704089],[118.535837,34.1683487],[118.534617,34.1684387],[118.5345672,34.1686989],[118.5338474,34.1687887],[118.5343968,34.1710987],[118.5322969,34.1714188],[118.531967,34.1695989],[118.5210172,34.1710189],[118.5210472,34.1714287],[118.5159375,34.1716991],[118.5158773,34.170439],[118.5138469,34.170559],[118.5135775,34.1689088],[118.5122872,34.168389],[118.5121773,34.168649],[118.5099044,34.1689694],[118.5094872,34.1672291],[118.5072272,34.1670192],[118.5049874,34.167259],[118.5047072,34.1654093],[118.5024673,34.1656791],[118.5017773,34.1604891],[118.5011669,34.1603191],[118.5009671,34.1596289],[118.4991367,34.1597888],[118.4984667,34.1531089],[118.4976969,34.1531291],[118.4977468,34.1496988],[118.4984771,34.1497189],[118.4984464,34.149449],[118.5037966,34.149759],[118.5038369,34.1481992],[118.5001569,34.134979],[118.4991166,34.133089],[118.5005764,34.1321491],[118.5008864,34.1212989],[118.5015666,34.120819],[118.5050962,34.119999],[118.5100163,34.1191889],[118.5097364,34.1181687],[118.5086864,34.1172289],[118.5039761,34.114779],[118.4986666,34.1132587],[118.4940058,34.1104591],[118.4896058,34.1092091],[118.4858265,34.1085189],[118.4839158,34.1077191],[118.4775958,34.101699],[118.4761865,34.1007893],[118.4685057,34.098199],[118.4662161,34.0980494],[118.4639561,34.0987692],[118.4559459,34.1047993],[118.4463861,34.1076495],[118.444146,34.1077695],[118.4410362,34.1068794],[118.433546,34.1060698],[118.4290262,34.1062296],[118.427446,34.1067396],[118.423286,34.1096797],[118.4217459,34.1101897],[118.4144961,34.1110997],[118.4101259,34.1121901],[118.4054157,34.1127598],[118.3946368,34.1151548],[118.3762761,34.1186004],[118.3490458,34.1199604],[118.3466157,34.1196406],[118.3390661,34.1174906],[118.337276,34.1172805],[118.3137213,34.1162552],[118.2867994,34.1138019],[118.2657657,34.1198415],[118.2542857,34.1236215],[118.2512757,34.1249217],[118.2436564,34.1259915],[118.2322756,34.1266618],[118.2273958,34.1331217],[118.2261561,34.1352416],[118.223136,34.1423218],[118.2180561,34.1481221],[118.2165159,34.1496721],[118.2095663,34.1536321],[118.2083161,34.1548819],[118.2058064,34.1588021],[118.2034863,34.1592521],[118.2013163,34.1618822],[118.1968762,34.1648622],[118.194266,34.1634124],[118.1938664,34.1639623],[118.1904662,34.1631621],[118.1879061,34.1630125],[118.1868063,34.1624722],[118.1859165,34.1630824],[118.1855464,34.1639824],[118.1837759,34.1638923],[118.1833067,34.1634224],[118.1796664,34.1653126],[118.1768762,34.1625226],[118.1729662,34.1598325],[118.1706652,34.1592199],[118.1544962,34.1598426],[118.1513059,34.1595924],[118.1432662,34.1601528],[118.1438758,34.1554528],[118.1442357,34.1547526],[118.149046,34.1511426],[118.149276,34.1505626],[118.1473756,34.1419329],[118.1463759,34.1391328],[118.145586,34.1379725],[118.1410757,34.1366328],[118.1225556,34.141943],[118.1175457,34.1444232],[118.1158357,34.1449431],[118.1129058,34.144923],[118.1016756,34.1427831],[118.0970554,34.1412933],[118.0957157,34.1413732],[118.0925059,34.1432731],[118.0915458,34.1443131],[118.091276,34.1457933],[118.0925759,34.1487033],[118.0925362,34.1494732],[118.0917558,34.1508334],[118.088516,34.1530735],[118.0835557,34.1553132],[118.0816559,34.1576633],[118.0795562,34.1614933],[118.077286,34.1671434],[118.0764962,34.1682935],[118.0747661,34.1692536],[118.070726,34.1696536],[118.0693363,34.1701535],[118.0675161,34.1717936],[118.0654228,34.1748717],[118.0633092,34.1734737],[118.0638885,34.1726659],[118.0632234,34.1714143],[118.0636632,34.1707131],[118.0623221,34.1667984],[118.0603802,34.16469],[118.0595595,34.1647788],[118.0590686,34.1644548],[118.0592322,34.1639798],[118.0561987,34.1618215],[118.0551668,34.160202],[118.0548858,34.1569239],[118.055546,34.1566737],[118.0555159,34.1562336],[118.057216,34.1545636],[118.0533659,34.1521138],[118.0537257,34.1516337],[118.0531655,34.1512937],[118.0530856,34.1487138],[118.0484854,34.1489639],[118.0466459,34.1499737],[118.0438155,34.1503738],[118.0397056,34.1495339],[118.0393459,34.1445538],[118.0371857,34.1449041],[118.0370956,34.1442437],[118.0366155,34.144134],[118.0364055,34.143264],[118.0327755,34.1435141],[118.0311255,34.145164],[118.0313857,34.1465439],[118.0310956,34.146574],[118.0308559,34.1452338],[118.0300656,34.1455239],[118.0300957,34.1459442],[118.0292057,34.1460142],[118.0297258,34.1467341],[118.0296557,34.147694],[118.0273354,34.1476439],[118.0274055,34.1466441],[118.0270857,34.146424],[118.0270358,34.1457941],[118.0255155,34.146104],[118.0254058,34.1471841],[118.0249955,34.1471342],[118.024826,34.1477741],[118.0222659,34.1473841],[118.0206356,34.1467542],[118.0205357,34.144214],[118.0197453,34.1438141],[118.0167184,34.1439156],[118.0166649,34.1448226],[118.0129857,34.1444042],[118.0108657,34.1438241],[118.0113752,34.1411642],[118.0111656,34.1380941],[117.9944957,34.1385245],[117.9943756,34.1336845],[117.9939755,34.1327444],[117.9931853,34.1328444],[117.9927355,34.1302844],[117.9909554,34.1304044],[117.9905655,34.1288146],[117.9893453,34.1211644],[117.9906851,34.1211444],[117.990315,34.1183845],[117.9915955,34.1182643],[117.9915651,34.1165743],[117.9891254,34.1166744],[117.989325,34.1095143],[117.9889449,34.1094946],[117.9890152,34.1068145],[117.9951251,34.1070944],[117.995385,34.1069344],[117.9954748,34.1055942],[117.9974048,34.1056444],[117.9987252,34.1047344],[117.9993049,34.1038642],[117.9988352,34.1036943],[117.9990935,34.100267],[118.002635,34.0995842],[118.002765,34.098294],[118.000015,34.0980342],[118.0003346,34.0926841],[118.001275,34.0907441],[118.0035347,34.088414],[118.0035949,34.0861043],[118.0086745,34.086304],[118.018055,34.0888339],[118.0327049,34.0936239],[118.0418478,34.0954781],[118.0445046,34.0900538],[118.0446747,34.0882136],[118.0461046,34.0869735],[118.0467344,34.0857935],[118.0478348,34.0860137],[118.0497047,34.0803736],[118.0508548,34.0805534],[118.0544448,34.0713036],[118.0575847,34.0719734],[118.0581043,34.0695136],[118.0553546,34.0690436],[118.0562346,34.0666636],[118.0594446,34.0670435],[118.0597245,34.0644534],[118.0581944,34.0642733],[118.0580146,34.0647235],[118.0576548,34.0646533],[118.0593842,34.0601235],[118.0560844,34.0595535],[118.0569544,34.0570835],[118.0572745,34.0520632],[118.0529143,34.0539235],[118.0515443,34.0524433],[118.0523243,34.0502035],[118.0513941,34.0496936],[118.0525141,34.0465335],[118.0547242,34.0421035],[118.0569114,34.0418451],[118.0565739,34.0390235],[118.0576143,34.0393534],[118.0585737,34.0390533],[118.0587779,34.0386959],[118.059574,34.0387433],[118.0604638,34.0346832],[118.0558542,34.0335832],[118.0556939,34.0340234],[118.0549238,34.0338634],[118.0567239,34.0238134],[118.0570538,34.0238434],[118.0572639,34.0223834],[118.0585937,34.0229932],[118.0598037,34.0218035],[118.0615717,34.0173233],[118.0545017,34.0143433],[118.0536217,34.0140132],[118.0534319,34.0142135],[118.051612,34.0131934],[118.0512419,34.0134533],[118.0502317,34.0118735],[118.0496018,34.0118232],[118.0481616,34.0105636],[118.0469814,34.0113835],[118.0462518,34.0108834],[118.0468518,34.0104034],[118.0455618,34.0099333],[118.0428218,34.0130534],[118.0427215,34.0137235],[118.0434118,34.0143633],[118.0435019,34.0150135],[118.0402417,34.0149433],[118.0401617,34.0141435],[118.0359419,34.0144435],[118.0338821,34.0156637],[118.0336716,34.0161735],[118.0324317,34.0163034],[118.0319516,34.0168834],[118.0311915,34.0170536],[118.0300216,34.0144935],[118.0305618,34.0129934],[118.0295115,34.0104936],[118.0283919,34.0117737],[118.0262919,34.0133236],[118.0243915,34.0093235],[118.02646,34.0081823],[118.0272818,34.0053434],[118.0261616,34.0033035],[118.0265518,34.0031238],[118.0247316,34.0004935],[118.0239613,33.9999736],[118.0224314,33.9996936],[118.0224414,33.9965636],[118.0228713,33.9949636],[118.0249013,33.9912736],[118.0269212,33.9891236],[118.0269008,33.9855237],[118.034502,33.9856519],[118.0430614,33.9849735],[118.0429512,33.9806334],[118.0419016,33.9781134],[118.0425712,33.9775833],[118.0435808,33.9775733],[118.0445309,33.9777434],[118.0446311,33.9786733],[118.046101,33.9785036],[118.0458308,33.9719334],[118.0504409,33.9719233],[118.0505112,33.9734633],[118.0578814,33.9731233],[118.0578511,33.9711131],[118.0590013,33.971043],[118.059001,33.9701931],[118.0657212,33.9700831],[118.0652512,33.966323],[118.0677911,33.9651228],[118.0689107,33.9665031],[118.0693209,33.968433],[118.0777809,33.9680131],[118.078001,33.9652427],[118.0796709,33.965363],[118.079881,33.9617146],[118.0791808,33.9511031],[118.0760309,33.951163],[118.0750007,33.9429526],[118.0812108,33.9429327],[118.0858711,33.9435927],[118.0863908,33.9409929],[118.0889808,33.9414727],[118.0914506,33.9415226],[118.0915209,33.9409628],[118.0960405,33.9408927],[118.0960608,33.9394426],[118.0972708,33.9369826],[118.0974107,33.9358026],[118.1005708,33.9352526],[118.1003505,33.9333425],[118.1020707,33.9332326],[118.1021408,33.9341824],[118.1038806,33.9340626],[118.1040707,33.9355126],[118.1052604,33.9355223],[118.1054004,33.9365926],[118.110931,33.9363123],[118.1110106,33.9367926],[118.109471,33.9369427],[118.1101607,33.9442526],[118.1095307,33.9443223],[118.1097407,33.9461226],[118.1102809,33.9460827],[118.1106506,33.9537424],[118.1111505,33.9539024],[118.1111811,33.9543326],[118.1119607,33.9543526],[118.111931,33.9559024],[118.1153806,33.9558624],[118.1154512,33.9565925],[118.118711,33.9565524],[118.1190307,33.9570826],[118.1225907,33.9541023],[118.1266407,33.9494623],[118.1288012,33.9454623],[118.1355508,33.9360221],[118.1371104,33.9262824],[118.1395106,33.9255422],[118.1406606,33.9223321],[118.1409902,33.9199022],[118.1381802,33.9197722],[118.1408505,33.9102223],[118.1432602,33.9033919],[118.1458002,33.898202],[118.1511604,33.8905518],[118.1559201,33.8873818],[118.1604399,33.8852317],[118.16145,33.8844717],[118.1624699,33.8831217],[118.1631895,33.8814117],[118.1654283,33.8711873],[118.1670635,33.8690062],[118.1651698,33.8685216],[118.1649597,33.8681418],[118.1679076,33.8566523],[118.1682474,33.8556367],[118.1690019,33.8556907],[118.1696932,33.8516321],[118.1683977,33.8514659],[118.1687191,33.8496889],[118.1695411,33.8498158],[118.1697618,33.8487615],[118.1706628,33.8489161],[118.1709777,33.8474772],[118.1713308,33.8471868],[118.1725936,33.8471084],[118.1726521,33.8462233],[118.1733084,33.8462593],[118.173239,33.8476015],[118.1743938,33.8476849],[118.1744277,33.8481552],[118.1758796,33.8481617],[118.1758505,33.849554],[118.1762509,33.8495859],[118.1761475,33.851162],[118.1766597,33.8513614],[118.1768912,33.8499264],[118.1785727,33.8500193],[118.1786377,33.8496772],[118.1789341,33.8496968],[118.1791393,33.8474917],[118.181098,33.8478093],[118.1810692,33.843086],[118.1790412,33.8431205],[118.17895,33.8385831],[118.1792172,33.8383278],[118.1788737,33.8360209],[118.1810238,33.8356581],[118.1809242,33.8348127],[118.1803752,33.8347911],[118.1799646,33.8323337],[118.1808685,33.8322011],[118.1804396,33.8295216],[118.1811692,33.8293912],[118.1807791,33.8278115],[118.1818093,33.8277014],[118.1803794,33.8212816],[118.1789792,33.8214012],[118.178789,33.8206413],[118.1783594,33.8206114],[118.1780791,33.8194014],[118.1771391,33.8194013],[118.1771291,33.8184816],[118.176689,33.8184816],[118.1767172,33.8181909],[118.1687791,33.8207014],[118.1635541,33.8219208],[118.1636747,33.8206547],[118.1629167,33.8206637],[118.1630291,33.8188137],[118.1621289,33.8188041],[118.1622904,33.8171824],[118.161402,33.8171583],[118.161521,33.8152848],[118.160903,33.8152538],[118.1609338,33.8141576],[118.1595931,33.81431],[118.1595534,33.8145177],[118.1600385,33.8144852],[118.1600251,33.8151819],[118.1592646,33.8151342],[118.1592734,33.8132428],[118.1608317,33.8133308],[118.1608347,33.8125124],[118.1614686,33.8125064],[118.1615118,33.809558],[118.1595961,33.8094951],[118.1594761,33.8074137],[118.1575161,33.8071481],[118.1562855,33.7982494],[118.1548843,33.798202],[118.1546689,33.7968914],[118.1526192,33.7967802],[118.152559,33.7958916],[118.1512485,33.7957714],[118.1516641,33.793136],[118.1498144,33.7929802],[118.1499481,33.7922919],[118.1589283,33.7922117],[118.1591187,33.7906816],[118.1603286,33.7907514],[118.1603562,33.79002],[118.1618138,33.790011],[118.1617698,33.7890839],[118.1648339,33.7882868],[118.1644156,33.7845273],[118.1644775,33.7820148],[118.1653916,33.7820336],[118.1658158,33.7815605],[118.1688091,33.7812805],[118.1689882,33.7807415],[118.1688185,33.7773715],[118.1690481,33.7773414],[118.1691895,33.7752577],[118.1681982,33.7751924],[118.1682084,33.7747313],[118.1671785,33.7747417],[118.1674738,33.7707453],[118.1692239,33.770485],[118.1693081,33.7698413],[118.1724203,33.7655533],[118.1735891,33.7656383],[118.1740333,33.764673],[118.1740734,33.7643962],[118.1718302,33.7637628],[118.1727011,33.7623719],[118.1718983,33.7618112],[118.1716539,33.7617511],[118.1707264,33.7633087],[118.168798,33.7629248],[118.1692581,33.7612815],[118.1646949,33.7605193],[118.1649265,33.7586167],[118.1642456,33.7580049],[118.1639883,33.7579069],[118.1632521,33.7602036],[118.1626478,33.7600612],[118.1633888,33.7577241],[118.1609836,33.7569698],[118.1625583,33.7531114],[118.1631131,33.7528168],[118.1622795,33.7509211],[118.1579053,33.752234],[118.1435502,33.7478272],[118.13597696370033,33.748990307425196],[118.123674,33.766001],[118.11465233051494,33.76454211116289],[118.1138581,33.7648199],[118.1090301,33.7651276],[118.1103122,33.7658545],[118.1099045,33.7658902],[118.1104893,33.7703541],[118.1071902,33.7706662],[118.1072876,33.7703816],[118.1065894,33.770198],[118.1055165,33.77179],[118.1052858,33.7717454],[118.1051249,33.7699349],[118.1023407,33.7701311],[118.1024319,33.7691233],[118.1012893,33.7697654],[118.1012464,33.7661711],[118.1007823,33.7664365],[118.1005222,33.7655981],[118.0978614,33.7663986],[118.0898228,33.7665413],[118.0868375,33.7660775],[118.080765,33.7667553],[118.0683303,33.7673618],[118.0599242,33.7670541],[118.0589747,33.7641331],[118.0589104,33.7622333],[118.0546886,33.7602353],[118.05493,33.7593835],[118.05022,33.7569841],[118.049753,33.7576651],[118.0418301,33.753077],[118.04195421270522,33.752786141524695],[118.00803925339565,33.74730177351165],[118.0080342,33.7501109],[118.0042845,33.7503741],[118.0042255,33.7495824],[118.0037212,33.7496158],[118.0035871,33.747341],[118.0015325,33.74768],[118.0013341,33.7469753],[117.9985821,33.7476443],[117.9983032,33.7464043],[117.9956827,33.7471738],[117.991206,33.7476778],[117.991257,33.748862],[117.9888591,33.7490628],[117.988674,33.7514401],[117.9787767,33.74892],[117.9769582,33.7488264],[117.9719907,33.7493705],[117.9679164,33.7507042],[117.9672378,33.751177],[117.9663795,33.7552268],[117.9685306,33.7554632],[117.9682302,33.7573409],[117.9661033,33.7571379],[117.9657626,33.7585852],[117.9642633,33.760766],[117.9635283,33.760407],[117.9626459,33.7615108],[117.9623991,33.7614662],[117.962442,33.7601394],[117.9613826,33.7594036],[117.9600307,33.7592921],[117.9600066,33.7589085],[117.9574719,33.7589241],[117.9574424,33.7595128],[117.9553342,33.7594615],[117.9551974,33.7618074],[117.954846,33.7617873],[117.9549318,33.7606947],[117.9540092,33.7606456],[117.9541057,33.7591516],[117.9516971,33.758797],[117.9514879,33.7535409],[117.9513752,33.7528741],[117.9509193,33.7529477],[117.9506832,33.7510655],[117.9499765,33.7517546],[117.9492268,33.7518282],[117.9490632,33.7499102],[117.9480439,33.7500084],[117.9470569,33.7476176],[117.9464883,33.7419392],[117.9472125,33.7418812],[117.9471266,33.7406768],[117.9477864,33.7406813],[117.9477046,33.7398906],[117.9482907,33.7398471],[117.94807262226126,33.73760460505448],[117.925547,33.733962],[117.91808214062358,33.73354802015701],[117.9180086,33.7344403],[117.916351,33.734215],[117.9161552,33.7350872],[117.9151198,33.7347861],[117.9148731,33.7361199],[117.9128399,33.7356471],[117.9123813,33.7376456],[117.9110751,33.7376278],[117.9109114,33.7385891],[117.9104286,33.7385088],[117.9100022,33.7400188],[117.9042676,33.7394701],[117.9048657,33.7370713],[117.9004589,33.7364545],[117.9001397,33.737775],[117.8969827,33.7371705],[117.8952607,33.7372017],[117.895368,33.7357474],[117.8936809,33.7357162],[117.893689,33.7351162],[117.892423,33.7350627],[117.8925866,33.7333406],[117.8917846,33.7333406],[117.89196062911346,33.73209939551611],[117.87080034486942,33.730925906411066],[117.8708178,33.7312282],[117.8663197,33.7318818],[117.8663278,33.7327161],[117.8633049,33.7327852],[117.8600299,33.7335838],[117.8572458,33.7346455],[117.8551108,33.7349801],[117.8531313,33.7360285],[117.8427726,33.7375452],[117.8392696,33.7375943],[117.8394788,33.7364077],[117.8387064,33.7362917],[117.8383845,33.7374248],[117.8367993,33.7364835],[117.8303325,33.7356181],[117.8307429,33.733044],[117.8281814,33.7331243],[117.826159,33.7337845],[117.8251827,33.7345162],[117.8237504,33.7344983],[117.8232568,33.7370813],[117.8224844,33.737166],[117.8221786,33.7387185],[117.818217,33.7385802],[117.8178334,33.7414262],[117.814663,33.7415132],[117.8147408,33.7395817],[117.8086898,33.7388501],[117.8087166,33.7371058],[117.8083947,33.7370835],[117.8084484,33.7361088],[117.8079843,33.7359437],[117.8074425,33.7359526],[117.8059512,33.7368315],[117.8001845,33.7376345],[117.7971375,33.7367824],[117.7858722,33.7347481],[117.7853841,33.7341816],[117.7851534,33.7326246],[117.7823424,33.7295151],[117.7776056,33.7274583],[117.7759427,33.7259012],[117.77546254026706,33.72563874326573],[117.752224,33.72435],[117.74744393614135,33.83757664238038],[117.7475917,33.8375738],[117.7476829,33.8395432],[117.7488041,33.8394987],[117.7488577,33.8422121],[117.7498341,33.8423012],[117.7494156,33.8453176],[117.74712254065749,33.845189622581216],[117.74698519270547,33.84844302000537],[117.7479941,33.8489888],[117.7500647,33.8506951],[117.7496678,33.8525751],[117.748729,33.85229],[117.7476293,33.8546355],[117.7469641,33.8576002],[117.74660178008402,33.85752501661788],[117.74650642902874,33.85978362239318],[117.7481604,33.8600547],[117.7481174,33.8606071],[117.7498341,33.8609368],[117.7495605,33.86238],[117.7515386,33.8626852],[117.7511752,33.8637119],[117.7507675,33.8694312],[117.7529561,33.8714845],[117.7547774,33.8753461],[117.7530634,33.8815901],[117.7535731,33.8816703],[117.7531171,33.8836209],[117.7525431,33.8837055],[117.7525458,33.8843935],[117.7531546,33.884487],[117.7531546,33.8854668],[117.753447,33.8854712],[117.7532244,33.8863975],[117.754131,33.8864844],[117.7551475,33.8875353],[117.7550912,33.8878314],[117.7531332,33.8875242],[117.7533746,33.8867026],[117.7525377,33.8866558],[117.751776,33.8888312],[117.7488738,33.8888089],[117.748493,33.8897262],[117.7468193,33.8897975],[117.7468836,33.8907193],[117.7446842,33.8908039],[117.7446628,33.8902784],[117.7402961,33.8904476],[117.7404088,33.8917279],[117.741487,33.8918971],[117.7404222,33.8919617],[117.7404624,33.8925539],[117.7428335,33.8924871],[117.7430052,33.8941258],[117.7420449,33.8941881],[117.7419537,33.8932975],[117.7405429,33.893587],[117.7404249,33.8925762],[117.7386385,33.8925895],[117.7378714,33.8922689],[117.7378929,33.8929458],[117.7335423,33.8932352],[117.7336174,33.8936716],[117.7313831,33.8937317],[117.7314207,33.8947692],[117.7299911,33.894816],[117.7299669,33.8933332],[117.7275208,33.8941592],[117.7273679,33.8925806],[117.7250451,33.8920285],[117.7220356,33.8918904],[117.7218211,33.8905367],[117.7207482,33.8899355],[117.7190262,33.8901493],[117.7187204,33.8886174],[117.7177548,33.8887288],[117.7173471,33.886422],[117.718302,33.8863329],[117.7180905550032,33.884792366672144],[117.70277721738762,33.886196986470324],[117.7027613,33.8871568],[117.7009427,33.8871791],[117.7010232,33.8887599],[117.7004224,33.888751],[117.7004653,33.8894101],[117.6970214,33.8897619],[117.696737,33.8924203],[117.6946932,33.892309],[117.6945537,33.8935335],[117.6942265,33.8935157],[117.6941273,33.8955017],[117.6957875,33.8955952],[117.6957929,33.8995536],[117.6963025,33.899567],[117.6962864,33.900551],[117.6953825,33.9005866],[117.6953101,33.9025345],[117.6929551,33.9024655],[117.6929873,33.9036454],[117.6921907,33.9036432],[117.6920888,33.9100766],[117.6917267,33.9100766],[117.6916033,33.9121312],[117.6912439,33.9121445],[117.691099,33.9139297],[117.6879018,33.9139876],[117.6877946,33.9159686],[117.6871616,33.9159641],[117.6869631,33.9183369],[117.6866734,33.9187998],[117.6853806,33.9186084],[117.6849997,33.9222052],[117.686829,33.9222898],[117.6866466,33.9238121],[117.6853001,33.9230198],[117.6850319,33.9246267],[117.6819473,33.9243196],[117.6814002,33.926336],[117.6801288,33.9262781],[117.6798499,33.9277737],[117.6787019,33.9277381],[117.6784873,33.9295407],[117.6716584,33.9294695],[117.67134235682366,33.92950153288257],[117.66622315247085,33.94275789551763],[117.6687831,33.9445526],[117.6698506,33.9466709],[117.6700062,33.9484242],[117.668193,33.9487357],[117.6674956,33.9491451],[117.6674688,33.9519574],[117.666927,33.9527806],[117.6655698,33.9537418],[117.6654088,33.954565],[117.66067765181118,33.95711816767539],[117.66019116069398,33.95837795381088],[117.660656,33.9584317],[117.6606131,33.9595307],[117.6597813679103,33.95943912687046],[117.65817481829697,33.96359934451324],[117.6591915,33.9642558],[117.6589876,33.966476],[117.6582473,33.9664893],[117.6580489,33.9672901],[117.65619406371863,33.96872857928721],[117.6559184285244,33.96944234647405],[117.6558212,33.9702637],[117.65560755520754,33.97024736403883],[117.65456038606507,33.97295904595973],[117.6553827,33.9741636],[117.6575446,33.9745951],[117.6579952,33.9752846],[117.6580113,33.9772242],[117.6601034,33.97754],[117.6599479,33.9791504],[117.6585263,33.9790481],[117.6584458,33.9798933],[117.6597547,33.9800089],[117.6596796,33.9819128],[117.6609027,33.9819573],[117.6607794,33.9835008],[117.6616538,33.9834118],[117.6617557,33.9820284],[117.6628071,33.9820596],[117.6624745,33.9867523],[117.6660418,33.9880111],[117.6649904,33.9962394],[117.6623994,33.9961905],[117.6609242,33.9982452],[117.6596099,33.998005],[117.6594973,33.9996461],[117.6590252,33.9996594],[117.658875,34.0011448],[117.6572335,34.0017497],[117.6574266,34.0029326],[117.645185,34.007522],[117.6447907,34.008627],[117.6442838,34.0085692],[117.6436669,34.0109104],[117.6430714,34.0108259],[117.6433021,34.0097454],[117.6388013,34.0098921],[117.6384875,34.0165242],[117.6373073,34.0164842],[117.6372725,34.01702],[117.629419,34.0170556],[117.6293653,34.0182783],[117.6287699,34.0182739],[117.6287377,34.0188697],[117.6239258,34.0187363],[117.6239312,34.0183495],[117.621662,34.018345],[117.6222038,34.0192788],[117.6221555,34.0202792],[117.6216513,34.0202747],[117.6215118,34.0240584],[117.6207769,34.024054],[117.6207769,34.0257746],[117.6204228,34.0257612],[117.6204497,34.0277574],[117.6191568,34.0277663],[117.6193044,34.0309717],[117.6188752,34.0309984],[117.6189449,34.0318608],[117.6187491,34.0319075],[117.6187116,34.0310073],[117.6178801,34.0310273],[117.6179042,34.0321409],[117.6176012,34.0322121],[117.6177353,34.0342837],[117.6130468,34.0342126],[117.6124191,34.0336791],[117.6113033,34.0339947],[117.6110941,34.0333368],[117.6057887,34.0347416],[117.6055419,34.0332434],[117.6028275,34.0333368],[117.6028758,34.0349594],[117.6017278,34.0350439],[117.6015562,34.0268771],[117.6050618,34.0267816],[117.6049438,34.0258546],[117.6066551,34.0256901],[117.6065773,34.0244808],[117.6074275,34.0244207],[117.6072264,34.0219954],[117.6078647,34.021782],[117.6080686,34.0227957],[117.6086265,34.0226623],[117.6084495,34.0215908],[117.609179,34.0212485],[117.6093775,34.023436],[117.6097289,34.0234515],[117.6095438,34.0209728],[117.6113248,34.0203459],[117.6113757,34.0211195],[117.61177,34.0211417],[117.61177,34.0201858],[117.6127732,34.0198034],[117.6127464,34.0189231],[117.6129985,34.0188519],[117.6130468,34.0180471],[117.6125103,34.018016],[117.6125908,34.016442],[117.6113355,34.0163086],[117.6085675,34.0141698],[117.6087767,34.0111861],[117.6073176,34.0111772],[117.6072532,34.0088516],[117.6067167,34.0088382],[117.6067597,34.0068905],[117.607677,34.0068994],[117.6076823,34.0050405],[117.6089966,34.0050605],[117.6090533,34.0036747],[117.6088947,34.0025057],[117.6071781,34.0024657],[117.6071781,34.0020743],[117.6094472,34.0020877],[117.6079237,34.000709],[117.6072746,33.9995527],[117.604056,33.9992859],[117.6040077,33.9996417],[117.6016903,33.9995572],[117.6017332,33.9991525],[117.5983536,33.9988278],[117.5983912,33.9991213],[117.5955373,33.9990857],[117.5955051,33.9997439],[117.593413,33.9997751],[117.5935981,33.9971044],[117.5841862,33.9974669],[117.58365275410105,33.98931244062445],[117.57239,33.990458],[117.53750069910143,34.02046946922529],[117.5378698,34.0225601],[117.5356919,34.0228291],[117.5409919,34.0464857],[117.537151,34.0471036],[117.5370437,34.0468191],[117.5336856,34.0476992],[117.5339001,34.0505349],[117.5304884,34.0526061],[117.530365,34.0494637],[117.5264275,34.0517883],[117.5270069,34.0547128],[117.5217175,34.0579305],[117.5215137,34.056495],[117.5187725,34.0568816],[117.5179303,34.0590327],[117.5127858,34.0596549],[117.5112301,34.0609081],[117.507813,34.062548],[117.5075662,34.0615925],[117.503382,34.0624102],[117.5029206,34.0616103],[117.5018799,34.0617769],[117.49993,34.0563628],[117.5003162,34.0556905],[117.5000104,34.054575],[117.4992849,34.0547083],[117.499077,34.0541861],[117.4977708,34.0546817],[117.4976233,34.0541861],[117.4966577,34.0543994],[117.4958798,34.0520105],[117.4956442,34.0520371],[117.4947694,34.0488237],[117.49275310629291,34.04798514495118],[117.48992122031903,34.047516197165535],[117.4744946,34.0489926],[117.4742746,34.0475258],[117.4712169,34.0474325],[117.4742639,34.0471613],[117.4741781,34.0463791],[117.4709755,34.0464235],[117.470938,34.0460279],[117.4699992,34.0459968],[117.4698007179186,34.044184331005084],[117.46875234035716,34.04401072432018],[117.46876,34.0440988],[117.467773,34.0441344],[117.46774718715481,34.043844275397866],[117.39400673085223,34.03163318214973],[117.3940954,34.0321565],[117.3927301,34.0324632],[117.3931539,34.0344837],[117.3939747,34.0343104],[117.3941785,34.0361063],[117.3938942,34.0362397],[117.3947203,34.0419252],[117.3953265,34.0418318],[117.3952031,34.0431209],[117.3944306,34.0432231],[117.394731,34.0457034],[117.3942482,34.0458145],[117.3943663,34.0472013],[117.3914641,34.0471836],[117.3914266,34.0489437],[117.3908418,34.0486148],[117.3907024,34.0496771],[117.3890394,34.0494415],[117.3887229,34.0514416],[117.3898011,34.0522905],[117.3895329,34.0525261],[117.3891386,34.0522194],[117.3833585,34.0587305],[117.3705053,34.0580727],[117.3681503,34.0585527],[117.368558,34.060037],[117.3651962,34.0618629],[117.3654842,34.063459],[117.3669594,34.0634457],[117.3677909,34.0660542],[117.371192,34.0685161],[117.3711491,34.0699381],[117.3696792,34.0704269],[117.3686975,34.07118],[117.3691294,34.0723865],[117.3714548,34.074155],[117.3712188,34.0758612],[117.3702747,34.0762967],[117.3705322,34.0772786],[117.3692045,34.0771698],[117.3679197,34.0795091],[117.3614931,34.0811086],[117.3610961,34.0815263],[117.3610747,34.0840854],[117.3536074,34.0846008],[117.3536289,34.0849696],[117.3522073,34.0853739],[117.3523307,34.0886615],[117.3528778,34.0914159],[117.3503298,34.0915314],[117.3501796,34.0901764],[117.3476797,34.090363],[117.3476958,34.0908695],[117.3465371,34.0909316],[117.3464459,34.0885415],[117.3459148,34.0885326],[117.3459041,34.088115],[117.3440587,34.0880839],[117.3437691,34.0874397],[117.3425862,34.0874286],[117.3426104,34.0885993],[117.3415509,34.0883349],[117.3414946,34.087422],[117.3368543,34.0877907],[117.3365352,34.0870843],[117.3358512,34.0872487],[117.3348749,34.0849429],[117.3328471,34.085205],[117.3331743,34.086138],[117.330476,34.0863424],[117.3305297,34.0870132],[117.3268658,34.0872043],[117.3268175,34.0856671],[117.3212761,34.0858803],[117.3209381,34.0843964],[117.3137873,34.0850184],[117.3136425,34.0827259],[117.3139107,34.0827014],[117.3135138,34.0795269],[117.3111656530354,34.079621276521856],[117.159443,34.091175],[117.15210080449569,34.0949398040124],[117.1523237,34.0957565],[117.1503418,34.0960819],[117.1519291,34.0997966],[117.1469092,34.100454],[117.1471237,34.1011751],[117.1453526,34.1013781],[117.1446869,34.0994439],[117.1432243310369,34.099491328535805],[117.1415729752075,34.10033808221443],[117.141687,34.1011674],[117.1399492,34.1011822],[117.1398248,34.1016435],[117.13975873997231,34.10126835437742],[117.11917248318413,34.1118242190518],[117.1202989,34.1120532],[117.1202642,34.1127271],[117.1207342,34.1127955],[117.1215456,34.1126757],[117.1214445,34.1121966],[117.1237342,34.1118719],[117.1240299,34.1132398],[117.1252977,34.1130752],[117.1252848,34.1146303],[117.1258564,34.1145308],[117.1263165,34.1136987],[117.1261835,34.11147],[117.1296496,34.1111392],[117.1298337,34.1120397],[117.1309528,34.1119029],[117.1316124,34.1155577],[117.1291436,34.1185209],[117.1240523,34.1269457],[117.1150496,34.1278576],[117.1091294,34.1299681],[117.1058142,34.1296173],[117.1060556,34.130159],[117.1052885,34.130532],[117.1053743,34.1308473],[117.1047842,34.1309361],[117.1045643,34.1298349],[117.099055,34.1312026],[117.0983469,34.130945],[117.0972955,34.1319663],[117.0972097,34.1349902],[117.0952463,34.1357228],[117.0927572,34.1380317],[117.0929503,34.1395324],[117.0938408,34.138671],[117.0945704,34.1388797],[117.0949459,34.1399009],[117.0965165,34.1413249],[117.0960547,34.141748],[117.0957856,34.1444125],[117.0970743,34.1451391],[117.0960509,34.1455338],[117.0954441,34.1449907],[117.0941718,34.1458708],[117.0918212,34.1452288],[117.0909918,34.1442943],[117.0904771,34.1442382],[117.0895874,34.1446691],[117.0888238,34.1443058],[117.0861449,34.1448208],[117.0832009,34.1445932],[117.080213,34.1449251],[117.0788729,34.1437737],[117.0779379,34.143528],[117.0764675,34.1437564],[117.0753217,34.1446157],[117.0739065,34.1445704],[117.0729631,34.1449564],[117.0716737,34.1447957],[117.070367,34.1434139],[117.0675909,34.1437723],[117.06714,34.144908],[117.0642949,34.1444647],[117.064096,34.1456694],[117.0628098,34.1475823],[117.06237,34.1491887],[117.062438,34.1522192],[117.0618798,34.1527915],[117.0500318,34.1563317],[117.047105,34.1557271],[117.0438554,34.1526714],[117.0420393,34.1525317],[117.04154,34.152966],[117.0400253,34.1587758],[117.0391082,34.159504],[117.0388832,34.1608252],[117.0373137,34.1618907],[117.0370382,34.1638026],[117.0347651,34.1640486],[117.0323964,34.1636259],[117.0322998,34.1647089],[117.0312062,34.1665844],[117.0279451,34.1668735],[117.0280606,34.1674284],[117.02749704896624,34.16749675732606],[117.02213372410064,34.177481064521345],[117.0223668,34.178295],[117.0232466,34.1781134],[117.0239953,34.1798679],[117.0231164,34.180038],[117.0238117,34.1822537],[117.0216929,34.1826939],[117.0238072,34.1862535],[117.0249136,34.1860912],[117.0255879,34.1879411],[117.0285264,34.1873449],[117.0303317,34.1926269],[117.0332763,34.1922688],[117.033808,34.1940505],[117.0314123,34.1944786],[117.0318288,34.1968729],[117.0327486,34.1967954],[117.033238,34.199161],[117.0319353,34.1993692],[117.0320996,34.2003672],[117.0327546,34.2003123],[117.0330679,34.2021155],[117.0348813,34.2019322],[117.0350066,34.2025355],[117.0372716,34.2023737],[117.0373356,34.2027505],[117.0404521,34.2027508],[117.0407351,34.2043245],[117.0424513,34.2043177],[117.0429397,34.2084464],[117.0401108,34.2087323],[117.0408002,34.2115094],[117.0400792,34.2116287],[117.040457,34.2130064],[117.0399924,34.2132254],[117.0401809,34.2139148],[117.039287,34.2140238],[117.0461109,34.222928],[117.0467592,34.2243282],[117.0446192,34.2242941],[117.0441766,34.223822],[117.0425862,34.2234575],[117.0418554,34.2236896],[117.0418719,34.2253886],[117.0396883,34.22573],[117.0395376,34.2305554],[117.0366664,34.2304977],[117.0364755,34.2338602],[117.0393695,34.2339328],[117.0392128,34.2361297],[117.0447908,34.2384674],[117.0434037,34.2393876],[117.0438336,34.2410294],[117.0436407,34.2419705],[117.0445662,34.2420893],[117.043797,34.2449739],[117.0429121,34.244873],[117.0426907,34.2462315],[117.0415009,34.246063],[117.0409674,34.2489767],[117.0384607,34.2487953],[117.0384172,34.2498172],[117.0345133,34.2492596],[117.0324427,34.2465073],[117.0284811,34.2454832],[117.0277014,34.2445427],[117.0266264,34.2440937],[117.0260855,34.2429454],[117.0243729,34.2426602],[117.0228811,34.2413439],[117.0222536,34.2411607],[117.0209689,34.2415162],[117.0193618,34.2431877],[117.0182882,34.2433099],[117.017735,34.2438951],[117.0140017,34.2438663],[117.0141232,34.246503],[117.0148561,34.248125],[117.0146506,34.2490388],[117.015966,34.2496591],[117.0169227,34.2506111],[117.0170575,34.2515116],[117.0150666,34.2538967],[117.0144772,34.255709],[117.0161507,34.256107],[117.014567,34.2600118],[117.0139953,34.2598823],[117.0134307,34.2609555],[117.0128492,34.260886],[117.0111976,34.2630338],[117.0109387,34.2629046],[117.012242,34.26093],[117.0119991,34.2607215],[117.0072251,34.2588272],[117.0057353,34.2579414],[117.0049116,34.2592348],[117.0020065,34.2573134],[117.0008868,34.2582753],[116.9985124,34.2560712],[116.9938316,34.2600546],[116.9960891,34.2611496],[116.9946106,34.2640617],[116.9951666,34.2642505],[116.9931018,34.2688481],[116.9908899,34.2688534],[116.9908583,34.2693334],[116.9880806,34.2692105],[116.9841202,34.2727113],[116.9832509,34.2714474],[116.9821302,34.2713662],[116.9821071,34.2722739],[116.9794795,34.2718877],[116.9799019,34.2711695],[116.9782765,34.2709678],[116.9765347,34.2741997],[116.9778845,34.2744743],[116.9777137,34.2757827],[116.9759095,34.2753937],[116.9749854,34.2771585],[116.9774003,34.2776638],[116.9772268,34.278603],[116.9762461,34.2795714],[116.9762245,34.2814538],[116.9746035,34.2811986],[116.9743574,34.2831311],[116.9734278,34.2829672],[116.9728432,34.2841023],[116.9722437,34.2840419],[116.9719,34.2854821],[116.9685016,34.2850618],[116.9674296,34.2884858],[116.9697375,34.2888628],[116.970578,34.2887058],[116.9705907,34.2902268],[116.9712161,34.290749],[116.9713433,34.2919233],[116.9705575,34.2924353],[116.9715679,34.2933884],[116.9707084,34.2934971],[116.9706261,34.2943279],[116.9701974,34.2941569],[116.9700521,34.2951983],[116.9679523,34.2954367],[116.9677308,34.2969434],[116.9666914,34.2970422],[116.9663269,34.299296],[116.9668049,34.2993603],[116.966261,34.3018116],[116.966716,34.3018812],[116.9669607,34.301075],[116.9681392,34.3012015],[116.9677921,34.3032119],[116.9668574,34.3031068],[116.9668002,34.3035638],[116.968595,34.3037767],[116.9685455,34.3041754],[116.9697733,34.3043138],[116.9697003,34.3056118],[116.9724734,34.3045823],[116.9717318,34.3099736],[116.9717945,34.3112566],[116.9723522,34.3112387],[116.9722809,34.3151308],[116.9717254,34.3151411],[116.9715413,34.3189974],[116.9695856,34.3190285],[116.9695762,34.3202719],[116.9639287,34.3201495],[116.9638449,34.3243808],[116.9645586,34.3270665],[116.9664362,34.3308381],[116.9722735,34.3373195],[116.9759702,34.3426868],[116.9767709,34.3444497],[116.9776851,34.3481552],[116.9777236,34.3547208],[116.976846,34.357835],[116.9759452,34.3589917],[116.9726087,34.3609173],[116.9679252,34.3628655],[116.9561599,34.3646922],[116.9537928,34.3656029],[116.956595,34.3726535],[116.9563475,34.3734997],[116.9628829,34.3872074],[116.9635509,34.388432],[116.9653033,34.3881375],[116.9658327,34.3911914],[116.9650169,34.39135],[116.9653353,34.3927829],[116.9527982,34.39492],[116.9526076,34.3943064],[116.9504093,34.3935497],[116.9359291,34.3988029],[116.9364124,34.4006123],[116.9298851,34.4017422],[116.9302822,34.4041672],[116.9294694,34.4044582],[116.9289812,34.4018887],[116.9274004,34.4024506],[116.9269329,34.4019483],[116.9258069,34.4022061],[116.9260966,34.4031833],[116.9230987,34.4039104],[116.9232826,34.4043905],[116.9163196,34.4062973],[116.9152956,34.4049555],[116.9150013,34.4050981],[116.9140549,34.4030963],[116.9123313,34.4035818],[116.9128649,34.4047776],[116.9110816,34.4052834],[116.9102652,34.4034504],[116.9082966,34.4039235],[116.9088104,34.4053826],[116.9077927,34.4056029],[116.9073601,34.4042798],[116.9067602,34.4044209],[116.9062532,34.4027107],[116.9046341,34.4035022],[116.9054814,34.4061654],[116.9048774,34.4062208],[116.9042053,34.4038114],[116.9020977,34.4041318],[116.9026713,34.4065389],[116.9022881,34.4065989],[116.9028944,34.4083702],[116.9008559,34.4087906],[116.9009525,34.409158],[116.8987209,34.4095696],[116.8989247,34.4102246],[116.8962157,34.4107822],[116.8954003,34.4076721],[116.8958497,34.4075723],[116.8954069,34.4050427],[116.8944134,34.404678],[116.8915225,34.4052093],[116.8916028,34.4056047],[116.8907639,34.4058028],[116.8906601,34.4051186],[116.889386,34.4052827],[116.8897791,34.4077964],[116.887075,34.4082669],[116.8866076,34.4057036],[116.8837727,34.4061513],[116.8838751,34.4066873],[116.8830992,34.4067875],[116.8834895,34.4084777],[116.8774438,34.4083881],[116.8776415,34.410049],[116.8769259,34.4098322],[116.8772783,34.4118556],[116.8739589,34.4117398],[116.8738746,34.4111809],[116.872194,34.411313],[116.871802,34.4084141],[116.8697283,34.4078054],[116.8696995,34.4073397],[116.8674682,34.4071784],[116.8667228,34.3989242],[116.864433,34.3991396],[116.8653703,34.3971941],[116.8654178253318,34.39544881705592],[116.86361160715374,34.39558099611838],[116.8637846,34.3977005],[116.8631771,34.3977174],[116.8607642,34.3991088],[116.8605068,34.3962329],[116.8595825,34.3962458],[116.8572304,34.3975092],[116.85702994812416,34.39606264198518],[116.85352555357574,34.396319093609655],[116.8535327,34.3963825],[116.8531302,34.3964325],[116.8533543,34.3978026],[116.8529838,34.3978228],[116.85271694310353,34.39637826773126],[116.85148734416732,34.396468249792434],[116.8516882,34.3982255],[116.8526806,34.3981595],[116.8529021,34.4012496],[116.851231,34.401258],[116.8509011,34.3983498],[116.8481381,34.3984821],[116.84792772901294,34.39672874246135],[116.8457251246995,34.396889929064756],[116.8458019,34.3975816],[116.8426533,34.3977115],[116.8425801839385,34.39712007585784],[116.82102505538519,34.39869748035863],[116.8191537,34.4016182],[116.8182953,34.4010023],[116.8174369,34.4020222],[116.8164977,34.4013895],[116.8149063,34.4020987],[116.812795,34.4041395],[116.8128955,34.4045893],[116.8099879,34.4053988],[116.8079016,34.4064771],[116.8080377,34.4070973],[116.8072958,34.4073086],[116.807778,34.4082215],[116.8042159,34.4098838],[116.800096,34.4128933],[116.7994845,34.4140173],[116.78909849933247,34.42088825687222],[116.7766747214472,34.44054464770939],[116.7746364,34.4449497],[116.7740307,34.4448579],[116.7729435,34.4490091],[116.7726734,34.4493911],[116.77218662000868,34.447645537374896],[116.769545,34.451825],[116.76877953075876,34.45200050974849],[116.7688187,34.4521675],[116.7683244,34.4521294],[116.76831868255621,34.452106174806936],[116.76792481759024,34.45219648168982],[116.7680152,34.4525652],[116.7676593,34.4526064],[116.76757715985053,34.45227619400112],[116.76684034535238,34.45244513367928],[116.7670275,34.4533341],[116.7666828,34.4533925],[116.766784,34.4537683],[116.7637315,34.4544171],[116.7637936,34.4546892],[116.763104,34.4548253],[116.7634676,34.456176],[116.7624944,34.456498],[116.7627161,34.4573384],[116.7615769,34.4577031],[116.761629,34.4580838],[116.7564159,34.4597075],[116.7565775,34.4603368],[116.7578131,34.4601079],[116.7580892,34.4608861],[116.754545,34.4628069],[116.7550051,34.4635499],[116.7543058,34.4640547],[116.7508521,34.4652127],[116.7506463,34.4644688],[116.7493233,34.464925],[116.7495212,34.4654867],[116.745603,34.4667568],[116.741439,34.4687049],[116.7409953,34.4685248],[116.740261,34.4664248],[116.7381973,34.4667154],[116.7382762,34.4670134],[116.7331,34.4677806],[116.7325892,34.4655345],[116.7291789,34.4656765],[116.7297326,34.468052],[116.7242963,34.4689116],[116.7239829,34.4685307],[116.7242224,34.4701057],[116.7166986,34.4708048],[116.7166952,34.4714431],[116.7147337,34.4714887],[116.7148923,34.4737605],[116.7136491,34.4738413],[116.7133935,34.4712789],[116.7122058,34.4714069],[116.7124008,34.47386],[116.7101274,34.4739484],[116.7103684,34.4748927],[116.7077894,34.4749848],[116.7075702,34.4738902],[116.704818,34.4738147],[116.7047591,34.4745294],[116.6960196,34.473635],[116.6959806,34.4750901],[116.6934528,34.4749984],[116.693445,34.4746299],[116.689088,34.4744786],[116.6890634,34.4740546],[116.6821007,34.4742965],[116.6821886,34.4752105],[116.6791624,34.4753314],[116.6794073,34.4742708],[116.6731909,34.4747226],[116.6711574,34.4744711],[116.67073534240954,34.474480460490554],[116.63580557694937,34.48248929222447],[116.6358469,34.482697],[116.6334839,34.483072],[116.63347556599511,34.4830235261486],[116.624851,34.485001],[116.62396435819616,34.48569818280302],[116.6240487,34.4859852],[116.6234997361084,34.48606352371982],[116.5952235144955,34.508297638282706],[116.5943196,34.5134481],[116.590578,34.5141575],[116.5905538,34.513647],[116.5888855,34.5137884],[116.58885906001879,34.51330212621969],[116.49489453312694,34.58718816673679],[116.4949377,34.5897209],[116.495523,34.5896201],[116.4955266,34.5904271],[116.49065305016124,34.59052332301992],[116.47753790267559,34.60083600537534],[116.4785161,34.6009921],[116.4783284,34.6020369],[116.4776333,34.6019609],[116.47733,34.6038524],[116.4778544,34.603926],[116.4773547,34.6073379],[116.4779377,34.6074033],[116.4772474,34.6101217],[116.4766836,34.6100696],[116.4766032,34.610873],[116.4758508,34.6108271],[116.4757562,34.6115055],[116.4673035,34.6111824],[116.4644729,34.6125131],[116.46230561913806,34.612813430855454],[116.4599956127911,34.614629831450365],[116.4600746,34.6164487],[116.4597633,34.6164636],[116.4597697,34.6177479],[116.4572413,34.617825],[116.45719469121164,34.61683224774671],[116.45320740376847,34.61996752540227],[116.4532085,34.6202821],[116.4528027392089,34.62028572060884],[116.45124899825349,34.62150745577829],[116.4512095,34.6230033],[116.44927352379386,34.6230608077803],[116.43200626008776,34.63663837569884],[116.4320344,34.6372192]],[[116.7875846,34.9354331],[116.7879385,34.9363616],[116.7873723,34.9365298],[116.7869405,34.9356188],[116.7875846,34.9354331]],[[116.7883279,34.9352358],[116.7888587,34.9364602],[116.7884199,34.9366169],[116.7879244,34.9353519],[116.7883279,34.9352358]],[[116.8051291,34.9245993],[116.8050675,34.925539],[116.8028368,34.9255896],[116.8024671,34.9246094],[116.8051291,34.9245993]],[[116.8140121,34.9285958],[116.8138834,34.9319559],[116.8127032,34.9322021],[116.8128534,34.9417714],[116.8118449,34.9420881],[116.8111368,34.9368462],[116.8111352,34.9325804],[116.8108562,34.9326419],[116.810867,34.9311642],[116.8094615,34.9314545],[116.8094508,34.9328794],[116.8068973,34.9333016],[116.8067793,34.9287453],[116.8140121,34.9285958]],[[117.0073986,34.7389081],[117.0074818,34.7412929],[117.0071679,34.7414626],[117.0057705,34.7405391],[117.0056766,34.7389588],[117.0073986,34.7389081]],[[117.0182723,34.7180699],[117.0191681,34.718696],[117.0212522,34.7162796],[117.0300123,34.7226158],[117.0278504,34.7249438],[117.0243823,34.7224615],[117.0212763,34.7259622],[117.014941,34.721756],[117.0182723,34.7180699]]],[[[116.920774,34.8907712],[116.9199371,34.8907272],[116.91989526862237,34.89451130896135],[116.92074330788162,34.89392495813844],[116.920774,34.8907712]]]]}},{"type":"Feature","properties":{"city_name":"扬州市","region":"苏中","osm_type":"relation","osm_id":4430826,"display_name":"扬州市, 江苏省, 中国"},"geometry":{"type":"Polygon","coordinates":[[[119.1930878,32.5844369],[119.1944075,32.5846449],[119.1962743,32.5827735],[119.1977334,32.5821407],[119.1975295,32.5805587],[119.1978514,32.5796275],[119.1991925,32.578859],[119.2000401,32.579754],[119.2002439,32.5793743],[119.199686,32.5786692],[119.2010808,32.5757219],[119.2015207,32.5762914],[119.2021429,32.5754597],[119.2035377,32.5758484],[119.203881,32.5751704],[119.2025506,32.5743205],[119.2024863,32.5732898],[119.203999,32.5731451],[119.2048788,32.5737328],[119.206295,32.5701163],[119.2078507,32.5706949],[119.2073357,32.5717166],[119.2091274,32.5718251],[119.209578,32.5738052],[119.2104578,32.5749534],[119.2100394,32.576635],[119.2103076,32.5771865],[119.2128718,32.5773492],[119.2147719,32.5789837],[119.2156505,32.578624],[119.2161119,32.5799349],[119.2157686,32.5804683],[119.2133009,32.5815621],[119.2124641,32.5814808],[119.2116809,32.5824481],[119.2093956,32.5826018],[119.2090738,32.5841838],[119.2094386,32.5854313],[119.2087197,32.5854675],[119.2085588,32.5864077],[119.2076576,32.5865794],[119.2072284,32.587619],[119.2074001,32.5883422],[119.2094064,32.5886224],[119.208945,32.5900959],[119.2092669,32.591262],[119.2083228,32.5927625],[119.2076468,32.5949138],[119.207797,32.5952121],[119.2111498,32.5932506],[119.2127269,32.5936709],[119.2133331,32.5934269],[119.2135531,32.5938246],[119.2131293,32.5941681],[119.2137569,32.594254],[119.2137891,32.5949183],[119.2156988,32.5950042],[119.2159134,32.5953974],[119.2152911,32.5956234],[119.2156023,32.5957273],[119.2154145,32.596125],[119.2159027,32.5961205],[119.2156935,32.596473],[119.2175281,32.5968572],[119.2182738,32.5983938],[119.2172277,32.5981904],[119.2160422,32.5986152],[119.2155164,32.5999032],[119.2149049,32.6002738],[119.2137247,32.6001427],[119.2136174,32.6007574],[119.2128771,32.6008161],[119.2126572,32.6017651],[119.2114663,32.6023481],[119.2117453,32.6034327],[119.211477,32.604332],[119.210903,32.6043772],[119.210903,32.6050776],[119.2130434,32.6048246],[119.213376,32.6044902],[119.2139178,32.6048155],[119.2140895,32.6044811],[119.2152429,32.6048246],[119.2158329,32.6044179],[119.2174369,32.6043456],[119.2180914,32.60327],[119.2185152,32.6034237],[119.2191803,32.6030983],[119.219411,32.6035728],[119.2203873,32.603148],[119.2205429,32.6034553],[119.2200708,32.6034734],[119.2200065,32.6037942],[119.2208916,32.6039614],[119.2207414,32.6043907],[119.2212564,32.6046303],[119.221251,32.6050415],[119.2218947,32.6049601],[119.2222381,32.6054301],[119.2232108,32.60571],[119.2231554,32.6065915],[119.2237776,32.6066231],[119.2235309,32.6126015],[119.2191267,32.6119237],[119.2191911,32.6116706],[119.2184293,32.6112323],[119.217571,32.6110922],[119.2174262,32.6113317],[119.2170721,32.6108302],[119.2164552,32.6112911],[119.2154735,32.6106901],[119.2148995,32.6112007],[119.2125553,32.6116571],[119.2123783,32.6120502],[119.2113644,32.6118785],[119.2106134,32.6123665],[119.2100072,32.6122445],[119.2091328,32.6125924],[119.2087465,32.6130262],[119.2082101,32.6130488],[119.2083013,32.6136814],[119.2065203,32.6140113],[119.203366,32.616379],[119.2041063,32.6173459],[119.2038381,32.6187918],[119.2041492,32.6203913],[119.2049003,32.620572],[119.2063272,32.6199123],[119.2087304,32.6197497],[119.2088485,32.6218371],[119.2082155,32.6236895],[119.2096853,32.624819],[119.209857,32.6262738],[119.2105973,32.6279093],[119.2111874,32.6283611],[119.2139983,32.6289123],[119.2144918,32.6299333],[119.2145455,32.6309723],[119.2138266,32.631912],[119.212389,32.6322012],[119.210211,32.6313292],[119.2086661,32.6314015],[119.2069495,32.6327387],[119.2064613,32.6340398],[119.2079043,32.6346903],[119.2083389,32.6350834],[119.2085051,32.6358784],[119.207561,32.6381642],[119.2070353,32.6385347],[119.2049646,32.6384624],[119.2033338,32.6426092],[119.2044389,32.6657067],[119.2058658,32.6873265],[119.206059,32.6952994],[119.2061341,32.7114055],[119.2050934,32.7287001],[119.1854167,32.803364],[119.1797197,32.8292328],[119.2488427,32.8253578],[119.2817702,32.827774],[119.3094263,32.8303631],[119.3168299,32.9856833],[119.320133,32.9981624],[119.3485257,33.0237515],[119.3581723,33.0434895],[119.357,33.0551759],[119.3386339,33.065001],[119.3327723,33.0718779],[119.3316,33.0833382],[119.3253477,33.0911958],[119.314797,33.1026536],[119.314797,33.120983],[119.3073724,33.1337459],[119.2725939,33.1478156],[119.2599897,33.161988],[119.2517835,33.1789968],[119.2478758,33.1796509],[119.2498666,33.163392],[119.2368828,33.1625898],[119.2213035,33.1570811],[119.2201312,33.1636236],[119.2236482,33.167549],[119.2209128,33.1793239],[119.2189589,33.1842296],[119.2134882,33.1865189],[119.2123159,33.2035228],[119.1974666,33.2045037],[119.1955128,33.2094081],[119.1850617,33.2066875],[119.1780279,33.2086492],[119.1717756,33.2066875],[119.1690402,33.202764],[119.1639602,33.202437],[119.1584894,33.2119187],[119.1426459,33.2145649],[119.1428764,33.2566976],[119.1549902,33.2661734],[119.1588078,33.2869188],[119.1899013,33.2920997],[119.211241,33.2943506],[119.2129898,33.2952833],[119.214406,33.2969064],[119.2157686,33.2976507],[119.2232788,33.2993904],[119.2283749,33.3000719],[119.2326665,33.302224],[119.257542,33.3043764],[119.2529869,33.3116747],[119.2463243,33.3161128],[119.2442107,33.3185066],[119.2418299,33.3231945],[119.2384386,33.3332533],[119.2348981,33.3397249],[119.2274957,33.3505452],[119.2352038,33.3538296],[119.2381167,33.3542799],[119.2456081,33.3539326],[119.2977154,33.3681245],[119.3519982,33.3708092],[119.3688013,33.3727672],[119.3770074,33.37962],[119.3859951,33.37962],[119.3910751,33.3750515],[119.414912,33.3760305],[119.4266351,33.3789674],[119.4422658,33.3877772],[119.4450012,33.3939763],[119.4516443,33.3959339],[119.4535981,33.4024585],[119.4606319,33.4066994],[119.4860878,33.4056866],[119.4880416,33.4125368],[119.4997647,33.4105796],[119.5044539,33.4069915],[119.516177,33.4086224],[119.5189124,33.4138415],[119.5333708,33.4171032],[119.5458754,33.411232],[119.5627125,33.3911425],[119.5661849,33.3879258],[119.563038,33.3824216],[119.5654214,33.3785173],[119.5798401,33.3829759],[119.5910554,33.3803453],[119.6008204,33.3812597],[119.6062391,33.3653349],[119.6008707,33.364834],[119.5959786,33.3631354],[119.5960468,33.3602792],[119.6061949,33.3597786],[119.6096683,33.3483378],[119.6054425,33.3472799],[119.6051576,33.3445057],[119.6104013,33.3452082],[119.6119296,33.3367243],[119.6275818,33.3372114],[119.6255513,33.3316295],[119.6290315,33.3311245],[119.6281713,33.3267588],[119.6317813,33.3264652],[119.6259512,33.3167125],[119.6289125,33.313801],[119.6363589,33.3121448],[119.6363796,33.300815],[119.6300876,33.2970817],[119.6370139,33.2913964],[119.6426231,33.2827125],[119.6484629,33.2800863],[119.6513587,33.2812668],[119.6546196,33.2878166],[119.6643933,33.2882208],[119.6710228,33.2941165],[119.6705718,33.2982915],[119.6769985,33.2991659],[119.6771371,33.2959261],[119.6827777,33.297684],[119.6844366,33.2945172],[119.6913142,33.2945172],[119.6926242,33.2968167],[119.6961573,33.2958765],[119.7001528,33.2919782],[119.6989778,33.2890421],[119.7043277,33.2873604],[119.7051121,33.2843333],[119.7071472,33.2836489],[119.7064931,33.2809973],[119.7071472,33.2801225],[119.7085533,33.2799038],[119.707605,33.2757483],[119.7098613,33.2750922],[119.7091746,33.2724129],[119.7077358,33.272659],[119.7070818,33.2719208],[119.7072259,33.2708476],[119.6995092,33.2706815],[119.6951134,33.2647847],[119.6985142,33.2626247],[119.6945575,33.2593434],[119.6962252,33.257484],[119.6920501,33.2548026],[119.6910585,33.2520696],[119.6897178,33.252097],[119.6894562,33.2495264],[119.6885406,33.2493076],[119.6855777,33.2454196],[119.6831777,33.2393526],[119.6793804,33.2395646],[119.6884098,33.2258405],[119.7107795,33.2198066],[119.7177748,33.2185092],[119.717564,33.2132434],[119.6955035,33.204702],[119.6979877,33.197167],[119.6875853,33.1956079],[119.6819959,33.1978166],[119.6785802,33.193789],[119.683238,33.1880721],[119.6802881,33.1836543],[119.6795118,33.1750778],[119.6729909,33.1696197],[119.6672463,33.1701395],[119.6546703,33.1580524],[119.6390651,33.1446969],[119.6380691,33.1368151],[119.6415801,33.1366774],[119.6410532,33.1317838],[119.6437835,33.1302996],[119.6413885,33.1286951],[119.6415322,33.1282137],[119.641149,33.1275719],[119.6423465,33.1268097],[119.6422028,33.125165],[119.6432087,33.1250045],[119.6430171,33.1238813],[119.6442146,33.1233598],[119.6440847,33.1222112],[119.6398557,33.1222365],[119.6348741,33.1206719],[119.6361195,33.1176229],[119.6373649,33.1178235],[119.6388977,33.1132097],[119.6415801,33.1134505],[119.6417238,33.1140924],[119.6433045,33.1140924],[119.6436667,33.1098215],[119.6427776,33.1095185],[119.6428255,33.1077531],[119.6393288,33.107392],[119.6394246,33.1065093],[119.6381313,33.1066297],[119.6375565,33.1084352],[119.6365506,33.1085957],[119.6362153,33.1090772],[119.633916,33.1079136],[119.6343099,33.1056432],[119.6375918,33.1011037],[119.6500125,33.0858851],[119.6542045,33.0802913],[119.6601044,33.0801612],[119.6633648,33.0774292],[119.6746987,33.074567],[119.683859,33.0750874],[119.6863432,33.070794],[119.6821512,33.0635077],[119.6756303,33.0640282],[119.6753198,33.0593439],[119.682617,33.0520566],[119.6785802,33.0421658],[119.6793565,33.0338359],[119.6903799,33.0368296],[119.6920878,33.0344867],[119.6925536,33.0303215],[119.6883616,33.0266767],[119.6902247,33.0221206],[119.6849459,33.018085],[119.6849459,33.0109245],[119.6896036,33.0018104],[119.7020244,33.0008989],[119.7063717,32.9934766],[119.7031112,32.9882676],[119.6917773,32.9782394],[119.6942614,32.9734203],[119.6937956,32.9636509],[119.6847906,32.9603943],[119.683859,32.9542714],[119.7022293,32.9408184],[119.7114439,32.940228],[119.7125598,32.9372731],[119.7091339,32.9324307],[119.70818,32.9320807],[119.7080934,32.9290175],[119.7099011,32.9247706],[119.7132186,32.925241],[119.7149692,32.924937],[119.7155773,32.9204699],[119.7169583,32.9204919],[119.7163258,32.9166333],[119.7107344,32.9163402],[119.7111769,32.9130415],[119.7133146,32.9129892],[119.7137161,32.9101912],[119.7138201,32.9036825],[119.7159912,32.9034857],[119.7156174,32.9016295],[119.7173932,32.9014593],[119.7177933,32.9018858],[119.7200059,32.9018837],[119.7202096,32.9037326],[119.7218433,32.90365],[119.7218875,32.9027226],[119.7227154,32.9026712],[119.7226805,32.9017357],[119.7245218,32.9019494],[119.7243466,32.9031696],[119.7252911,32.9033638],[119.725102,32.9044942],[119.7303418,32.9056696],[119.7317813,32.9019028],[119.7380338,32.9029353],[119.7387278,32.9035592],[119.7448374,32.9040754],[119.745392,32.9049613],[119.7517739,32.904919],[119.7562046,32.9061155],[119.7566044,32.9107183],[119.7580785,32.9105043],[119.7580078,32.9135424],[119.761691,32.9130485],[119.7619844,32.9121595],[119.7664161,32.9126228],[119.7680365,32.9117337],[119.7695639,32.911535],[119.7701603,32.9140776],[119.7797331,32.9142897],[119.779402,32.90937],[119.7834805,32.9096901],[119.7836372,32.9075396],[119.7879979,32.908754],[119.788006,32.9038948],[119.7840276,32.9024499],[119.7788854,32.9024341],[119.779051,32.8942296],[119.7846264,32.8825301],[119.7866751,32.8825491],[119.7869586,32.8807745],[119.790965,32.8807446],[119.7906603,32.8790479],[119.7902934,32.8789794],[119.7902737,32.8772121],[119.78954,32.8772399],[119.7892349,32.8758883],[119.7902017,32.8712081],[119.7924267,32.8719315],[119.7934962,32.8691966],[119.7953926,32.8705952],[119.7988493,32.8617893],[119.7928493,32.8598832],[119.7936496,32.857954],[119.7971044,32.8588891],[119.7977292,32.8564996],[119.7978708,32.8539452],[119.802548,32.8549567],[119.8026454,32.8530512],[119.7972507,32.8513394],[119.795113,32.8493013],[119.7931566,32.8495457],[119.7921329,32.8451084],[119.7905426,32.8452517],[119.7902927,32.8436094],[119.7892828,32.8433097],[119.7889436,32.8412961],[119.7892383,32.8396779],[119.7922249,32.8401372],[119.7925848,32.838783],[119.797754,32.8405582],[119.797501,32.8298168],[119.7996055,32.8294445],[119.8002053,32.8244713],[119.7990768,32.8239615],[119.7963196,32.8237681],[119.7958184,32.8262494],[119.79489,32.8262623],[119.7951419,32.8235619],[119.7934482,32.8234804],[119.7903198,32.8166106],[119.7926098,32.816012],[119.792586,32.8130309],[119.7902295,32.8131887],[119.7902211,32.8115077],[119.7905828,32.8113915],[119.7899688,32.8088426],[119.7957367,32.807249],[119.8006395,32.8069535],[119.8005934,32.8046927],[119.8043403,32.8042774],[119.8046008,32.8057686],[119.8055805,32.8051101],[119.8048331,32.8071884],[119.8113459,32.8062499],[119.8141313,32.8060951],[119.8143525,32.8064903],[119.818035,32.8065412],[119.8225855,32.8058303],[119.8241682,32.8051869],[119.8241209,32.8044693],[119.8273855,32.8034259],[119.8260526,32.8027058],[119.8267496,32.8020524],[119.8270989,32.8010287],[119.8263853,32.8007935],[119.8254577,32.7993173],[119.8264781,32.7994406],[119.8272089,32.7991118],[119.8270634,32.7980427],[119.825981,32.7981049],[119.8261105,32.7963269],[119.8278287,32.7963778],[119.8281866,32.7952665],[119.8254761,32.7947684],[119.8267701,32.7912022],[119.8253355,32.7906895],[119.8275257,32.7837197],[119.8251052,32.783707],[119.824683,32.7809404],[119.8261361,32.7810854],[119.8263642,32.7803165],[119.8254783,32.7802107],[119.8256255,32.7792746],[119.8268492,32.7793742],[119.8265179,32.7810647],[119.8276339,32.781265],[119.8287083,32.7776883],[119.8299453,32.7779673],[119.8304679,32.7757361],[119.8317083,32.7760863],[119.8314009,32.778089],[119.8360282,32.7787644],[119.8379528,32.7795089],[119.8371181,32.7821645],[119.8377145,32.7823727],[119.8386472,32.7808751],[119.8429288,32.7818577],[119.8437305,32.7806938],[119.8428944,32.7803211],[119.8433363,32.7791382],[119.8466058,32.78008],[119.846773,32.781222],[119.8496265,32.7813566],[119.849633,32.7788309],[119.8586973,32.7780281],[119.8588519,32.7669265],[119.8569349,32.7648266],[119.8553428,32.7637086],[119.8553832,32.7632371],[119.8566703,32.7623459],[119.85504,32.7603353],[119.8547402,32.75878],[119.8531963,32.7589845],[119.8527491,32.7572509],[119.8500026,32.7574883],[119.8500413,32.7569172],[119.849605,32.7569207],[119.8485559,32.7553716],[119.8473081,32.7546946],[119.8464887,32.7547293],[119.8464049,32.7516555],[119.8447591,32.7514411],[119.8445846,32.7503973],[119.8379617,32.7488679],[119.8391588,32.7443885],[119.838701,32.7441654],[119.8398235,32.7367422],[119.8392333,32.7367323],[119.8396398,32.734559],[119.8404984,32.734692],[119.8406382,32.733809],[119.8438028,32.7343638],[119.8438491,32.7313326],[119.8449982,32.7307234],[119.84557,32.7311948],[119.847673,32.7302294],[119.8475053,32.7297431],[119.8501345,32.7290242],[119.8495255,32.7244562],[119.8518696,32.7243533],[119.8533887,32.7182789],[119.8545502,32.7153305],[119.8549227,32.715336],[119.855707,32.7135595],[119.8566829,32.7137935],[119.8563175,32.7147938],[119.8569628,32.7149622],[119.8581038,32.711814],[119.8617259,32.7134163],[119.8622979,32.7120597],[119.8600313,32.7112975],[119.8578936,32.7099833],[119.8584741,32.707103],[119.8570696,32.7065938],[119.8573472,32.7052312],[119.8594493,32.7054348],[119.8595614,32.7051553],[119.8611515,32.7052259],[119.8612745,32.7046827],[119.8632732,32.704587],[119.8695283,32.7048579],[119.8690321,32.7042281],[119.8697719,32.7030098],[119.8736355,32.7029578],[119.8739846,32.6999297],[119.8749245,32.6999071],[119.8749514,32.6970371],[119.8740253,32.696963],[119.8738235,32.694845],[119.8742263,32.6944156],[119.8738772,32.6932179],[119.8724375,32.6934275],[119.8722869,32.6921442],[119.8728182,32.6895438],[119.8696124,32.6884128],[119.8698487,32.6872647],[119.8685759,32.6870929],[119.8685918,32.6863199],[119.8666314,32.6861004],[119.8666723,32.6843546],[119.8669542,32.684348],[119.8669296,32.6838388],[119.8671392,32.6838539],[119.8663012,32.6810372],[119.8656346,32.6811124],[119.8654775,32.6805688],[119.8660538,32.6804651],[119.8659777,32.6802245],[119.8665981,32.6800885],[119.8664791,32.6796566],[119.8670294,32.6795638],[119.8672883,32.6804824],[119.8680601,32.680449],[119.8679175,32.679084],[119.8698535,32.6791954],[119.8701096,32.6769176],[119.8717444,32.676759],[119.8719044,32.6748621],[119.8726871,32.674749],[119.8728072,32.6725437],[119.8747499,32.6724688],[119.874951,32.6741378],[119.8760621,32.6740646],[119.8760569,32.6736494],[119.8772744,32.6735662],[119.877079,32.6747384],[119.8798494,32.6746963],[119.8806068,32.6743943],[119.8861811,32.6746906],[119.8871329,32.6710574],[119.8895965,32.6676773],[119.891515,32.6640796],[119.8898752,32.6636495],[119.8912716,32.6628341],[119.8898238,32.6619047],[119.8900053,32.6614121],[119.8906002,32.6604129],[119.8916782,32.6612549],[119.8927538,32.6616349],[119.8941384,32.6569356],[119.894947,32.6499277],[119.8959237,32.6469482],[119.900966,32.64034],[119.905108,32.6338629],[119.9073417,32.6272965],[119.8975158,32.6258915],[119.8959106,32.6262966],[119.8940046,32.6215658],[119.8938351,32.61863],[119.8922992,32.61864],[119.8922888,32.6196373],[119.8916797,32.6199075],[119.890118,32.6198558],[119.8900095,32.6204893],[119.8892074,32.62056],[119.8893203,32.6221333],[119.8859487,32.6225424],[119.8823716,32.6221962],[119.8827571,32.6214302],[119.8766703,32.6211299],[119.8768841,32.6190061],[119.8719386,32.6181163],[119.8707384,32.6216326],[119.8679921,32.6211083],[119.8645581,32.621445],[119.8655819,32.6252773],[119.8630796,32.6256807],[119.863292,32.6267453],[119.8640324,32.6266476],[119.8641587,32.6272972],[119.8644983,32.6273207],[119.8654958,32.6307397],[119.8649721,32.6311209],[119.8655475,32.6321551],[119.8622034,32.633151],[119.8617826,32.6298019],[119.8604659,32.630341],[119.8593118,32.6313731],[119.8563463,32.6316644],[119.8563246,32.632358],[119.8550324,32.6325015],[119.8552643,32.6335643],[119.850224,32.6340644],[119.850801,32.6366239],[119.8489267,32.6368355],[119.8504674,32.6382521],[119.84806,32.6388792],[119.8412001,32.6389923],[119.8413595,32.64078],[119.8395258,32.6406546],[119.8397636,32.6425501],[119.8277126,32.6429798],[119.8273333,32.6414807],[119.8278984,32.6412301],[119.8269898,32.6395706],[119.8251353,32.6342482],[119.8236026,32.6344191],[119.8237994,32.6314594],[119.8179452,32.6301441],[119.8093801,32.629108],[119.8093319,32.6258199],[119.8098691,32.6252709],[119.8109291,32.6218495],[119.8111181,32.6167554],[119.8130856,32.6173696],[119.8135895,32.6153289],[119.8140505,32.615703],[119.8168366,32.6093382],[119.8160357,32.6092261],[119.8161841,32.6072007],[119.813071,32.6072179],[119.8128744,32.6075414],[119.8105928,32.6076282],[119.8106216,32.6067532],[119.8087695,32.6064224],[119.8093267,32.6050798],[119.8101092,32.6049031],[119.8101722,32.6025071],[119.8120226,32.6013158],[119.8111371,32.599754],[119.8131511,32.5992158],[119.8128491,32.5982508],[119.8138891,32.5979581],[119.8134542,32.5964921],[119.8152079,32.5961288],[119.8139772,32.5913021],[119.8143101,32.5911615],[119.8142084,32.589291],[119.8154727,32.5892565],[119.8156639,32.5877654],[119.8168953,32.5880351],[119.8170096,32.5878088],[119.8153219,32.5854675],[119.8135732,32.5857692],[119.8129267,32.5837565],[119.811055,32.5838207],[119.8107835,32.583135],[119.8087042,32.583568],[119.8077481,32.580986],[119.8100548,32.5801512],[119.8120014,32.5798606],[119.8115814,32.576708],[119.8133237,32.5765047],[119.8136163,32.5756858],[119.8128545,32.5727798],[119.8139245,32.5723583],[119.8135797,32.5715943],[119.8118493,32.5721218],[119.8113807,32.5708745],[119.8134032,32.5702438],[119.8113012,32.567146],[119.8129399,32.5663977],[119.8147738,32.5660469],[119.8152541,32.5668528],[119.8177109,32.5661348],[119.8164449,32.5630542],[119.8256136,32.5615722],[119.8328309,32.5615704],[119.8330898,32.557612],[119.8342268,32.554421],[119.8327606,32.5543441],[119.83312,32.5471062],[119.8311151,32.5467648],[119.8313869,32.5454912],[119.8334823,32.5457979],[119.8342256,32.5420521],[119.8297116,32.5414282],[119.8299527,32.5405094],[119.8263544,32.5404835],[119.8229552,32.5396419],[119.8186662,32.5397906],[119.817557,32.5390719],[119.8176806,32.5372756],[119.8158963,32.5353867],[119.8171238,32.5335671],[119.8168259,32.5309393],[119.8198865,32.5310778],[119.820088,32.5252314],[119.8191637,32.5219014],[119.8185659,32.5178171],[119.8188098,32.5165742],[119.8182276,32.4992983],[119.8153957,32.4875212],[119.8156975,32.4842661],[119.8156323,32.4787641],[119.8160968,32.4770917],[119.8167901,32.4763999],[119.8164089,32.4755233],[119.8145518,32.4749598],[119.8097995,32.4746078],[119.8190307,32.4655333],[119.8226371,32.4629823],[119.8286926,32.4645044],[119.8359498,32.4654193],[119.8357133,32.4662624],[119.8342159,32.4659453],[119.8338392,32.4669992],[119.8369277,32.4673676],[119.8368327,32.4679576],[119.837541,32.4682324],[119.8384949,32.465929],[119.8442975,32.4669801],[119.8493803,32.4683867],[119.8507548,32.4588344],[119.8534039,32.4591156],[119.8541136,32.4561358],[119.8561856,32.4563417],[119.857479,32.4523546],[119.8562151,32.4522169],[119.855924,32.4476171],[119.8562005,32.4474789],[119.8562787,32.4466239],[119.855331,32.4464909],[119.8553043,32.445102],[119.8556755,32.4451198],[119.8556535,32.4442234],[119.8597644,32.4442499],[119.8591923,32.4403504],[119.8652655,32.4395644],[119.8643518,32.4350609],[119.8584725,32.435321],[119.8579017,32.4300768],[119.8609503,32.429933],[119.8624809,32.4249461],[119.8588201,32.4249447],[119.8580577,32.419027],[119.8527828,32.4192281],[119.8490544,32.4181157],[119.8493121,32.4147059],[119.8481107,32.4146472],[119.848177,32.4137061],[119.8469558,32.4132359],[119.8493301,32.4062716],[119.8486205,32.4059533],[119.8489805,32.4046183],[119.8509833,32.4049858],[119.8511176,32.4039189],[119.8476157,32.4035464],[119.8468017,32.4039598],[119.8443119,32.4035591],[119.84478,32.4020581],[119.8439697,32.4018233],[119.8422041,32.4003698],[119.8427061,32.3984265],[119.8396588,32.3981273],[119.8406624,32.3944891],[119.8400768,32.3941139],[119.8412412,32.3920528],[119.8449499,32.3932365],[119.8462805,32.3901861],[119.8456517,32.388921],[119.8464588,32.3871958],[119.8470441,32.3873438],[119.8473089,32.3867552],[119.8496934,32.3847721],[119.8513074,32.3824085],[119.8489492,32.3636526],[119.8414054,32.365693],[119.8408439,32.3644892],[119.8413814,32.3643214],[119.8408157,32.3624463],[119.8416551,32.3622854],[119.8416342,32.3616323],[119.8390518,32.3616752],[119.8388844,32.3596127],[119.8353535,32.3595357],[119.8354834,32.3581201],[119.8332041,32.3581144],[119.8327181,32.3564218],[119.8328208,32.3559635],[119.8334757,32.3560127],[119.8334582,32.3553361],[119.8361119,32.3547103],[119.8361802,32.3544213],[119.8374067,32.3544164],[119.8372377,32.3535451],[119.839124,32.3536342],[119.8391612,32.3525268],[119.8406367,32.3521295],[119.8395762,32.3509208],[119.8397111,32.3506747],[119.8378414,32.3477414],[119.8381113,32.3464838],[119.8373726,32.344741],[119.8381147,32.3440827],[119.8382963,32.3432665],[119.8377495,32.3415942],[119.8378565,32.3400954],[119.8362428,32.3381998],[119.835175,32.3363482],[119.8356034,32.3361022],[119.8363622,32.3369313],[119.8374355,32.3364741],[119.8378625,32.33704],[119.8420015,32.3357529],[119.8425391,32.3341081],[119.8424184,32.3332922],[119.8447132,32.3330491],[119.8441021,32.3294804],[119.8393135,32.323325],[119.8375551,32.3232022],[119.8371564,32.3246706],[119.8363868,32.3244602],[119.8354251,32.3247474],[119.8357052,32.3235574],[119.8340017,32.322623],[119.8351428,32.3220095],[119.835182,32.3216521],[119.8341813,32.3194917],[119.8324265,32.3176781],[119.8298551,32.3160291],[119.8365743,32.3090797],[119.8364187,32.3074895],[119.8352544,32.3063415],[119.8312322,32.310622],[119.8281172,32.3107596],[119.8241105,32.3041483],[119.8159091,32.3122902],[119.7995185,32.3211638],[119.7927379,32.3235545],[119.7861633,32.3251891],[119.7688382,32.3275847],[119.7518833,32.32645],[119.7382812,32.3173791],[119.725664,32.3102973],[119.7128351,32.2991342],[119.7068943,32.2883843],[119.7029008,32.2803182],[119.6892821,32.2830863],[119.6833027,32.2834475],[119.6805425,32.2776764],[119.6725989,32.2723358],[119.6627767,32.2675531],[119.6506403,32.2643482],[119.6421083,32.2647803],[119.633211,32.2619455],[119.6278121,32.2587921],[119.6243584,32.2560852],[119.6222009,32.2521391],[119.6248638,32.2369917],[119.6251165,32.229225],[119.6198938,32.2267309],[119.6095327,32.2538768],[119.5990874,32.255729],[119.5884537,32.2553283],[119.574722,32.2519276],[119.5666721,32.2468814],[119.5638777,32.2767155],[119.5724685,32.2778097],[119.5722158,32.2870678],[119.5575586,32.2872814],[119.5388581,32.2846465],[119.5400374,32.2780946],[119.537763,32.2778809],[119.531361,32.2723257],[119.5332984,32.2695479],[119.5316941,32.2669971],[119.5178831,32.2587209],[119.5141843,32.2619924],[119.5086979,32.2559774],[119.4663959,32.265814],[119.4257559,32.2582138],[119.4034821,32.2443337],[119.3847252,32.2261541],[119.3561991,32.2281375],[119.326931,32.2350869],[119.2850791,32.2367318],[119.2600699,32.2347486],[119.2381869,32.2311125],[119.223504,32.2246314],[119.1900592,32.2358105],[119.1682115,32.2423203],[119.1615418,32.2439739],[119.1329794,32.2466465],[119.1272037,32.2469286],[119.1148026,32.2469061],[119.1072713,32.2463122],[119.0918929,32.2440554],[119.083993,32.2421696],[119.0808728,32.2409905],[119.0747598,32.2379329],[119.0714727,32.2448668],[119.0707875,32.2481834],[119.0716298,32.2494744],[119.0713315,32.2515668],[119.0704042,32.2513957],[119.0511626,32.2543973],[119.0307271,32.2605843],[119.0347325,32.2691323],[119.0354001,32.2742123],[119.034351,32.2739704],[119.033302,32.271632],[119.0325391,32.272519],[119.0339696,32.2781632],[119.0368306,32.2782438],[119.0360676,32.2809852],[119.0339696,32.2846133],[119.0354001,32.2865482],[119.035114,32.2889669],[119.0331113,32.2909017],[119.0334927,32.2934814],[119.0303456,32.2946907],[119.0301549,32.2974315],[119.0317761,32.2993662],[119.0341603,32.3003335],[119.034351,32.3032354],[119.0356862,32.3043639],[119.0365445,32.3071045],[119.0350186,32.3083135],[119.0312039,32.3079105],[119.0294873,32.3115375],[119.0307271,32.3128271],[119.0292012,32.3140361],[119.0294873,32.3154868],[119.0321576,32.3169376],[119.0321576,32.319436],[119.0331113,32.3221761],[119.0326344,32.3256414],[119.0303456,32.327656],[119.0324437,32.3285425],[119.0325391,32.3303153],[119.0349232,32.331524],[119.0359723,32.3326522],[119.0365445,32.334022],[119.0326344,32.3351501],[119.0338742,32.337084],[119.0331113,32.3379703],[119.0290105,32.3378898],[119.0281522,32.339179],[119.028629,32.3411128],[119.0260541,32.3433688],[119.0255773,32.3407099],[119.0234792,32.3414351],[119.0238607,32.3458665],[119.0209043,32.3506199],[119.020809,32.3551314],[119.0235746,32.3556148],[119.0249097,32.3547286],[119.0264356,32.3561787],[119.0289151,32.3562593],[119.0298688,32.3584344],[119.0331113,32.359401],[119.0337788,32.3646371],[119.0383564,32.3665703],[119.037975,32.3680202],[119.0357815,32.3681008],[119.0339696,32.3696312],[119.0317761,32.3696312],[119.0310132,32.3704367],[119.0321576,32.3710005],[119.0315854,32.3724503],[119.0295827,32.3722892],[119.0288198,32.3731752],[119.0264356,32.3720476],[119.0258634,32.3730141],[119.0271032,32.3742223],[119.0244329,32.3742223],[119.0225256,32.3732558],[119.0230978,32.3721281],[119.0209043,32.3702756],[119.0204275,32.3730141],[119.0214765,32.3744639],[119.020809,32.3751083],[119.0172804,32.3750277],[119.0169943,32.3767191],[119.0151823,32.3759137],[119.0145148,32.3783299],[119.0164221,32.379377],[119.017185,32.3811488],[119.0223348,32.3825985],[119.0234792,32.3835649],[119.0279615,32.3827595],[119.0320622,32.3847729],[119.0312039,32.3859809],[119.0312993,32.3871889],[119.0292012,32.388558],[119.0281522,32.3905712],[119.0191877,32.3929871],[119.0174711,32.3925039],[119.0166128,32.3937118],[119.0204275,32.3956444],[119.0187109,32.397738],[119.020046,32.3990264],[119.020046,32.4004758],[119.0182341,32.3996705],[119.0175665,32.4008784],[119.0151823,32.3999926],[119.0137518,32.4015225],[119.0111769,32.3990264],[119.0098418,32.4012004],[119.011463,32.4013615],[119.0118445,32.4023277],[119.010414,32.4035355],[119.0119399,32.406112],[119.0084113,32.4108623],[119.0064086,32.40893],[119.004692,32.4095741],[119.0045966,32.4115064],[119.0072669,32.4132776],[119.0107955,32.4130361],[119.0117491,32.4164174],[119.0099372,32.4180275],[119.0103186,32.4205231],[119.0090789,32.4230991],[119.0121306,32.4210866],[119.0121306,32.4235016],[119.0174711,32.4226966],[119.0176619,32.4247896],[119.0188063,32.4252726],[119.0185202,32.4263996],[119.0166128,32.4272046],[119.0152777,32.4288145],[119.0160406,32.4296194],[119.018997,32.4278485],[119.0204275,32.4296999],[119.0237653,32.4300219],[119.0221441,32.4314708],[119.0244329,32.4330806],[119.022907,32.4340465],[119.0213812,32.4340465],[119.0209043,32.4364612],[119.0196646,32.4381514],[119.0164221,32.4364612],[119.0148009,32.4370246],[119.0149916,32.4381514],[119.0166128,32.4379904],[119.0168036,32.4395197],[119.0189016,32.4404855],[119.018997,32.4415318],[119.0180433,32.4431414],[119.0155638,32.4441877],[119.0126074,32.4429],[119.0105094,32.4443487],[119.0158499,32.4479703],[119.0160406,32.4510284],[119.0184248,32.452316],[119.017948,32.4542473],[119.015087,32.45642],[119.0175665,32.4595583],[119.0259588,32.4582708],[119.0272939,32.4571443],[119.028629,32.4548106],[119.0303456,32.4546497],[119.0315854,32.4578685],[119.0358769,32.4590755],[119.037212,32.462777],[119.0386425,32.4628574],[119.0382611,32.464869],[119.0407406,32.4668806],[119.042934,32.4663174],[119.0446506,32.4643863],[119.0481792,32.4642253],[119.0489421,32.4668806],[119.0499912,32.4639035],[119.0534244,32.4640644],[119.0558085,32.4629379],[119.0565634,32.4631001],[119.0573144,32.4638243],[119.0580654,32.4631997],[119.05841982397818,32.463554062807326],[119.080515,32.446082],[119.10679496977795,32.47872611100867],[119.106946,32.4787592],[119.1082764,32.4786597],[119.1091347,32.479076],[119.1094351,32.4800082],[119.111098,32.4801259],[119.1119349,32.4809133],[119.1138017,32.4817821],[119.1142309,32.4813839],[119.1147244,32.4820084],[119.1169882,32.4823342],[119.1166985,32.4837099],[119.1162586,32.4837642],[119.1161513,32.4840809],[119.1181898,32.4853208],[119.1190159,32.4870403],[119.1176534,32.4898638],[119.118576,32.4905425],[119.1197562,32.4907145],[119.1205501,32.4907054],[119.1207111,32.4901805],[119.1218054,32.4899272],[119.1229105,32.4912212],[119.1255712,32.4930402],[119.124949,32.4937913],[119.125185,32.4954111],[119.1257107,32.4957187],[119.1286611,32.4949767],[119.1289401,32.4945333],[119.1301954,32.4939451],[119.1319013,32.4944157],[119.1321051,32.4940989],[119.1330278,32.493918],[119.1333818,32.4945152],[119.1349912,32.4947686],[119.1379845,32.4921352],[119.1405487,32.4930764],[119.140377,32.4945876],[119.1409886,32.4953296],[119.1404307,32.495583],[119.141053,32.4958816],[119.1413963,32.4982253],[119.1409564,32.4989854],[119.1383386,32.4991754],[119.1382849,32.4995192],[119.1372764,32.4996912],[119.1362572,32.4994921],[119.1367721,32.5002884],[119.1367721,32.5008584],[119.1390359,32.5022157],[119.1387999,32.5023514],[119.139272,32.5031386],[119.1400337,32.5033829],[119.1397869,32.5042425],[119.141053,32.5041158],[119.1412246,32.5044506],[119.1422546,32.5044959],[119.1422653,32.5048035],[119.1432738,32.5052107],[119.1439712,32.5060431],[119.146868,32.5067217],[119.1488421,32.5087303],[119.1494214,32.5108475],[119.1491318,32.5116255],[119.1499042,32.5135617],[119.1483164,32.5136431],[119.1481018,32.5150364],[119.1485524,32.5163391],[119.1474044,32.5175243],[119.1477799,32.5182209],[119.1476297,32.5194422],[119.1463745,32.5193246],[119.1457736,32.5200664],[119.1468143,32.5226627],[119.1450119,32.5246891],[119.1447973,32.525449],[119.1455698,32.5262269],[119.14559007457554,32.52691610963903],[119.14601785031219,32.52744747853909],[119.1462886,32.5275295],[119.14637816424074,32.52789504860789],[119.14663246603077,32.528210933897455],[119.1466856,32.5281537],[119.1475332,32.5283979],[119.14731550839763,32.5290593865797],[119.15403607510486,32.53740745271089],[119.1549683,32.536593],[119.154464,32.5361769],[119.1538203,32.5344765],[119.1543889,32.5340875],[119.1553652,32.5341599],[119.1557729,32.5347388],[119.1576612,32.5342956],[119.1585731,32.5336534],[119.1587233,32.5331649],[119.1581869,32.5320795],[119.1583907,32.5316815],[119.1592705,32.531392],[119.1598499,32.531989],[119.1586161,32.5342956],[119.1590023,32.5352453],[119.159925,32.5361498],[119.1608691,32.5362402],[119.1619205,32.5384381],[119.1594207,32.5389899],[119.1577792,32.5398401],[119.1578329,32.5405908],[119.1589272,32.5415133],[119.1591096,32.5421735],[119.1598177,32.5423816],[119.160279,32.5434488],[119.16026309714601,32.54514245394882],[119.19211122516009,32.584703147324596],[119.1930878,32.5844369]]]}},{"type":"Feature","properties":{"city_name":"无锡市","region":"苏南","osm_type":"relation","osm_id":4430942,"display_name":"无锡市, 江苏省, 214000, 中国"},"geometry":{"type":"MultiPolygon","coordinates":[[[[119.528321,31.1605399],[119.5262933,31.1639368],[119.525038,31.1649925],[119.5264113,31.1660299],[119.5293271,31.1631323],[119.5316094,31.169679],[119.5323926,31.1700646],[119.533841,31.1715931],[119.5352411,31.1721576],[119.5355737,31.1733143],[119.5368129,31.1738054],[119.5370489,31.1756734],[119.5389372,31.1764307],[119.539758,31.1782207],[119.5404607,31.1781885],[119.5404875,31.176394],[119.5419681,31.1766326],[119.5421827,31.1763756],[119.5410669,31.1758432],[119.5419574,31.1746132],[119.5436525,31.1754577],[119.5427781,31.1766097],[119.5428425,31.1770182],[119.5423973,31.177266],[119.542923,31.1772155],[119.5432851,31.178893],[119.5440307,31.1794139],[119.5444143,31.1803364],[119.5437437,31.1802056],[119.5441648,31.1807265],[119.544028,31.1816352],[119.5431161,31.1823604],[119.5434272,31.182957],[119.5432663,31.1835352],[119.5451867,31.1813232],[119.5463776,31.1811947],[119.5476222,31.1797168],[119.5488775,31.1808642],[119.5490813,31.1833333],[119.5483947,31.1846],[119.547987,31.1864816],[119.5479977,31.1872066],[119.5486843,31.1887486],[119.548223,31.1899142],[119.5483947,31.1904006],[119.5490384,31.1906301],[119.5492047,31.1919333],[119.549776,31.1924702],[119.5504224,31.1943838],[119.5502025,31.1949299],[119.5488131,31.1932182],[119.5454121,31.1877619],[119.5456052,31.1857197],[119.5451707,31.1846596],[119.5457447,31.1836729],[119.5452136,31.1836362],[119.5448863,31.1843843],[119.5448863,31.1863898],[119.5453155,31.1872709],[119.5452833,31.1879088],[119.544881,31.1880832],[119.5450097,31.1883723],[119.5444035,31.1880648],[119.5442104,31.1872342],[119.5435131,31.1863209],[119.5436686,31.1860685],[119.5429498,31.1854995],[119.5429605,31.184655],[119.5424133,31.18594],[119.5430624,31.1859813],[119.5431644,31.1871791],[119.5426279,31.1874361],[119.5432717,31.1875049],[119.5438349,31.1873122],[119.5462489,31.1913597],[119.5499048,31.1949023],[119.5502883,31.1955975],[119.5490599,31.1959256],[119.5498967,31.1969948],[119.5494515,31.1978253],[119.5495802,31.1990138],[119.5478153,31.1983439],[119.5476866,31.1987201],[119.5499933,31.1995644],[119.5497036,31.1999499],[119.5485878,31.2000737],[119.5493013,31.2011704],[119.548679,31.2010603],[119.5482552,31.2014136],[119.5485985,31.201955],[119.5496607,31.2025056],[119.5494461,31.2028727],[119.5491672,31.2031801],[119.5475256,31.2029415],[119.5478636,31.2034371],[119.5475256,31.2037399],[119.5486119,31.205277],[119.5473808,31.2051393],[119.5489097,31.2058735],[119.5485771,31.2074426],[119.5492476,31.2079978],[119.5484751,31.2099294],[119.5491618,31.2106543],[119.5489204,31.2112416],[119.5479494,31.2120238],[119.5478851,31.2142054],[119.5472842,31.2152743],[119.5494837,31.2149761],[119.5475578,31.2158386],[119.5480674,31.2166828],[119.5475954,31.2170911],[119.5470804,31.2167837],[119.5459485,31.2173296],[119.5460477,31.2179765],[119.5468712,31.2176462],[119.5472896,31.2186555],[119.548502,31.2179581],[119.5486307,31.2184995],[119.5474505,31.2191784],[119.5470106,31.2198299],[119.547472,31.2207566],[119.5491779,31.2214263],[119.5494139,31.22183],[119.5491993,31.2231971],[119.5482337,31.2238485],[119.5471823,31.226344],[119.5459592,31.2267569],[119.5450365,31.2274725],[119.5433843,31.2275917],[119.5427298,31.2269679],[119.5422685,31.2278394],[119.5401227,31.2270046],[119.5395327,31.2258945],[119.5388514,31.2264449],[119.5388246,31.2272018],[119.5383525,31.227266],[119.5372581,31.2266926],[119.5349139,31.2261651],[119.5346671,31.2264449],[119.5347154,31.2256559],[119.5344526,31.2256467],[119.5342433,31.2264816],[119.5332777,31.2263532],[119.5318937,31.2268486],[119.5307028,31.2287706],[119.5291042,31.2285138],[119.5309228,31.229344],[119.5316791,31.2290321],[119.532339,31.2294358],[119.5333958,31.2290413],[119.5348924,31.2297569],[119.5356649,31.2296651],[119.5353699,31.2300275],[119.5356864,31.2322889],[119.5347235,31.2333049],[119.5347691,31.2338668],[119.5339563,31.2335365],[119.5336533,31.2337108],[119.5350158,31.2349172],[119.534871,31.2353346],[119.5346671,31.2355639],[119.533326,31.2347016],[119.5319205,31.2352796],[119.5321083,31.2356236],[119.5313358,31.2355502],[119.5311695,31.2352199],[119.5293295,31.2357107],[119.5286053,31.2378481],[119.5292008,31.239747],[119.5264649,31.2388205],[119.5261753,31.2397654],[119.5256978,31.2396507],[119.525671,31.2388389],[119.5240778,31.2382242],[119.5235869,31.2387632],[119.5246249,31.2394076],[119.5228118,31.2406414],[119.5230693,31.2409533],[119.5229244,31.2414578],[119.5237023,31.2419302],[119.5223826,31.2423705],[119.5209664,31.2420907],[119.5209128,31.2429484],[119.5203763,31.2435492],[119.5185417,31.2439849],[119.5201939,31.2441134],[119.5213312,31.2433199],[119.5216638,31.2427283],[119.523257,31.242797],[119.5237505,31.2431043],[119.5219481,31.2446362],[119.5198935,31.2456314],[119.520269,31.2471633],[119.5220661,31.2473696],[119.5230961,31.249039],[119.5240885,31.2498737],[119.5238256,31.2506579],[119.5234179,31.2506992],[119.5236379,31.2512082],[119.523434,31.251449],[119.5242146,31.2522011],[119.5233992,31.2517769],[119.523367,31.2521254],[119.5231216,31.252036],[119.5230934,31.2515763],[119.5226294,31.2512862],[119.5219159,31.2524786],[119.5223236,31.2529142],[119.522109,31.2536526],[119.5229244,31.2537856],[119.5235199,31.2548999],[119.524582,31.255198],[119.5253277,31.2538131],[119.5258768,31.2541084],[119.5250809,31.256239],[119.5267332,31.2577064],[119.5274734,31.2593665],[119.5262504,31.2606],[119.528262,31.2614758],[119.527688,31.2640345],[119.5278597,31.2650341],[119.5270711,31.2661117],[119.5274037,31.2683401],[119.525848,31.2706465],[119.5259446,31.2711692],[119.5268995,31.2716965],[119.5282191,31.271646],[119.530971,31.273315],[119.531942,31.2734754],[119.5316148,31.2755249],[119.5318401,31.2763318],[119.5325911,31.2767536],[119.5317757,31.2768545],[119.5316684,31.2772488],[119.5323014,31.2776339],[119.5321834,31.2786976],[119.5317972,31.2786609],[119.5314324,31.2792019],[119.531014,31.2787526],[119.530102,31.2789543],[119.5304131,31.2796053],[119.5301878,31.2803572],[119.5292759,31.2793761],[119.5291364,31.2786884],[119.5279026,31.2790827],[119.527334,31.2809716],[119.5265937,31.2814117],[119.5274198,31.2827504],[119.527173,31.2835252],[119.5280206,31.2844558],[119.5279401,31.2849922],[119.527173,31.2854094],[119.5271301,31.2859732],[119.5264006,31.2870185],[119.5277417,31.2874677],[119.5277846,31.2881508],[119.5282245,31.2885175],[119.5282781,31.2895673],[119.5265239,31.2892097],[119.5257032,31.2895535],[119.5270175,31.29053],[119.5290077,31.2910251],[119.5289808,31.2918548],[119.5293188,31.292249],[119.5296031,31.292194],[119.5298177,31.2910571],[119.5306009,31.2912543],[119.5312607,31.291896],[119.5296621,31.2936334],[119.5297158,31.2943164],[119.5288736,31.2970576],[119.5281225,31.2967917],[119.5275593,31.297438],[119.5267707,31.2968604],[119.5266902,31.2978322],[119.5264006,31.2978001],[119.5262986,31.2982218],[119.5251721,31.298396],[119.5245659,31.2981118],[119.5247698,31.2988131],[119.5256174,31.2986894],[119.5261216,31.2993036],[119.5268995,31.2995786],[119.5268404,31.3003441],[119.524802,31.2990744],[119.5242065,31.2996565],[119.5246839,31.3000691],[119.5247161,31.3005549],[119.5250326,31.3005504],[119.5250648,31.3011462],[119.524641,31.3011371],[119.5242226,31.3020125],[119.5226562,31.30138],[119.5229351,31.3009675],[119.5216316,31.3006787],[119.520784,31.3011966],[119.5213097,31.3028147],[119.5216262,31.3029751],[119.521814,31.3025946],[119.522506,31.3028422],[119.522211,31.3040934],[119.5211863,31.3038551],[119.5206767,31.3032638],[119.5195448,31.3034884],[119.519459,31.3040293],[119.5182681,31.3042401],[119.5179409,31.3047626],[119.5180106,31.3068206],[119.5175224,31.3070131],[119.517222,31.3080993],[119.5172328,31.3095339],[119.5173186,31.3103589],[119.5184612,31.3101068],[119.5189816,31.3102901],[119.5188367,31.3108584],[119.519341,31.3107438],[119.5181447,31.3113351],[119.5183271,31.311665],[119.518075,31.3118392],[119.5190996,31.3120867],[119.5191157,31.314007],[119.5185953,31.3135441],[119.5139819,31.3151527],[119.513939,31.3161793],[119.5147544,31.316523],[119.5153069,31.3174946],[119.5154518,31.3188877],[119.5151353,31.3193002],[119.5154732,31.3206429],[119.5160901,31.320785],[119.5166588,31.3223522],[119.5169431,31.3225997],[119.5192927,31.3226043],[119.5194644,31.3234108],[119.51859,31.324057],[119.5195341,31.3256746],[119.5182788,31.3260916],[119.5184076,31.3271776],[119.5202529,31.3266735],[119.5213795,31.328007],[119.5219696,31.3298674],[119.5249039,31.3308663],[119.5252258,31.3306372],[119.5250648,31.3304081],[119.5261323,31.3299865],[119.5269155,31.331242],[119.5274198,31.3310496],[119.5279348,31.3322684],[119.5292973,31.3319752],[119.5296675,31.3324655],[119.530381,31.3324586],[119.5303085,31.3342158],[119.5306143,31.3344403],[119.5306116,31.3352307],[119.529638,31.3353407],[119.5289996,31.3358035],[119.5283264,31.3357141],[119.5279723,31.3360623],[119.5262718,31.3357233],[119.5264971,31.3363327],[119.5258963,31.3409007],[119.5250809,31.343778],[119.5230961,31.347379],[119.5229244,31.3498071],[119.523375,31.3534354],[119.5230585,31.3578194],[119.5218998,31.3620062],[119.522801,31.3651072],[119.5216745,31.3669669],[119.5217872,31.3673425],[119.5232892,31.368112],[119.5239705,31.3702098],[119.5249843,31.3718312],[119.5269638,31.3774784],[119.5288789,31.3790813],[119.5301342,31.380817],[119.5309442,31.3810827],[119.5308155,31.38231],[119.531191,31.3822963],[119.5324033,31.3838992],[119.5324838,31.3843525],[119.531824,31.3844533],[119.532001,31.3859691],[119.5333421,31.3861294],[119.5334387,31.3872651],[119.5343265,31.3872353],[119.5351231,31.3864042],[119.5364803,31.3881031],[119.5360243,31.3881856],[119.5361799,31.3890968],[119.5358849,31.3891426],[119.5375103,31.3945095],[119.5370436,31.3946194],[119.5372206,31.3951002],[119.5367485,31.3967349],[119.5374379,31.3984749],[119.5376846,31.398381],[119.5386153,31.4001599],[119.5385349,31.4010024],[119.5363784,31.4014877],[119.5360592,31.4020944],[119.5358634,31.4046195],[119.5322585,31.4048118],[119.5319581,31.4110751],[119.5334601,31.4111117],[119.5341361,31.4117756],[119.536829,31.4121556],[119.5388031,31.4132406],[119.538728,31.4143073],[119.5403802,31.4145637],[119.5404768,31.4152046],[119.5422471,31.4154655],[119.5420432,31.4136984],[119.5426333,31.4135382],[119.5430517,31.4142569],[119.5445269,31.4137991],[119.5445216,31.4127736],[119.5448595,31.4128194],[119.5448005,31.4137579],[119.5469195,31.4138449],[119.546898,31.4130483],[119.5482874,31.4132314],[119.5489043,31.4174707],[119.5509911,31.4172418],[119.551152,31.418661],[119.5501381,31.4187983],[119.5501596,31.419398],[119.5488882,31.419485],[119.5490116,31.4201717],[119.5480835,31.4220165],[119.5479709,31.4240261],[119.5495158,31.4243053],[119.5498699,31.4301965],[119.5494032,31.4334281],[119.5498377,31.4364352],[119.5539415,31.4360508],[119.5707321,31.4333686],[119.5741989,31.4333445],[119.5741117,31.4343572],[119.5803827,31.4362888],[119.5807528,31.4384811],[119.5827216,31.4379639],[119.5853367,31.4434927],[119.5843872,31.443495],[119.5848405,31.4450671],[119.5841271,31.4457238],[119.5837864,31.4456117],[119.5835531,31.4471998],[119.5837998,31.4481791],[119.5851731,31.4501562],[119.585959,31.4534053],[119.5857954,31.4556476],[119.5849907,31.4571028],[119.5818686,31.4575513],[119.5831025,31.4614133],[119.5837569,31.4612852],[119.5834726,31.4603837],[119.5838803,31.4602419],[119.5844597,31.4611067],[119.5855701,31.4608551],[119.5869515,31.4654873],[119.5858866,31.466506],[119.584685,31.4666616],[119.5832634,31.4654445],[119.5796263,31.466172],[119.5790148,31.4658883],[119.5784461,31.4660759],[119.5779365,31.4646849],[119.5771909,31.4648451],[119.5772821,31.4652111],[119.5779258,31.4653576],[119.5773599,31.4664854],[119.5746428,31.4663139],[119.5746052,31.4646941],[119.5742029,31.4646895],[119.5734948,31.4639803],[119.5711613,31.4643326],[119.5656896,31.4638842],[119.5641124,31.466625],[119.5626801,31.466657],[119.5632219,31.4694298],[119.5625031,31.4697318],[119.562546,31.4700246],[119.5602929,31.470171],[119.5619452,31.4734057],[119.5629537,31.4730214],[119.5632917,31.4740234],[119.5687473,31.473941],[119.569509,31.4767959],[119.5665371,31.4772443],[119.5660221,31.4776286],[119.5673847,31.4823224],[119.5691335,31.482112],[119.5690745,31.4819152],[119.5702386,31.4815264],[119.5705819,31.4848293],[119.5672613,31.4854652],[119.5664567,31.4829034],[119.5646328,31.4832008],[119.565416,31.4855842],[119.5670038,31.4857077],[119.5674866,31.4888275],[119.5641017,31.4894222],[119.5648634,31.4922171],[119.5628089,31.4949342],[119.5613873,31.4958445],[119.5616716,31.4965306],[119.5625782,31.4963568],[119.5625997,31.4970452],[119.5619291,31.4971389],[119.5621812,31.4986438],[119.5630342,31.4992521],[119.5637047,31.5013836],[119.5635438,31.5030896],[119.5627874,31.504201],[119.5631415,31.5048642],[119.5627498,31.5067943],[119.5640695,31.5068858],[119.5642412,31.5072974],[119.5703244,31.5092823],[119.5704853,31.5087884],[119.5750451,31.5056966],[119.575324,31.505843],[119.5775342,31.5049191],[119.5794976,31.5101512],[119.5801198,31.5105903],[119.5813429,31.5159685],[119.5885634,31.5320005],[119.5886385,31.533866],[119.5901513,31.5366825],[119.5964384,31.5411539],[119.5990562,31.5481578],[119.6003222,31.5480298],[119.600687,31.5488527],[119.5995283,31.5491727],[119.5999896,31.5504984],[119.6022212,31.550215],[119.6025216,31.5506081],[119.6004295,31.5513213],[119.6034304,31.5558256],[119.6053056,31.5575373],[119.6050429,31.5578307],[119.6067381,31.5586352],[119.6087798,31.5602167],[119.6087837,31.5615263],[119.6093432,31.5633359],[119.6104229,31.5642539],[119.611491,31.5638186],[119.6138306,31.5641517],[119.6167515,31.5630279],[119.6164654,31.5620774],[119.6167588,31.5617435],[119.6214424,31.5617907],[119.6215189,31.5602341],[119.6230674,31.5603082],[119.6232703,31.5606969],[119.6230781,31.5619355],[119.6258032,31.5623651],[119.6258891,31.5642209],[119.6254836,31.5642649],[119.6244588,31.5668782],[119.6249449,31.5687915],[119.6268991,31.5698162],[119.6272376,31.5712782],[119.6282022,31.5707665],[119.6304571,31.570884],[119.6306638,31.5717821],[119.6317085,31.5722618],[119.6314398,31.5728257],[119.631961,31.5726096],[119.6328079,31.5728533],[119.6328855,31.5733891],[119.6336277,31.5741529],[119.6331051,31.5745054],[119.6333061,31.5748642],[119.6340852,31.5749069],[119.6340046,31.5758484],[119.6354917,31.5760302],[119.6355114,31.576972],[119.6361875,31.5770285],[119.6361922,31.5764093],[119.6382015,31.5774588],[119.6378624,31.5785811],[119.6385491,31.5791478],[119.639276,31.5778989],[119.6396817,31.5781161],[119.6391606,31.5785537],[119.6398315,31.579238],[119.639394,31.5800899],[119.638834,31.5804075],[119.6392076,31.5811584],[119.6390641,31.5816979],[119.6398044,31.5816796],[119.6400833,31.582886],[119.6390426,31.5830963],[119.6388066,31.5824382],[119.6384311,31.5824748],[119.6391476,31.5845701],[119.6379161,31.5848968],[119.6378946,31.5852258],[119.6385428,31.5850946],[119.6401155,31.5863773],[119.6396327,31.5876477],[119.6384491,31.5884569],[119.6385025,31.5891238],[119.6373298,31.5895537],[119.6373656,31.5900681],[119.6384761,31.5898072],[119.6393154,31.5916349],[119.6392629,31.5921811],[119.6380234,31.5926193],[119.6382272,31.5932956],[119.639622,31.5935058],[119.6394396,31.5937891],[119.6388602,31.5936703],[119.6388709,31.5942003],[119.6385491,31.5942826],[119.6386027,31.5952056],[119.6395147,31.5954066],[119.6399009,31.5962108],[119.6389568,31.5965581],[119.6382701,31.5976547],[119.6384418,31.5990619],[119.6399009,31.599729],[119.6378839,31.5992904],[119.6371543,31.599793],[119.6374869,31.6002499],[119.6370363,31.6007068],[119.6360814,31.6005697],[119.6352982,31.6012277],[119.6361995,31.6031557],[119.6357274,31.6031375],[119.6356952,31.6036126],[119.6371865,31.606098],[119.6387851,31.6057325],[119.6396649,31.6060158],[119.6403623,31.6058422],[119.6402657,31.6078798],[119.6469819,31.608556],[119.6508121,31.6100727],[119.6546638,31.612494],[119.6593094,31.6138006],[119.6625197,31.6135411],[119.6631809,31.615902],[119.6643519,31.6154269],[119.663955,31.6135265],[119.671289,31.6114345],[119.6711295,31.6105642],[119.6714557,31.610458],[119.6716316,31.6096984],[119.6720297,31.609702],[119.672104,31.6092225],[119.6733272,31.6089208],[119.6734055,31.6085283],[119.6747764,31.6080565],[119.6743978,31.6073794],[119.6743522,31.6062871],[119.678976,31.6074032],[119.6804411,31.6067871],[119.6816704,31.605727],[119.6820582,31.606025],[119.6829118,31.6056132],[119.6830329,31.6052916],[119.6827115,31.6049333],[119.683094,31.6044228],[119.6830886,31.6037509],[119.6843815,31.6032411],[119.6847416,31.6019917],[119.6837693,31.6014905],[119.6828792,31.6017558],[119.6837483,31.6011196],[119.6830896,31.6005821],[119.6835357,31.6001836],[119.6828963,31.599559],[119.6841427,31.5980547],[119.6847233,31.5978161],[119.6846152,31.5971061],[119.6869242,31.595868],[119.6875476,31.5963323],[119.6879428,31.5962355],[119.6878964,31.5957964],[119.6885606,31.594915],[119.6894212,31.5910734],[119.6902552,31.5909173],[119.690267,31.5897983],[119.6906724,31.5891872],[119.6906165,31.5864925],[119.6918932,31.5862677],[119.6925354,31.5854972],[119.6936654,31.5851823],[119.6955923,31.5839455],[119.6946819,31.582491],[119.6949213,31.5822373],[119.6946635,31.5818147],[119.6936145,31.5809736],[119.6938121,31.5799748],[119.6958442,31.579572],[119.6962018,31.5781909],[119.6972405,31.5769344],[119.6984088,31.5773959],[119.6991227,31.5768059],[119.7003454,31.5783729],[119.7023788,31.5766581],[119.7026246,31.5755114],[119.7013909,31.5738042],[119.7030861,31.5737168],[119.7034161,31.5720299],[119.7018433,31.5717782],[119.7018247,31.5709136],[119.7022684,31.5708278],[119.7032939,31.5693622],[119.703205,31.5688561],[119.702487,31.568695],[119.7026493,31.5665117],[119.7065499,31.5662179],[119.7063214,31.5634299],[119.7067128,31.5616764],[119.7101162,31.5580228],[119.7163242,31.558786],[119.7171711,31.5601354],[119.7183074,31.5608591],[119.7190269,31.5617972],[119.7219294,31.5637006],[119.7216886,31.5620306],[119.7220774,31.5615125],[119.7229774,31.5611877],[119.7232036,31.5616944],[119.7240203,31.5619155],[119.7238218,31.5624032],[119.7247263,31.5626703],[119.7244479,31.5633252],[119.7247425,31.5638726],[119.7252113,31.5638022],[119.7253286,31.5645051],[119.7276747,31.5649663],[119.7296073,31.5646491],[119.7287588,31.5624449],[119.7300986,31.5618941],[119.7308154,31.5607271],[119.7313548,31.5610568],[119.732495,31.5633773],[119.7384088,31.5629333],[119.7411353,31.5622202],[119.7431828,31.5606567],[119.7493025,31.5592208],[119.8143232,31.5403391],[119.8240464,31.5323061],[119.8339797,31.5309518],[119.834209,31.52927],[119.8338162,31.5280765],[119.8396341,31.5273459],[119.839103,31.5295735],[119.8405147,31.5306755],[119.8409598,31.5315138],[119.8438061,31.5329027],[119.845235,31.5340972],[119.8496759,31.5390272],[119.857637,31.5455042],[119.8577116,31.5471337],[119.8597228,31.5491108],[119.8602794,31.5491695],[119.8618467,31.5482843],[119.8644842,31.550296],[119.8634271,31.5517273],[119.8629818,31.5516236],[119.8621516,31.5523719],[119.8623705,31.5528282],[119.8637157,31.5537057],[119.8649067,31.5521125],[119.8655417,31.5525916],[119.866885,31.5518882],[119.8691902,31.5530407],[119.8706772,31.5522851],[119.8725653,31.5503402],[119.8749944,31.5532301],[119.8759593,31.5530772],[119.8764595,31.5540167],[119.8783838,31.5536364],[119.8832616,31.551923],[119.8841402,31.5511465],[119.8847385,31.5518332],[119.8865548,31.5510669],[119.8876359,31.5510573],[119.8874647,31.5506696],[119.8859794,31.5504859],[119.8855681,31.5488415],[119.890148,31.5486167],[119.8965937,31.5493325],[119.8978864,31.5498731],[119.907201,31.5502009],[119.9157162,31.5514424],[119.918313,31.5523468],[119.9237888,31.5535887],[119.9241284,31.5567701],[119.9237095,31.5577517],[119.9263129,31.5574921],[119.9263236,31.5589909],[119.9308741,31.5570013],[119.9324798,31.5579144],[119.9327329,31.5576113],[119.93387,31.5581594],[119.9343885,31.5559652],[119.9330783,31.555537],[119.9329378,31.5552329],[119.9354231,31.5528341],[119.9342963,31.5519986],[119.9358976,31.5502731],[119.9358491,31.5485252],[119.9387216,31.5494204],[119.9398639,31.5483985],[119.9396116,31.547559],[119.9405027,31.5450986],[119.9441885,31.5452366],[119.9440033,31.5445924],[119.9489768,31.5436365],[119.9491322,31.5441571],[119.9499052,31.5441903],[119.9503179,31.5450049],[119.9506449,31.5449874],[119.9557154,31.543511],[119.9557001,31.5407538],[119.9564918,31.5408016],[119.9568176,31.5413636],[119.9591278,31.5404503],[119.9596746,31.5417226],[119.9626985,31.5403747],[119.9624222,31.539275],[119.9627076,31.5388795],[119.9638117,31.5389396],[119.9609682,31.5382963],[119.9619877,31.5369961],[119.9641274,31.5369888],[119.9635468,31.5363984],[119.9675419,31.5336963],[119.9680247,31.5330051],[119.9686187,31.5337125],[119.9719097,31.5268157],[119.9705719,31.5266868],[119.9702809,31.5255037],[119.9700455,31.5254776],[119.9700421,31.524202],[119.9714443,31.5245194],[119.9716352,31.5227195],[119.9730726,31.5229347],[119.9732658,31.5222365],[119.971716,31.5221267],[119.972219,31.5209357],[119.9718486,31.5208259],[119.9720011,31.5205927],[119.972893,31.5207383],[119.9716816,31.5196944],[119.9715419,31.5200214],[119.9704337,31.5202524],[119.9700149,31.5189657],[119.9691334,31.5191454],[119.9690546,31.5186928],[119.968032,31.518448],[119.9679302,31.5189309],[119.9668861,31.5189467],[119.9669248,31.517435],[119.9698228,31.5175701],[119.9703241,31.5173505],[119.9696818,31.5167365],[119.9696285,31.5156603],[119.969791,31.5152644],[119.9708379,31.5151275],[119.9717924,31.5173375],[119.9721847,31.5171653],[119.9718069,31.5164994],[119.9722118,31.5159583],[119.9719928,31.5155861],[119.9727045,31.5152611],[119.9729982,31.5164344],[119.9724144,31.5167933],[119.972645,31.5167321],[119.9733616,31.5178469],[119.9760424,31.5168259],[119.9775017,31.5108666],[119.9789597,31.5108874],[119.9789696,31.5105828],[119.9792672,31.5105821],[119.9803844,31.5109081],[119.9803105,31.5121318],[119.9820939,31.5105035],[119.9826293,31.5090334],[119.9884594,31.5034471],[119.9923613,31.5058483],[119.9922409,31.5089],[119.9930958,31.5090079],[119.9959502,31.5082245],[119.9959594,31.5087517],[119.9970318,31.5083265],[120.001183,31.5057177],[120.0018062,31.507319],[120.0029521,31.5066514],[120.0081449,31.5079901],[120.0096584,31.5071265],[120.0098587,31.5076201],[120.0115445,31.5074534],[120.0117606,31.5071395],[120.0115259,31.5064799],[120.0133459,31.5059419],[120.0147236,31.5043758],[120.0142767,31.5030215],[120.0132361,31.5032184],[120.0130692,31.5023433],[120.013822,31.5021673],[120.0134845,31.5014552],[120.0144242,31.5014516],[120.01457,31.5019285],[120.0170976,31.5010993],[120.0169353,31.500701],[120.0179821,31.5002909],[120.018768,31.501108],[120.0220727,31.4999178],[120.0223988,31.5005448],[120.0233736,31.5003426],[120.0238596,31.4992739],[120.0267285,31.4988571],[120.026771,31.499154],[120.0273516,31.4993348],[120.0274112,31.4998551],[120.0300543,31.5006235],[120.0319145,31.5005777],[120.0323737,31.5002319],[120.0334301,31.4974547],[120.0368296,31.4957746],[120.0384095,31.495436],[120.041193,31.4919173],[120.0408611,31.4898571],[120.0388271,31.4886837],[120.0365026,31.4857134],[120.0403687,31.4839825],[120.0427762,31.4813028],[120.0423295,31.4764712],[120.0405104,31.4669865],[120.0371513,31.4399509],[120.0345455,31.4257361],[120.0239632,31.3823245],[120.0246169,31.3739022],[120.0290415,31.3646233],[120.0343321,31.3572389],[120.0414007,31.3497912],[120.0597531,31.3410695],[120.0740902,31.3356201],[120.0838858,31.3329988],[120.0906079,31.3347989],[120.0939497,31.3375154],[120.0935855,31.3459985],[120.0891004,31.3529427],[120.0762676,31.3546927],[120.0437404,31.3634522],[120.0377623,31.3693152],[120.0370113,31.3745403],[120.0398166,31.3925329],[120.0447926,31.4134524],[120.0538251,31.4417621],[120.0592051,31.4470451],[120.0783234,31.4543097],[120.0831966,31.4578221],[120.0834793,31.4574218],[120.0839138,31.4577248],[120.0856411,31.4545311],[120.1051743,31.4631492],[120.1009088,31.4714387],[120.1016539,31.4725088],[120.1016217,31.4758625],[120.1024264,31.4799708],[120.1099253,31.4916207],[120.1178169,31.4995585],[120.1203591,31.5018347],[120.1232773,31.5037694],[120.124914,31.5063825],[120.1242341,31.5071246],[120.1247998,31.5082005],[120.1237016,31.5085541],[120.1230851,31.5081193],[120.1211804,31.5101328],[120.1218684,31.5111037],[120.1212227,31.5117785],[120.1182675,31.51295],[120.1178598,31.5111527],[120.1175727,31.5110259],[120.1171792,31.5073111],[120.1135995,31.5072821],[120.1135802,31.508787],[120.1130285,31.5089578],[120.1130306,31.5093859],[120.1140603,31.5094863],[120.1146421,31.5108158],[120.1134289,31.5116239],[120.1139708,31.5119486],[120.114386,31.5131868],[120.1144053,31.5135067],[120.1136703,31.5137548],[120.1146743,31.5153479],[120.1145295,31.5161208],[120.1152335,31.5168468],[120.1136972,31.5178067],[120.1132098,31.5174653],[120.1118631,31.5175371],[120.1113108,31.5179363],[120.1125315,31.5196491],[120.11095,31.520924],[120.1098949,31.5194417],[120.1092125,31.5199514],[120.1090578,31.5197335],[120.1086745,31.5198993],[120.1077327,31.5181192],[120.1078821,31.5176832],[120.1062567,31.5158814],[120.1026237,31.5136204],[120.1020617,31.5144511],[120.1017511,31.5143331],[120.1017989,31.5139652],[120.1013697,31.5143814],[120.1009996,31.5140567],[120.0997955,31.5150452],[120.099338,31.5146052],[120.0986883,31.5150918],[120.0983897,31.5148559],[120.0978995,31.5153802],[120.0970317,31.5145247],[120.0965622,31.5149555],[120.0974106,31.5159991],[120.0966606,31.5174653],[120.095544,31.5186115],[120.0960375,31.5189545],[120.0966643,31.5184471],[120.0976315,31.5192533],[120.0973572,31.5194941],[120.0977488,31.5198508],[120.1001,31.5180429],[120.1005337,31.5180003],[120.1011147,31.5185877],[120.1001689,31.5199027],[120.098518,31.520362],[120.0991202,31.5229537],[120.0982881,31.5232534],[120.0989635,31.5242178],[120.0982865,31.5245651],[120.0983442,31.5248946],[120.0974376,31.5249952],[120.0980813,31.5271535],[120.0977442,31.5272831],[120.0980813,31.5278485],[120.0972509,31.5282066],[120.0974644,31.5295404],[120.0987055,31.5292735],[120.0989024,31.5300335],[120.0966169,31.531886],[120.0977257,31.5337225],[120.0973644,31.5338852],[120.0974988,31.534364],[120.0967217,31.5344508],[120.0969334,31.5351232],[120.0957594,31.5354448],[120.0961716,31.5384562],[120.0970085,31.5390232],[120.0978853,31.5402992],[120.0979848,31.5407148],[120.097374,31.5410486],[120.0979896,31.5422496],[120.0970728,31.5432248],[120.096792,31.5429534],[120.0960383,31.5437795],[120.0949601,31.543615],[120.0939261,31.5441709],[120.0941594,31.5438479],[120.0936688,31.5432097],[120.0924401,31.5434197],[120.092269,31.5428634],[120.0892783,31.5437185],[120.0900516,31.5459511],[120.0917092,31.5453781],[120.0923438,31.5459845],[120.0924004,31.5464798],[120.0927499,31.5463077],[120.0925675,31.5471946],[120.0945658,31.5465553],[120.0947407,31.5469642],[120.093586,31.5472936],[120.0940264,31.5479784],[120.0920204,31.5489318],[120.0926096,31.5505028],[120.0874652,31.5514491],[120.0872377,31.5508372],[120.0864212,31.5510052],[120.0865816,31.5516232],[120.0807596,31.5527016],[120.0772038,31.5520678],[120.0759639,31.5526422],[120.0752397,31.5533828],[120.0766666,31.5552524],[120.0748588,31.5558878],[120.0748695,31.5563495],[120.0741332,31.5565924],[120.0720156,31.5558924],[120.0685931,31.5564272],[120.0635691,31.5546956],[120.0543721,31.5604223],[120.0517757,31.5634254],[120.0512875,31.5650937],[120.051663,31.5665563],[120.0526233,31.5675162],[120.0544257,31.570487],[120.0548712,31.5727217],[120.0546137,31.5745773],[120.0517325,31.5776841],[120.050533,31.5785145],[120.0523738,31.5826345],[120.0547645,31.5813885],[120.0551022,31.5814413],[120.0562826,31.5834678],[120.0580199,31.5827076],[120.0589265,31.5851479],[120.0581379,31.585774],[120.0568558,31.5860664],[120.0579716,31.5893931],[120.0587655,31.5902568],[120.0596936,31.5909193],[120.0604124,31.5904441],[120.061647,31.5908432],[120.0645706,31.5926893],[120.0645806,31.5930761],[120.0667271,31.5938956],[120.0680782,31.5952831],[120.068679,31.5974854],[120.0683786,31.5979058],[120.0680782,31.6009579],[120.0686438,31.6015621],[120.0693114,31.6014651],[120.0706906,31.6024565],[120.0702239,31.6036124],[120.0690545,31.6034662],[120.0687468,31.6077117],[120.071694,31.6096703],[120.0731317,31.610118],[120.0782606,31.6129614],[120.0796811,31.6135754],[120.0801106,31.6131265],[120.0811052,31.6134961],[120.0807385,31.6142323],[120.0822625,31.6155288],[120.0911025,31.6209722],[120.0919699,31.6196899],[120.09401,31.6203509],[120.0946908,31.6237381],[120.0974223,31.6237422],[120.0978188,31.6246297],[120.099438,31.6248542],[120.1005168,31.6256819],[120.1001896,31.625924],[120.1007839,31.6268014],[120.1003618,31.6270561],[120.1006724,31.627477],[120.1000876,31.6277785],[120.1010272,31.6291732],[120.0993879,31.6302532],[120.1027696,31.6339256],[120.1073036,31.6317356],[120.1091055,31.6334328],[120.1104901,31.6334529],[120.1123461,31.6330053],[120.1131701,31.6372086],[120.1108774,31.6367199],[120.1108645,31.639056],[120.1142532,31.6380106],[120.1145732,31.6388473],[120.1167106,31.6391483],[120.1167283,31.6396593],[120.116157,31.6397356],[120.1165585,31.6445318],[120.1182352,31.6443759],[120.1188457,31.6484795],[120.120043,31.6484357],[120.1200215,31.6488467],[120.1190678,31.6488665],[120.1190667,31.6494449],[120.1200108,31.6494084],[120.1199883,31.6502112],[120.1190828,31.6504496],[120.1185962,31.651791],[120.1194905,31.6552075],[120.1227531,31.6552276],[120.1227628,31.6550114],[120.1234119,31.65529],[120.1238957,31.65494],[120.125725,31.6566158],[120.1257406,31.6575062],[120.1269159,31.6579674],[120.1287752,31.6613796],[120.1301024,31.6629444],[120.1275089,31.6629647],[120.1270465,31.66191],[120.1250099,31.6619243],[120.1250212,31.6624816],[120.1224821,31.6627],[120.1229666,31.6652988],[120.122516,31.6653581],[120.1224463,31.6663398],[120.1212717,31.6662861],[120.121195,31.6675403],[120.1207082,31.6675451],[120.1210759,31.6677814],[120.121173,31.6684523],[120.1202431,31.6684738],[120.1211958,31.6687094],[120.1206186,31.66874],[120.1207618,31.6698827],[120.1205312,31.6698873],[120.1202683,31.6749413],[120.1196943,31.6771919],[120.1218682,31.681797],[120.1203434,31.6821633],[120.1206197,31.6832026],[120.1198995,31.6833897],[120.120057,31.6838024],[120.1217703,31.6838067],[120.120371,31.6840201],[120.1205204,31.6853223],[120.1200376,31.6855094],[120.1203626,31.6862016],[120.1214276,31.6856593],[120.1217945,31.6859537],[120.1225731,31.6859091],[120.1226431,31.6869332],[120.1243894,31.6859994],[120.1239551,31.6851021],[120.1257741,31.684324],[120.1254015,31.6836029],[120.1275091,31.6824548],[120.1281061,31.6839908],[120.1395684,31.6773446],[120.1414481,31.6798121],[120.1423804,31.6805793],[120.1422034,31.6807893],[120.1426846,31.6820679],[120.1421981,31.6828618],[120.1427442,31.6827073],[120.1427981,31.6831683],[120.1436405,31.6831234],[120.1444887,31.6840532],[120.1448266,31.6840213],[120.1447976,31.6832941],[120.1461962,31.6831761],[120.1462578,31.6840071],[120.1468705,31.684003],[120.146893,31.6849724],[120.1473648,31.6849767],[120.1473838,31.6854275],[120.1479015,31.6853969],[120.1479251,31.6859287],[120.1483307,31.6857438],[120.1483886,31.6862763],[120.1462267,31.6863585],[120.1462321,31.686783],[120.1454382,31.6867784],[120.1428107,31.6879121],[120.1425746,31.6888022],[120.142772,31.6894899],[120.1413827,31.6895492],[120.1411627,31.690526],[120.1394429,31.690372],[120.139569,31.6913312],[120.1382016,31.69132],[120.1397304,31.6939083],[120.1380943,31.6945428],[120.1382069,31.6955697],[120.1396119,31.698152],[120.1409278,31.6981039],[120.1410521,31.6991711],[120.1418119,31.699349],[120.1419953,31.7020296],[120.1428568,31.7024752],[120.1427774,31.7032238],[120.1445702,31.7034901],[120.1445101,31.7042461],[120.1458872,31.7047066],[120.146098,31.7041959],[120.1465808,31.7043374],[120.1467302,31.703962],[120.1467524,31.7043785],[120.1473313,31.7044433],[120.1473785,31.7036587],[120.1494089,31.7043162],[120.1513819,31.7044926],[120.1514259,31.7055804],[120.150702,31.7078337],[120.1481901,31.7077785],[120.1477639,31.7093249],[120.1501599,31.7094559],[120.1496932,31.7120562],[120.1500086,31.7130312],[120.1505623,31.7133659],[120.1508562,31.7151486],[120.1534794,31.7152654],[120.1533228,31.7162817],[120.1543667,31.7161106],[120.1547883,31.7169511],[120.1546703,31.7190456],[120.1566302,31.7199254],[120.1541768,31.7227326],[120.1532123,31.7243312],[120.1528947,31.725589],[120.1533335,31.7277438],[120.1503305,31.7289381],[120.1508788,31.7300165],[120.1506738,31.7303069],[120.1509689,31.7312741],[120.1525728,31.7307403],[120.1528572,31.732538],[120.1516207,31.7380479],[120.150235,31.7379825],[120.1501385,31.739582],[120.1513833,31.7397389],[120.1510386,31.741553],[120.149955,31.7416397],[120.1498005,31.7433749],[120.1509689,31.7436652],[120.1512693,31.745344],[120.1516448,31.7454033],[120.1514975,31.7459929],[120.1509241,31.7460739],[120.1508562,31.7464525],[120.1513087,31.7533523],[120.1511435,31.7539745],[120.1503466,31.7541161],[120.1502648,31.7572365],[120.1514249,31.7573775],[120.150926,31.7594711],[120.1536779,31.7606661],[120.1537273,31.7613519],[120.1574199,31.7623754],[120.1576744,31.7633708],[120.1594135,31.7638285],[120.1598202,31.7635897],[120.1599142,31.7639549],[120.1602305,31.763901],[120.1601635,31.7635213],[120.1605834,31.7634345],[120.161034,31.7625451],[120.1615689,31.7623175],[120.161821,31.7616333],[120.1626356,31.761839],[120.1632533,31.7597683],[120.1650986,31.7599366],[120.1650021,31.760826],[120.1652054,31.760501],[120.1661616,31.7603166],[120.1669909,31.7613063],[120.1678881,31.7610586],[120.167915,31.7615239],[120.1687947,31.7616242],[120.1694653,31.7601829],[120.1705596,31.7604794],[120.1707313,31.7601327],[120.1696868,31.7599635],[120.1698153,31.7596853],[120.1712624,31.759932],[120.1711443,31.7601986],[120.1719651,31.7605387],[120.1736243,31.7599362],[120.1738029,31.759628],[120.1733309,31.759504],[120.1731667,31.7598636],[120.1724602,31.7597035],[120.1726893,31.7592752],[120.1724415,31.7591888],[120.1721673,31.7597051],[120.1706066,31.7591963],[120.1710601,31.7583397],[120.1715145,31.7584861],[120.1711996,31.7582008],[120.1720241,31.756762],[120.173494,31.7576423],[120.1721904,31.7565157],[120.1725713,31.7556399],[120.1772866,31.7564153],[120.1780376,31.7527069],[120.1787795,31.7516755],[120.1900003,31.7540024],[120.191733,31.7546318],[120.1925484,31.7547732],[120.1930988,31.7544229],[120.1932028,31.7547231],[120.1960634,31.7555966],[120.1980791,31.7556262],[120.198519,31.7544722],[120.1988301,31.7544129],[120.2011368,31.7552567],[120.1994754,31.7563738],[120.2005644,31.7571675],[120.1997914,31.75834],[120.2008326,31.7589099],[120.200654,31.7594668],[120.1997509,31.7595503],[120.1994256,31.7603517],[120.1987402,31.7602189],[120.1985117,31.7608865],[120.1963818,31.7602999],[120.1959671,31.7615234],[120.1962176,31.7618112],[120.1977197,31.7620894],[120.1979128,31.7621944],[120.1976569,31.7628233],[120.1987542,31.7630069],[120.1980217,31.7647959],[120.1972369,31.7646892],[120.1968506,31.7659295],[120.1958545,31.7659339],[120.1959655,31.7647896],[120.1934472,31.7643756],[120.1914004,31.7671108],[120.1893136,31.7684471],[120.189555,31.7688621],[120.1889636,31.7692904],[120.1900126,31.770335],[120.1894477,31.7716532],[120.1902004,31.7719312],[120.1903865,31.7724285],[120.1926503,31.7725334],[120.1926811,31.7736863],[120.1917222,31.7739107],[120.1917062,31.7743439],[120.1925677,31.7742926],[120.1924926,31.7758918],[120.1915844,31.7755021],[120.1915415,31.7764689],[120.1922104,31.7764919],[120.1921538,31.7772984],[120.1909516,31.7774491],[120.1910707,31.7786017],[120.1844392,31.7781272],[120.1839476,31.7793582],[120.1847152,31.7795511],[120.1846734,31.780017],[120.1857999,31.7802495],[120.1856229,31.7818228],[120.1846613,31.7816737],[120.1847515,31.7812979],[120.1834656,31.7809789],[120.181605,31.7855984],[120.1813099,31.7876823],[120.1801834,31.7903452],[120.1764943,31.7962313],[120.1715359,31.800736],[120.1696638,31.8030019],[120.1622056,31.8054998],[120.1624593,31.8067357],[120.1625344,31.8064029],[120.1632855,31.8060655],[120.1637822,31.8064612],[120.1646625,31.8062378],[120.1646786,31.8052748],[120.1650123,31.8061385],[120.1649914,31.8051446],[120.1653256,31.8068084],[120.1661656,31.8067623],[120.1662697,31.8072141],[120.1666811,31.8071642],[120.1661946,31.804921],[120.1667616,31.8058513],[120.1669869,31.8055185],[120.1672675,31.8058465],[120.1687572,31.805719],[120.1687266,31.8049712],[120.167915,31.8041553],[120.1683924,31.8039912],[120.1690039,31.8043058],[120.1690967,31.8061793],[120.1699749,31.805751],[120.1720794,31.8081031],[120.1699379,31.8109062],[120.1702654,31.8117694],[120.1708952,31.8121175],[120.1703182,31.8129161],[120.1707605,31.8128115],[120.1717988,31.8113446],[120.1724508,31.8116901],[120.1723476,31.8130903],[120.1706422,31.8135853],[120.1716701,31.81418],[120.1725659,31.8142894],[120.1731195,31.8135716],[120.1727692,31.8129387],[120.1733419,31.8126793],[120.1739392,31.813478],[120.1762459,31.814353],[120.1768886,31.8155564],[120.1747331,31.8167233],[120.1739928,31.8156931],[120.1741876,31.8170379],[120.1731882,31.8175256],[120.1716861,31.8175347],[120.169873,31.8166413],[120.1690007,31.8173059],[120.1665669,31.8181177],[120.1664524,31.8193204],[120.1669402,31.819709],[120.1665352,31.8214764],[120.1673141,31.8227632],[120.1680973,31.8233466],[120.1678184,31.8235517],[120.1687585,31.8244173],[120.1672567,31.8260219],[120.1667938,31.82558],[120.1659409,31.826503],[120.1664191,31.8268603],[120.1663003,31.8273075],[120.1656737,31.8272689],[120.1656659,31.8269547],[120.1653636,31.8274308],[120.1660591,31.8275932],[120.1659851,31.8278314],[120.1640225,31.8271509],[120.164913,31.8256277],[120.164294,31.82532],[120.1629872,31.8280224],[120.1609664,31.8274335],[120.1608929,31.8283282],[120.1601392,31.8281454],[120.1584591,31.8329633],[120.1587879,31.834985],[120.1630862,31.8362278],[120.1629008,31.8367045],[120.1644656,31.8371061],[120.1638557,31.8385872],[120.1657899,31.8394929],[120.1647247,31.8405878],[120.166488,31.8418823],[120.1671961,31.841659],[120.1678844,31.8408521],[120.1672708,31.8422173],[120.168808,31.8424968],[120.1671924,31.8425269],[120.1670904,31.8431443],[120.1694607,31.8441313],[120.1708258,31.8455695],[120.1718079,31.8473556],[120.1733185,31.8487129],[120.1735224,31.8501619],[120.1742825,31.8515699],[120.1761279,31.8532377],[120.1784555,31.852941],[120.1792494,31.8542481],[120.1792913,31.855145],[120.1784255,31.8550147],[120.1771541,31.8554384],[120.1772775,31.8565365],[120.1775672,31.8569238],[120.1786231,31.8566539],[120.1788324,31.8577116],[120.1781087,31.8580764],[120.1787406,31.8600902],[120.179272,31.8594995],[120.1806546,31.8631191],[120.1797255,31.8634998],[120.179824,31.8641821],[120.1793838,31.8641684],[120.1791711,31.864765],[120.1788785,31.8646507],[120.1781876,31.865576],[120.177646,31.8652801],[120.1773349,31.8654805],[120.1783538,31.8663769],[120.1765533,31.8673664],[120.1750781,31.8688211],[120.1743646,31.868633],[120.1737182,31.8690104],[120.1730557,31.8701455],[120.1727,31.8699361],[120.1725284,31.8702869],[120.1721062,31.8702047],[120.171405,31.8710778],[120.1698048,31.871052],[120.1696439,31.8715532],[120.1691879,31.8714484],[120.1690184,31.8718666],[120.1676167,31.8717487],[120.1676634,31.87091],[120.1668796,31.8708758],[120.1668793,31.8704335],[120.1655176,31.870269],[120.1635059,31.870392],[120.1633665,31.87113],[120.1615372,31.8711255],[120.1594429,31.8707079],[120.1595615,31.8694501],[120.1578679,31.869408],[120.1575251,31.8687112],[120.1566051,31.8690563],[120.1577928,31.8696358],[120.1573905,31.8699182],[120.1550167,31.870013],[120.154255,31.8697579],[120.1521334,31.8706745],[120.1507981,31.8708727],[120.1502762,31.8724845],[120.1478868,31.8719041],[120.1479657,31.8717123],[120.1473284,31.8715547],[120.1475725,31.87089],[120.1463022,31.870424],[120.1461026,31.8710267],[120.145416,31.8707898],[120.1462207,31.8676645],[120.1461091,31.8669616],[120.1467678,31.8660791],[120.144827,31.8663529],[120.1447401,31.8658513],[120.1444933,31.8662431],[120.144076,31.866244],[120.1443431,31.8657055],[120.1439247,31.865587],[120.1437128,31.8659242],[120.1426437,31.8649752],[120.1421866,31.8651588],[120.1413026,31.8634899],[120.1417467,31.8616415],[120.1403305,31.8608487],[120.1403949,31.8595912],[120.1393499,31.8595899],[120.1393499,31.8600546],[120.1385452,31.8601457],[120.138277,31.860902],[120.1349725,31.8601184],[120.1352129,31.8592677],[120.1337285,31.8594719],[120.1338718,31.8598646],[120.1333632,31.8605284],[120.13149,31.8601015],[120.1317217,31.8596719],[120.131078,31.8592071],[120.1307497,31.8597826],[120.1289,31.8593894],[120.1283743,31.8610023],[120.1258466,31.8608761],[120.1228296,31.861221],[120.1227953,31.8614943],[120.1217053,31.861924],[120.1201389,31.8621518],[120.1154782,31.8606833],[120.1120064,31.8583337],[120.1122167,31.8575851],[120.11153,31.8561544],[120.1047537,31.8568119],[120.1023354,31.85661],[120.0977649,31.8569563],[120.0955763,31.8567832],[120.0957983,31.8555388],[120.0949368,31.8553721],[120.0936534,31.8553834],[120.0936343,31.8555985],[120.0899061,31.8554363],[120.0894179,31.8564642],[120.0865887,31.8567932],[120.0857604,31.8567066],[120.0857969,31.8554617],[120.0835857,31.8545245],[120.0833186,31.8548995],[120.0814356,31.8539996],[120.0808761,31.8550927],[120.080249,31.8550804],[120.0772085,31.8522176],[120.0771591,31.8516539],[120.0763867,31.8507608],[120.0772235,31.8494211],[120.076569,31.8490475],[120.076701,31.8486205],[120.0754919,31.8481257],[120.0748117,31.8488292],[120.0735006,31.8474617],[120.0728247,31.8471883],[120.072402,31.8472052],[120.0719771,31.847726],[120.0712046,31.8472521],[120.0716724,31.8464852],[120.0689044,31.8447991],[120.0691576,31.8444915],[120.0680568,31.8438057],[120.0683894,31.8434776],[120.0671878,31.8430492],[120.0672199,31.8426756],[120.0662801,31.8424491],[120.0659861,31.8429307],[120.0642738,31.8423032],[120.0652566,31.8421652],[120.063651,31.8417031],[120.0632932,31.8421925],[120.0604865,31.8406627],[120.0602569,31.8400051],[120.0586766,31.8381949],[120.0582013,31.8385299],[120.0506589,31.8352577],[120.0514979,31.8336813],[120.0497749,31.8329502],[120.0446293,31.8290685],[120.0403791,31.8241369],[120.0398292,31.8243634],[120.0408914,31.8261045],[120.0400486,31.8267896],[120.0390557,31.8256811],[120.0384817,31.8260786],[120.0378766,31.8258402],[120.0366159,31.8241369],[120.0337631,31.8252777],[120.0335142,31.8248844],[120.0315509,31.8259965],[120.0312419,31.8250134],[120.0303567,31.825388],[120.0300054,31.8244286],[120.0294603,31.8242563],[120.0295896,31.8245576],[120.0282056,31.8250954],[120.028403,31.82543],[120.0280296,31.8255266],[120.0280919,31.8260407],[120.0270233,31.8263703],[120.0273087,31.8269856],[120.0266263,31.8274368],[120.0265083,31.8287221],[120.0259826,31.8287495],[120.0256843,31.827976],[120.0247659,31.8280371],[120.0246801,31.8283379],[120.02537,31.8289126],[120.0247874,31.8290033],[120.024811,31.8293237],[120.025341,31.8294965],[120.0256792,31.8290817],[120.0254351,31.8297916],[120.0259638,31.8301093],[120.0256511,31.83089],[120.0262251,31.8318471],[120.0262197,31.8332964],[120.0214464,31.8340744],[120.0203403,31.8339481],[120.0200292,31.8333016],[120.0202158,31.8316573],[120.0182808,31.8313705],[120.0186494,31.8294149],[120.0184306,31.8277953],[120.0175669,31.8269865],[120.0162526,31.8267151],[120.0159683,31.8261772],[120.0156156,31.8261324],[120.0155257,31.8249807],[120.0151757,31.824524],[120.0144387,31.8247208],[120.0145327,31.8241523],[120.0130812,31.8253767],[120.0105985,31.8267105],[120.0085654,31.8268609],[120.0067629,31.825922],[120.0048637,31.8289272],[120.0052126,31.8291398],[120.0050345,31.8294422],[120.0013135,31.8270569],[120.0013185,31.8273729],[119.9976005,31.8299511],[119.9984685,31.8317849],[119.9987163,31.8314232],[119.9987651,31.8319879],[119.9983499,31.831982],[119.9988665,31.83537],[119.9994126,31.8361464],[120.0010316,31.8354633],[120.0013202,31.8370125],[120.0002991,31.8374008],[120.001015,31.837692],[120.0009113,31.8386135],[120.0005853,31.8392137],[119.9998561,31.8390141],[119.9996572,31.8396241],[119.9988951,31.8395214],[119.9985715,31.8406611],[119.9958356,31.8397633],[119.9963361,31.842866],[119.9956747,31.8475968],[119.9926771,31.8479183],[119.9922592,31.849525],[119.992595,31.8498103],[119.9920537,31.850158],[119.9920752,31.851042],[119.9889896,31.8512803],[119.9888887,31.8515159],[119.9873267,31.8511367],[119.9876568,31.8519545],[119.9870466,31.8536344],[119.986452,31.8543233],[119.9861853,31.8558923],[119.9886551,31.8561476],[119.9887218,31.8569765],[119.9900994,31.857186],[119.9900087,31.8588315],[119.9916195,31.8590954],[119.992319,31.8588519],[119.993147,31.8593406],[119.9961642,31.8599407],[119.9969723,31.8569774],[119.9972168,31.8570592],[119.9966259,31.8591019],[120.0001433,31.8607241],[119.9992678,31.8613681],[119.9994995,31.8623233],[119.9989344,31.8645107],[120.0003509,31.864667],[120.0016571,31.8653059],[120.0024127,31.8649727],[120.0031522,31.8650585],[120.0038383,31.8659788],[120.0050356,31.8659545],[120.0051322,31.8664921],[120.004762,31.8665604],[120.004626,31.8671654],[120.0052164,31.8674962],[120.0032707,31.8669158],[120.0032439,31.8687427],[120.0042685,31.8689978],[120.0047663,31.8682112],[120.0041553,31.8693939],[120.0058027,31.869713],[120.005925,31.8703707],[120.0064794,31.8703877],[120.0072511,31.8713121],[120.0068971,31.8718952],[120.008383,31.8728701],[120.0081631,31.8730387],[120.0083111,31.8736607],[120.0052448,31.8760451],[120.0057813,31.8774253],[120.0072457,31.8785915],[120.0079147,31.8785321],[120.0079571,31.8782628],[120.0088191,31.8784016],[120.0095632,31.880113],[120.0093325,31.8807644],[120.0106404,31.8804473],[120.0107487,31.8807279],[120.0107219,31.88127],[120.0101112,31.8814246],[120.0099923,31.8821719],[120.0107798,31.8824197],[120.0107506,31.8829271],[120.0102069,31.8827823],[120.0098327,31.8833216],[120.0103217,31.8837254],[120.0099762,31.8844918],[120.0090498,31.8850001],[120.008147,31.8860983],[120.0063231,31.8853741],[120.0054369,31.884433],[120.0042272,31.8845396],[120.004939,31.8846407],[120.0042578,31.8862304],[120.0045474,31.8862988],[120.0041009,31.8873833],[120.0033903,31.8871696],[120.0027986,31.8886263],[120.002922,31.8890499],[120.002543,31.8890123],[120.0019055,31.8896757],[120.0019744,31.8901888],[120.0015348,31.8902293],[120.0014997,31.8899604],[119.999587,31.8904106],[119.9996108,31.8898281],[119.9981509,31.8902097],[119.9982496,31.8906941],[119.9995263,31.8909811],[119.9985876,31.8908809],[119.9984159,31.8912771],[119.9985734,31.8918362],[119.9980672,31.8924796],[119.9982603,31.8928622],[119.9974986,31.893937],[119.9979975,31.8948616],[119.9969997,31.8948844],[119.9967637,31.8953034],[119.9964753,31.8950445],[119.996297,31.8955174],[119.9959268,31.8954446],[119.9963613,31.894898],[119.9961682,31.8947477],[119.9939152,31.8967244],[119.9941888,31.8970022],[119.9945804,31.8967517],[119.9953196,31.8977828],[119.9980297,31.8975624],[119.9981925,31.8985003],[119.9985691,31.8985878],[119.9984653,31.8993028],[119.9991508,31.8994205],[119.9990811,31.8998259],[119.9985044,31.8999652],[119.9983086,31.900928],[119.9974932,31.9013333],[119.9976595,31.901816],[119.9984052,31.9019481],[119.9986131,31.9026791],[119.9993965,31.9026786],[119.9986359,31.9027724],[119.9989001,31.903318],[119.9983784,31.9035056],[119.998421,31.9041124],[119.9993823,31.9039968],[119.9995585,31.9035921],[119.9997463,31.9046214],[119.9994244,31.904166],[119.998314,31.9045166],[119.999977,31.9051177],[119.9997677,31.9056109],[119.9993869,31.9055094],[119.9991079,31.9059602],[119.9984481,31.9057325],[119.9981477,31.9061424],[119.9988416,31.9064637],[119.9987914,31.9069074],[119.9980243,31.9067617],[119.9976016,31.9073902],[119.9981745,31.9076862],[119.9978473,31.9088155],[119.9982968,31.9088629],[119.9984073,31.909275],[119.9988523,31.9094569],[119.9986254,31.9099599],[119.9993904,31.9099842],[119.9985339,31.9101718],[119.9983971,31.911198],[120.0002387,31.9115496],[119.9999019,31.9113565],[120.0002181,31.9113262],[120.0003997,31.9107481],[120.0003686,31.9114066],[120.001082,31.9117026],[120.0022201,31.911841],[120.0019983,31.9114494],[120.0023588,31.9115477],[120.0022837,31.9125177],[120.0028201,31.9121807],[120.0030025,31.9134421],[120.0040689,31.9136351],[120.004165,31.9140918],[120.0035422,31.9146528],[120.0050415,31.9159524],[120.0064845,31.9154984],[120.0089237,31.9153154],[120.0134416,31.9171486],[120.0147022,31.9189913],[120.014282,31.9231185],[120.0132003,31.9243017],[120.0123527,31.924675],[120.0108184,31.9268605],[120.0098475,31.9273249],[120.0094773,31.9271427],[120.0091877,31.9276162],[120.0098421,31.9279896],[120.0095256,31.9286634],[120.0057223,31.930571],[120.0055452,31.9312539],[120.0044455,31.9322191],[120.0033029,31.9354787],[120.0018116,31.9382011],[120.0024542,31.939168],[120.0027128,31.9403907],[120.0037481,31.9410599],[120.0034638,31.9420249],[120.0022193,31.942899],[120.0022354,31.9432813],[120.0028898,31.9436],[120.0031044,31.9440779],[120.0030776,31.9448928],[120.0023695,31.9459443],[120.0027235,31.9472143],[120.002686,31.9495994],[120.0031902,31.951229],[120.006087,31.9565133],[120.0065269,31.9568274],[120.0143275,31.973056],[120.0264233,31.9685938],[120.0517292,31.9616264],[120.06976806199005,31.957629909768915],[120.035937,31.936279],[120.191602,31.906348],[120.347461,31.9521],[120.36619464249513,31.960574668548166],[120.3667418,31.9586612],[120.367261,31.9584887],[120.3665867,31.957624],[120.3675485,31.9561825],[120.3676312,31.9539418],[120.36796,31.9532591],[120.3684589,31.9533501],[120.3686128,31.9529587],[120.3681408,31.9528221],[120.3682765,31.9523396],[120.3671124,31.9521439],[120.3677776,31.9511608],[120.3678251,31.9503993],[120.3678221,31.9499279],[120.3671151,31.9489097],[120.3687432,31.9484563],[120.3686405,31.9476559],[120.3691622,31.9473677],[120.3686403,31.9460987],[120.3686512,31.9466703],[120.3682051,31.9467728],[120.36807,31.9455927],[120.3672929,31.945765],[120.3668909,31.9442191],[120.3676633,31.943855],[120.3677347,31.9420114],[120.3681134,31.9412553],[120.3690264,31.9406698],[120.3695924,31.9405902],[120.3730294,31.9415789],[120.3731259,31.9413604],[120.3739628,31.94167],[120.3737766,31.9420004],[120.3749713,31.9423664],[120.376822,31.9383195],[120.3784689,31.9386245],[120.3784,31.9421022],[120.3787891,31.9428581],[120.3785424,31.9419431],[120.3786298,31.9386245],[120.3812181,31.9385735],[120.3836096,31.9369379],[120.3841176,31.9350736],[120.3854609,31.9340379],[120.3866604,31.9316045],[120.384579,31.9274797],[120.3824724,31.9258794],[120.381856,31.9259591],[120.3811548,31.9252488],[120.3808185,31.9241925],[120.3797724,31.9243427],[120.3797547,31.923546],[120.378596,31.9234048],[120.378324,31.9225579],[120.3774657,31.9225306],[120.378206,31.9223804],[120.3780059,31.9218522],[120.3772029,31.9218659],[120.3771224,31.9214925],[120.3763966,31.9216974],[120.3750249,31.9202905],[120.3758924,31.9199672],[120.3753827,31.918155],[120.3751306,31.9182233],[120.3744939,31.915473],[120.3753468,31.9152954],[120.3750904,31.9139742],[120.3759208,31.9139749],[120.3757599,31.9133192],[120.3763982,31.9134558],[120.3762427,31.9127728],[120.377735,31.9125528],[120.3782543,31.9136926],[120.3788068,31.9140478],[120.379693,31.9140382],[120.3805433,31.9134239],[120.3805092,31.9111831],[120.3827443,31.9103138],[120.3831735,31.9109285],[120.3846895,31.9104618],[120.3847984,31.9094923],[120.3862741,31.9067072],[120.3884735,31.9078638],[120.3884092,31.9084741],[120.3908714,31.9094531],[120.3910125,31.9098712],[120.3907105,31.910373],[120.391115,31.9105314],[120.3917297,31.9094349],[120.3928616,31.9091298],[120.3926846,31.9085925],[120.3933069,31.9083511],[120.3930386,31.9078229],[120.3965845,31.9069804],[120.3976842,31.9091025],[120.4166582,31.9017433],[120.4167655,31.9009645],[120.4173639,31.9005441],[120.4192637,31.8999626],[120.4190293,31.8993204],[120.4192599,31.899325],[120.4194943,31.8984414],[120.4198538,31.8983822],[120.4197266,31.8974194],[120.4206965,31.8974757],[120.4206844,31.8978958],[120.4231974,31.8976308],[120.4232425,31.8980518],[120.4238755,31.8979944],[120.4241933,31.8992696],[120.4330197,31.8972528],[120.4384914,31.8954629],[120.4382202,31.8944702],[120.4383546,31.891354],[120.4398596,31.8907894],[120.4410183,31.8929372],[120.442395,31.8912954],[120.4427078,31.8903025],[120.4434749,31.8902706],[120.4439269,31.8909796],[120.4442401,31.8909299],[120.4446765,31.8900065],[120.4450789,31.8900475],[120.4448375,31.8897013],[120.4457387,31.8895145],[120.446177,31.8908627],[120.4456797,31.8910176],[120.4465273,31.8924979],[120.4467005,31.8936397],[120.4536204,31.8927755],[120.4537523,31.8935538],[120.4562419,31.893062],[120.4561837,31.8925017],[120.4576262,31.8924068],[120.4579696,31.8927575],[120.4594129,31.8929114],[120.4593447,31.8923917],[120.4599008,31.8918056],[120.4599919,31.8909721],[120.4613905,31.8905394],[120.4618196,31.8901021],[120.46092,31.8884897],[120.4612043,31.8884761],[120.4613505,31.8889753],[120.4633393,31.8877427],[120.4622359,31.8863168],[120.4629461,31.8859162],[120.4623255,31.8829691],[120.46173,31.8818577],[120.4625438,31.8814978],[120.4618741,31.8815614],[120.4616316,31.8808988],[120.4622461,31.8788455],[120.4660028,31.8788692],[120.4658606,31.8777306],[120.4666706,31.8779812],[120.4670086,31.8777397],[120.4667297,31.8772113],[120.4676845,31.8768879],[120.4678632,31.8772699],[120.4693904,31.8769016],[120.4695513,31.8775439],[120.4701146,31.8774846],[120.4705008,31.8790335],[120.4716113,31.8795345],[120.4727201,31.8782071],[120.4733274,31.8783866],[120.4728022,31.8783638],[120.4721209,31.8793295],[120.4717558,31.8795951],[120.47295,31.8800386],[120.4737839,31.8778855],[120.4745939,31.8772888],[120.4752333,31.8772995],[120.4760316,31.8784048],[120.4756721,31.8785688],[120.4762569,31.8791246],[120.4794203,31.8775074],[120.4789391,31.8763321],[120.4793414,31.8762091],[120.479818,31.8773566],[120.4815338,31.8773981],[120.481455,31.876774],[120.482088,31.8766966],[120.4822328,31.8775758],[120.4825016,31.8776209],[120.4823744,31.8766733],[120.4832306,31.8768013],[120.4833594,31.8756762],[120.4854633,31.8752015],[120.4856899,31.8757522],[120.4861971,31.8760588],[120.4865941,31.8758948],[120.4859329,31.8748869],[120.4863795,31.8748425],[120.4863854,31.8744229],[120.4866692,31.8743323],[120.4872164,31.8744872],[120.4872056,31.8741455],[120.4867802,31.874264],[120.4864117,31.8737492],[120.4869256,31.8734811],[120.4868025,31.8730647],[120.4857127,31.8736353],[120.4855196,31.8728608],[120.4866638,31.8721638],[120.4864117,31.8709293],[120.4875956,31.8705967],[120.4870302,31.869742],[120.4871842,31.8693712],[120.4889689,31.8677493],[120.488867,31.866943],[120.4903706,31.8641912],[120.4910895,31.8618083],[120.4913593,31.8617532],[120.4914116,31.8611425],[120.4909125,31.8608046],[120.4909752,31.8605508],[120.4919596,31.8598667],[120.4922482,31.8586509],[120.4930582,31.8585826],[120.4936789,31.8578581],[120.492908,31.8568193],[120.4930046,31.8562953],[120.4943135,31.856031],[120.4948301,31.8565944],[120.4960553,31.855384],[120.4958263,31.8552473],[120.497949,31.8521443],[120.4978685,31.8506224],[120.4972838,31.8499298],[120.4969525,31.8488318],[120.4978309,31.8457876],[120.4971403,31.84556],[120.4974782,31.8450952],[120.4970598,31.8445164],[120.4964523,31.8446848],[120.4964378,31.8442749],[120.4960784,31.844357],[120.496132,31.8438967],[120.4969901,31.8432815],[120.4961656,31.8433729],[120.4960623,31.8431266],[120.4967326,31.8430172],[120.4972529,31.8424977],[120.4989253,31.842644],[120.4986466,31.8433549],[120.4993021,31.8433772],[120.4991374,31.8446315],[120.4998193,31.8449592],[120.5004018,31.8445347],[120.5005842,31.8450952],[120.5010563,31.8451635],[120.5014138,31.8450396],[120.5011904,31.8442977],[120.501523,31.8448445],[120.502612,31.8445483],[120.5016764,31.8450088],[120.5021775,31.8455099],[120.5032933,31.8453094],[120.5021238,31.8456283],[120.5024052,31.8461255],[120.5032557,31.8458607],[120.5024114,31.8463183],[120.5030822,31.8469863],[120.5043286,31.8472916],[120.506372,31.8464415],[120.5061794,31.8459289],[120.5072684,31.8456463],[120.5072255,31.8448808],[120.5102457,31.8444615],[120.5101759,31.8437917],[120.5117053,31.8434697],[120.5128364,31.8428367],[120.5120696,31.8405425],[120.5116729,31.8405625],[120.5112327,31.8392436],[120.5115653,31.8390841],[120.5111571,31.839091],[120.5106212,31.838314],[120.5106592,31.8380676],[120.5112094,31.8381098],[120.5116667,31.8390317],[120.5121031,31.8387574],[120.5113612,31.8377311],[120.5127031,31.8376595],[120.5124872,31.8345737],[120.514075,31.8344753],[120.5148644,31.8338021],[120.5173213,31.8350235],[120.5192364,31.8349005],[120.5193169,31.8358484],[120.5205453,31.8356661],[120.5222405,31.8349142],[120.5235923,31.8354428],[120.5245686,31.8349187],[120.5237795,31.8333031],[120.5245526,31.8331322],[120.5250201,31.8336039],[120.525928,31.8335009],[120.5259902,31.8329636],[120.5267573,31.8327949],[120.5267842,31.8322207],[120.5263655,31.8317918],[120.5251797,31.8322047],[120.5259063,31.8329738],[120.5250509,31.8331026],[120.5245365,31.8324622],[120.5245579,31.8320657],[120.5263067,31.8316783],[120.5270309,31.8317011],[120.5270255,31.8309536],[120.5261238,31.8311975],[120.5262,31.8316074],[120.5253733,31.8317923],[120.5251534,31.8305799],[120.5263014,31.8302107],[120.5264247,31.8307075],[120.5270365,31.8306273],[120.5272181,31.8310177],[120.5274995,31.830971],[120.5268271,31.8302654],[120.5264945,31.8292081],[120.5243447,31.8287122],[120.523058,31.8247954],[120.5243098,31.8245317],[120.5240633,31.8240711],[120.525148,31.8237249],[120.5250354,31.8226401],[120.5266822,31.8222891],[120.5263531,31.8217025],[120.5271007,31.8215234],[120.5267568,31.8207781],[120.5272562,31.820908],[120.5264564,31.8194882],[120.5260001,31.8177159],[120.5250463,31.8179058],[120.525637,31.8176879],[120.5249965,31.8163434],[120.5235934,31.8163767],[120.5235733,31.8159774],[120.5249957,31.8159393],[120.5248471,31.8154996],[120.5243863,31.8156569],[120.524161,31.8152375],[120.5246816,31.8148795],[120.5230773,31.8143623],[120.5226222,31.8144166],[120.5227769,31.8149914],[120.5225457,31.815021],[120.5224604,31.8145674],[120.5216826,31.8147954],[120.5219347,31.8144398],[120.5214787,31.8138016],[120.5189357,31.813503],[120.5185358,31.8122011],[120.5171293,31.8124336],[120.5168063,31.8087096],[120.5172478,31.807419],[120.5175842,31.8072463],[120.5173583,31.806314],[120.5190648,31.8025232],[120.5188126,31.8005582],[120.5208189,31.7998105],[120.5225141,31.7976312],[120.5253358,31.7968698],[120.5259366,31.7958622],[120.5263925,31.7956752],[120.5266554,31.7947634],[120.5274654,31.7947542],[120.5274815,31.7944077],[120.5288339,31.7944187],[120.5294932,31.7902768],[120.5337311,31.7895837],[120.5343748,31.7899576],[120.5375237,31.789643],[120.5384874,31.7935724],[120.5397821,31.7934594],[120.5411141,31.7928611],[120.5422951,31.7942294],[120.5446638,31.794157],[120.5511349,31.7960705],[120.5514063,31.7952307],[120.550894,31.7942506],[120.5520074,31.7934502],[120.5514519,31.790613],[120.5526672,31.7904774],[120.5540405,31.791558],[120.5555694,31.7885851],[120.566564,31.7959041],[120.5678053,31.7947223],[120.5685885,31.7946403],[120.5698223,31.7938196],[120.5720918,31.7914714],[120.5731397,31.7908171],[120.5748598,31.7880835],[120.5763347,31.7866586],[120.5779551,31.7864557],[120.5779873,31.7860043],[120.5792938,31.7857735],[120.57996,31.7849548],[120.5803704,31.7853132],[120.5805316,31.7846694],[120.5801598,31.7845223],[120.5809109,31.7823061],[120.5825846,31.779716],[120.5827184,31.7773697],[120.5842687,31.7753723],[120.5841775,31.7726816],[120.5847732,31.7711014],[120.5847891,31.7701961],[120.5845426,31.7686523],[120.5836035,31.7682806],[120.5824555,31.7667801],[120.5804549,31.7665498],[120.5804978,31.7661895],[120.5793549,31.7662237],[120.5794088,31.7659523],[120.5801639,31.7661523],[120.5794906,31.7648301],[120.5824011,31.7638924],[120.5830727,31.7640368],[120.5832063,31.7648942],[120.5844353,31.7641417],[120.5851112,31.7632796],[120.5870156,31.7638452],[120.5891182,31.7639205],[120.5904381,31.7630835],[120.5915485,31.7634119],[120.591924,31.7630972],[120.5920152,31.7627323],[120.5912854,31.7626023],[120.5916215,31.760236],[120.5916075,31.7598087],[120.5912159,31.7596718],[120.5912749,31.7588736],[120.5921161,31.7586581],[120.5921064,31.7578884],[120.5917899,31.7578656],[120.5918275,31.757227],[120.5913822,31.7572224],[120.5912323,31.7558363],[120.5943621,31.755132],[120.5939679,31.7536235],[120.5940215,31.7516575],[120.5955726,31.7521527],[120.595899,31.7514614],[120.5945469,31.750451],[120.5955986,31.7473787],[120.5955718,31.7466214],[120.5939088,31.7448012],[120.5921279,31.7442903],[120.5922888,31.7433505],[120.5913766,31.7430152],[120.5900945,31.7431338],[120.5894883,31.742413],[120.5908726,31.7415257],[120.5909235,31.7408186],[120.590706,31.7405015],[120.5898321,31.7405131],[120.5896872,31.7401937],[120.5880028,31.7402074],[120.587493,31.7388295],[120.5868117,31.7381132],[120.5855632,31.7381183],[120.5851217,31.7377551],[120.5820586,31.7391648],[120.5818893,31.7389014],[120.5825363,31.7385831],[120.5811319,31.737092],[120.5808435,31.7368862],[120.5796768,31.7372213],[120.5791315,31.735849],[120.5799345,31.7347691],[120.5789153,31.7339661],[120.5792586,31.7337608],[120.5797197,31.7341691],[120.5800365,31.7338885],[120.5793643,31.732642],[120.5803902,31.7322529],[120.580133,31.7316118],[120.579293,31.7319825],[120.5785076,31.7302704],[120.5767655,31.7296479],[120.5758877,31.7288805],[120.5759285,31.7276986],[120.5777327,31.7267263],[120.5776815,31.7263328],[120.5764101,31.7259997],[120.5768173,31.7246021],[120.5767427,31.7232848],[120.5774079,31.7232757],[120.577336,31.7216955],[120.5784057,31.7212497],[120.5782405,31.7206428],[120.5798144,31.7202244],[120.5795963,31.7159769],[120.5791564,31.7159861],[120.5789475,31.7172843],[120.5780822,31.7172565],[120.5779569,31.715992],[120.5784003,31.715961],[120.578926,31.7144231],[120.5793013,31.7146038],[120.5795966,31.7156826],[120.5820213,31.7156461],[120.5836242,31.7174723],[120.5861991,31.7168613],[120.5876754,31.7174942],[120.588689,31.7155389],[120.5882279,31.7143912],[120.5885015,31.7142862],[120.5883382,31.7136832],[120.5895765,31.7133176],[120.5916987,31.714309],[120.5951311,31.7133188],[120.5959527,31.7124791],[120.5955665,31.7117946],[120.5968067,31.7111604],[120.5970143,31.7098585],[120.5967305,31.7091431],[120.5939198,31.7086443],[120.5938198,31.7081247],[120.5917953,31.7076341],[120.5909753,31.707023],[120.5891664,31.7035182],[120.5877988,31.7021924],[120.5873535,31.7025],[120.5855339,31.701058],[120.5841936,31.7014234],[120.5838685,31.7011278],[120.5852893,31.7005824],[120.5850313,31.6998887],[120.5841984,31.7000427],[120.5848213,31.6995548],[120.584049,31.698071],[120.5828415,31.6984775],[120.5813829,31.695652],[120.5808183,31.6957446],[120.5806606,31.6949691],[120.573902,31.69595],[120.573685,31.6948532],[120.5743124,31.6947094],[120.5740428,31.6937828],[120.5745859,31.6936434],[120.5742643,31.6920461],[120.5732719,31.6923975],[120.571389,31.6939495],[120.571094,31.6933789],[120.5716723,31.6932801],[120.5716202,31.6926846],[120.5719885,31.6926294],[120.5721097,31.6919386],[120.5726899,31.6920796],[120.5726258,31.6915933],[120.5680577,31.6918544],[120.5661638,31.6913089],[120.5659173,31.6910921],[120.5663194,31.6904827],[120.5649407,31.6889148],[120.5640237,31.6892663],[120.563557,31.6879562],[120.5638088,31.6878717],[120.5637715,31.6873217],[120.5619047,31.6875271],[120.5618401,31.6851785],[120.5603115,31.6836059],[120.5592609,31.6832919],[120.5585788,31.6824875],[120.5593894,31.6825076],[120.5600148,31.6809388],[120.5595817,31.6806024],[120.5607938,31.6811669],[120.5623661,31.6808167],[120.5620595,31.6799943],[120.5627416,31.6795933],[120.5621461,31.6782648],[120.5631064,31.6777216],[120.562865,31.6766077],[120.5636213,31.6764022],[120.5634317,31.6753075],[120.5651985,31.6752518],[120.5649295,31.6743134],[120.5637608,31.6746745],[120.5628435,31.6742291],[120.5626439,31.6739388],[120.5637445,31.6723559],[120.5628003,31.6721952],[120.5629132,31.6716679],[120.5623071,31.6716131],[120.5630956,31.6706133],[120.5645252,31.6707272],[120.5643885,31.6700928],[120.5641189,31.6704738],[120.5634143,31.6704316],[120.5634532,31.6698933],[120.564279,31.6699408],[120.5638198,31.6678785],[120.5649531,31.6653525],[120.5643399,31.6651253],[120.5648978,31.6619931],[120.564764,31.6616781],[120.5640934,31.661774],[120.5621029,31.6628629],[120.5605207,31.6630981],[120.5600916,31.6622853],[120.5594746,31.662436],[120.5586826,31.6612276],[120.5581121,31.6616826],[120.5575488,31.6610206],[120.5569748,31.6614315],[120.5564488,31.6610228],[120.5551456,31.6616598],[120.553558,31.6607295],[120.5530534,31.66129],[120.5522555,31.6607146],[120.5532224,31.6599911],[120.552708,31.6594781],[120.5530159,31.6591307],[120.5520447,31.6585231],[120.5550324,31.6554672],[120.5554913,31.6558713],[120.5560843,31.655304],[120.5567388,31.6555916],[120.5571358,31.6554044],[120.5574898,31.6561031],[120.559646,31.6561005],[120.5596514,31.6567293],[120.5588478,31.6567232],[120.5588846,31.6578492],[120.5593333,31.6578307],[120.5593601,31.6585343],[120.5596538,31.658514],[120.5596128,31.6578158],[120.560149,31.6577448],[120.5602257,31.6585186],[120.5611862,31.6586307],[120.5615437,31.6595679],[120.5622373,31.6593859],[120.5618328,31.6582186],[120.5636804,31.6578017],[120.5650161,31.6582126],[120.5649729,31.6572754],[120.5659549,31.6574501],[120.566259,31.6570665],[120.5672702,31.6576359],[120.5703797,31.6552462],[120.57109,31.6561259],[120.5721746,31.6559088],[120.5721026,31.6554911],[120.5727207,31.6554948],[120.5726282,31.6564958],[120.5737011,31.6558336],[120.5751334,31.6563542],[120.575305,31.654756],[120.5773496,31.6533473],[120.5782363,31.6540681],[120.5789495,31.6525416],[120.5810553,31.6522176],[120.5815559,31.6530297],[120.579938,31.6532687],[120.5802422,31.6537066],[120.5818014,31.6534934],[120.582328,31.654333],[120.5853873,31.653732],[120.5857626,31.6549586],[120.5883265,31.6541145],[120.5890059,31.6500113],[120.5929348,31.6470311],[120.5924391,31.6459698],[120.5919241,31.6461844],[120.5917426,31.6447635],[120.5902826,31.6450519],[120.5906581,31.6441431],[120.5895179,31.6429913],[120.5887916,31.6431075],[120.5881315,31.6437457],[120.5877831,31.6436229],[120.5870339,31.6408978],[120.587815,31.6412157],[120.588271,31.6407544],[120.5868475,31.6397807],[120.5858495,31.6403518],[120.5846709,31.6393667],[120.58649,31.6372606],[120.5910087,31.6341562],[120.5901078,31.632714],[120.5902537,31.6323722],[120.5898181,31.6315167],[120.5894412,31.6316912],[120.5888329,31.6304595],[120.5882785,31.630859],[120.5885467,31.6312837],[120.5879566,31.6316035],[120.5874089,31.6312972],[120.5859348,31.631962],[120.5850148,31.6307064],[120.5853568,31.6305189],[120.5845234,31.6287716],[120.5856982,31.6287716],[120.5865544,31.6284089],[120.5932331,31.623896],[120.5930134,31.6227374],[120.5941236,31.6221967],[120.5935563,31.6206685],[120.5932618,31.6207878],[120.5929925,31.6202606],[120.5947421,31.6190556],[120.5949389,31.6181495],[120.5923426,31.6155913],[120.588845,31.6139421],[120.5866885,31.613668],[120.5836254,31.6149746],[120.5805344,31.6155986],[120.5733364,31.6161669],[120.5696959,31.6184994],[120.5686308,31.6171892],[120.5690256,31.6168768],[120.5690234,31.6162994],[120.5688357,31.6150248],[120.568192,31.6141294],[120.5688679,31.6136863],[120.5691415,31.6139147],[120.5696296,31.6136589],[120.568149,31.6123934],[120.5690216,31.6117075],[120.5675214,31.6117904],[120.5674839,31.6114341],[120.5669313,31.6112614],[120.567339,31.6105387],[120.5668884,31.6104199],[120.5668187,31.6108173],[120.5659848,31.6103004],[120.5641577,31.6119183],[120.5622482,31.6118133],[120.5617032,31.6115136],[120.5620604,31.6109041],[120.5612118,31.6104694],[120.5613856,31.6102353],[120.5610734,31.6100818],[120.5613435,31.609738],[120.5593085,31.6087524],[120.5600777,31.6080232],[120.5611163,31.6077792],[120.5617514,31.6072054],[120.5620497,31.6073681],[120.563173,31.6061044],[120.5634364,31.6049645],[120.5612365,31.6046012],[120.560671,31.6054081],[120.5585736,31.6044258],[120.5538604,31.6036327],[120.5541211,31.6024795],[120.5524246,31.6033147],[120.5524882,31.6037505],[120.549542,31.6067394],[120.5491719,31.6062825],[120.5444212,31.6073873],[120.5438375,31.6066828],[120.543889,31.6073327],[120.5414954,31.6080369],[120.5412578,31.607557],[120.5404847,31.6073178],[120.5392992,31.6075737],[120.5385696,31.6064726],[120.5390897,31.6055175],[120.5387091,31.60364],[120.5386093,31.5980037],[120.539605,31.5978648],[120.5395674,31.5968093],[120.5399268,31.5965123],[120.5410877,31.5883715],[120.5421397,31.5880397],[120.5434513,31.5858518],[120.543065,31.5840787],[120.5421016,31.5827873],[120.5411746,31.5792318],[120.5413463,31.5788662],[120.5456593,31.5767165],[120.5480132,31.5770748],[120.5534889,31.5789206],[120.5548136,31.5764345],[120.5554944,31.5766068],[120.5556231,31.5763783],[120.5653813,31.579706],[120.5642405,31.5818322],[120.5656377,31.582296],[120.5632291,31.5861058],[120.5647716,31.5873113],[120.56625,31.5877208],[120.5694016,31.5879223],[120.5782256,31.5873552],[120.5783275,31.5857439],[120.5803231,31.5858225],[120.5909661,31.5774897],[120.5934391,31.5665263],[120.595433,31.5505893],[120.5984226,31.5484933],[120.5994424,31.5482834],[120.5986297,31.5468183],[120.5972403,31.5426671],[120.5971384,31.5408109],[120.5972618,31.5401664],[120.5982006,31.5392702],[120.6001586,31.5381844],[120.6002283,31.5374506],[120.5984889,31.5339443],[120.5969654,31.5348448],[120.5963114,31.5337393],[120.5986855,31.5317919],[120.5998313,31.5312871],[120.5994955,31.5307403],[120.5998364,31.5306248],[120.5990502,31.5291125],[120.6005139,31.5282741],[120.5997532,31.525972],[120.597074,31.5204911],[120.5941612,31.5210559],[120.5933699,31.5181521],[120.590553,31.5182567],[120.5888879,31.5228141],[120.5884501,31.5265107],[120.587645,31.5294982],[120.587713,31.5325811],[120.5872056,31.5330219],[120.5701508,31.5198209],[120.5634363,31.5129361],[120.5617955,31.512452],[120.5502998,31.5119218],[120.5499261,31.5101649],[120.5471823,31.506234],[120.5449479,31.5022937],[120.5437981,31.5019998],[120.5429846,31.5003681],[120.5395513,31.5002446],[120.5397557,31.4995505],[120.540621,31.4996381],[120.5408839,31.4980144],[120.5424026,31.4979051],[120.5425099,31.496805],[120.544162,31.4961578],[120.5432742,31.4933927],[120.5418031,31.4929878],[120.5415523,31.4924115],[120.5400878,31.4915035],[120.5391678,31.4914509],[120.5390331,31.4907185],[120.5391294,31.489802],[120.5398678,31.4896188],[120.5408683,31.4901838],[120.5419331,31.4902227],[120.541847,31.4886571],[120.5425554,31.4883654],[120.5431155,31.4876491],[120.5435317,31.4883249],[120.548518,31.486753],[120.5487749,31.4860114],[120.5487052,31.4832519],[120.5500302,31.4799581],[120.5430015,31.475904],[120.5410301,31.4742661],[120.5390826,31.4720494],[120.5380983,31.4714702],[120.526969,31.4690349],[120.5252238,31.4691718],[120.5218505,31.4702908],[120.5189651,31.4699291],[120.512728,31.4672627],[120.5117636,31.4665748],[120.5113151,31.4658504],[120.5102524,31.4616902],[120.5094721,31.4607711],[120.5072644,31.4600303],[120.4990551,31.4601409],[120.4972145,31.4596467],[120.4960166,31.4587212],[120.4913528,31.4528735],[120.4896216,31.4529048],[120.4769021,31.4511417],[120.4682448,31.448321],[120.4551612,31.4474175],[120.4359698,31.4501745],[120.4296009,31.4507528],[120.42692,31.4504089],[120.4328048,31.4448124],[120.430026,31.4443259],[120.4283094,31.4463211],[120.4273706,31.4471038],[120.426453,31.4471858],[120.4258546,31.4481532],[120.4247123,31.4479021],[120.4246267,31.4481527],[120.423232,31.4481535],[120.4232661,31.4472709],[120.4217487,31.4472732],[120.4202762,31.4478771],[120.4195064,31.450012],[120.4187393,31.4506664],[120.4140884,31.450179],[120.2827995,31.3835351],[120.232036,31.356862],[120.2307287,31.353869],[119.9162087,31.1737709],[119.9144948,31.1732132],[119.9138966,31.1727497],[119.9142976,31.171367],[119.9138175,31.171351],[119.913682,31.1723366],[119.9129632,31.1725799],[119.9121961,31.1717721],[119.9110749,31.1712488],[119.910214,31.1714278],[119.9081191,31.170822],[119.903892,31.171258],[119.9011454,31.1708679],[119.8984149,31.1716114],[119.8958802,31.1704823],[119.8922244,31.1696194],[119.8909557,31.1682148],[119.8891264,31.1679532],[119.8887938,31.1669434],[119.8864442,31.1657958],[119.8847276,31.1651899],[119.8819166,31.1656214],[119.8788482,31.1632345],[119.8761231,31.1647034],[119.8737091,31.1646575],[119.872883,31.1636843],[119.8685807,31.1641434],[119.8646325,31.1651532],[119.8630983,31.169725],[119.8630446,31.1708541],[119.8618215,31.1714049],[119.8586029,31.1695505],[119.8564893,31.1688712],[119.8565429,31.1696423],[119.856028,31.1705328],[119.8545581,31.1710561],[119.8523158,31.1725156],[119.8514789,31.1739018],[119.8509532,31.1736172],[119.8508888,31.172378],[119.8502022,31.1717629],[119.8499876,31.1703125],[119.8495048,31.1695873],[119.8482388,31.1697892],[119.8458248,31.169064],[119.8433143,31.1701105],[119.8424131,31.1697066],[119.8407501,31.1697892],[119.8395914,31.1704594],[119.8384112,31.1704043],[119.8364156,31.1713406],[119.8363835,31.1732041],[119.8337871,31.1758845],[119.8330146,31.1758295],[119.8317701,31.1749758],[119.8271245,31.1741129],[119.8255473,31.1742231],[119.8248392,31.1748748],[119.8236483,31.1769126],[119.8218567,31.1775965],[119.8214382,31.1757836],[119.8223823,31.1741221],[119.821642,31.1724789],[119.8217171,31.1714875],[119.8176938,31.1717354],[119.8152047,31.1729012],[119.8151833,31.1717078],[119.8145288,31.1711846],[119.8141104,31.1701748],[119.8159343,31.1698168],[119.8159558,31.169523],[119.8132521,31.1690365],[119.8106343,31.1680358],[119.80896991677213,31.166997618017874],[119.78869282006544,31.16979442249213],[119.7885355,31.1702505],[119.7878382,31.1709207],[119.7878918,31.1715357],[119.7869262,31.1721324],[119.7858748,31.1737205],[119.7838685,31.1750423],[119.7830531,31.1763275],[119.7829673,31.1787232],[119.7797272,31.1785764],[119.7794268,31.1791363],[119.7771737,31.1800175],[119.7754571,31.182404],[119.7732255,31.1816054],[119.7709081,31.1800634],[119.7698888,31.1799257],[119.7684619,31.1790353],[119.7670028,31.179274],[119.7657582,31.1784295],[119.7605762,31.1825784],[119.7591278,31.1804856],[119.7593102,31.1795769],[119.7590473,31.1781679],[119.7608283,31.1757813],[119.759101,31.1755793],[119.75641773277995,31.17424610065064],[119.75218566110522,31.174829827067025],[119.7524384,31.1755702],[119.7521272,31.1757078],[119.75107979918012,31.174982357758413],[119.740113,31.176495],[119.73573335109059,31.174763647525275],[119.7332713,31.1747669],[119.73172960270382,31.173180895158367],[119.72980742939576,31.17242102614087],[119.7277889,31.1726006],[119.72545,31.1718019],[119.7242591,31.1735461],[119.7224566,31.1731605],[119.7209975,31.1722701],[119.7180793,31.1718478],[119.717575,31.1730871],[119.7166845,31.1736654],[119.709861,31.1723068],[119.7080049,31.1679188],[119.7088417,31.165789],[119.7080263,31.1650453],[119.7080693,31.1645404],[119.70725925514718,31.1635073350909],[119.69210084702912,31.157514948954265],[119.6916702,31.1577696],[119.6891195,31.1585018],[119.6861154,31.1607052],[119.6828485,31.1605399],[119.6812659,31.1613662],[119.6806169,31.1611918],[119.6790343,31.1623118],[119.6768403,31.1627066],[119.6772265,31.163845],[119.6770549,31.1662319],[119.6753168,31.1669663],[119.6738791,31.166085],[119.6731925,31.1675355],[119.6721411,31.1675171],[119.6719479,31.1663053],[119.6703815,31.165883],[119.6690726,31.168986],[119.6678805,31.1687273],[119.6695876,31.1650752],[119.6684932,31.1656994],[119.6649956,31.1660116],[119.6633649,31.1674069],[119.6629143,31.1669847],[119.6629143,31.1661034],[119.661026,31.1641938],[119.6603394,31.1639001],[119.6586227,31.1639001],[119.6579817,31.1626492],[119.6586469,31.1614098],[119.6581828,31.1610265],[119.6580112,31.1598605],[119.6577966,31.1597504],[119.657464,31.1617701],[119.6565628,31.1618436],[119.6556455,31.161008],[119.6550179,31.159934],[119.6550179,31.1593464],[119.6564314,31.1583663],[119.6555248,31.157384],[119.653599,31.1583388],[119.6522096,31.1552217],[119.649058,31.1565048],[119.6475238,31.1566425],[119.6456462,31.1561835],[119.6456784,31.1541727],[119.6439403,31.1531995],[119.6436721,31.1527037],[119.6426099,31.1536219],[119.6415049,31.1521252],[119.6441334,31.149738],[119.643994,31.1494533],[119.6425563,31.149233],[119.6404856,31.1495727],[119.6427816,31.1499124],[119.6419769,31.1503715],[119.6410006,31.1518406],[119.6397453,31.1505735],[119.6381253,31.1507663],[119.6368807,31.1506103],[119.6365052,31.1501971],[119.636237,31.1468089],[119.6385974,31.1453581],[119.6378463,31.1450459],[119.636988,31.1429339],[119.6390051,31.1421258],[119.6387798,31.1413912],[119.6361083,31.139068],[119.6351856,31.138618],[119.633351,31.1364049],[119.638297,31.136414],[119.6390587,31.1384068],[119.6416551,31.1376538],[119.6417087,31.1395547],[119.644466,31.1394077],[119.6442836,31.1402526],[119.6434253,31.1406382],[119.6432429,31.1411892],[119.6437794,31.1438246],[119.6462792,31.1437695],[119.6469873,31.1435675],[119.6465045,31.1417494],[119.6466976,31.1402434],[119.64619013592082,31.139365634948078],[119.63714820597114,31.135791200531422],[119.6368807,31.135909],[119.63688969011395,31.13568900465263],[119.63562172843632,31.13518775703351],[119.6353948,31.1353993],[119.63524335400766,31.135038178947],[119.63288584959153,31.134106215862868],[119.6326375,31.1354728],[119.629097,31.1351606],[119.6274564469444,31.133398487323642],[119.53567530726049,31.153843717287717],[119.528321,31.1605399]]],[[[119.8180801,31.1676044],[119.8184288,31.1689079],[119.8194909,31.1687748],[119.8194855,31.1679303],[119.8206979,31.1673473],[119.82050033939277,31.16540723562527],[119.81819623447733,31.165725039057875],[119.8180801,31.1676044]]]]}},{"type":"Feature","properties":{"city_name":"泰州市","region":"苏中","osm_type":"relation","osm_id":4430874,"display_name":"泰州市, 江苏省, 225300, 中国"},"geometry":{"type":"Polygon","coordinates":[[[120.0517292,31.9616264],[120.0264233,31.9685938],[120.0143275,31.973056],[120.0041657,31.9811919],[119.9929817,31.993523],[119.9790655,32.0061444],[119.9672069,32.0141951],[119.9648153,32.0164068],[119.9486986,32.0484582],[119.9228139,32.0872084],[119.8962416,32.1560461],[119.8808597,32.2319524],[119.8738534,32.2526028],[119.8579905,32.2729264],[119.8524168,32.2789892],[119.8329064,32.2950573],[119.8241105,32.3041483],[119.8281172,32.3107596],[119.8312322,32.310622],[119.8352544,32.3063415],[119.8364187,32.3074895],[119.8365743,32.3090797],[119.8298551,32.3160291],[119.8324265,32.3176781],[119.8341813,32.3194917],[119.835182,32.3216521],[119.8351428,32.3220095],[119.8340017,32.322623],[119.8357052,32.3235574],[119.8354251,32.3247474],[119.8363868,32.3244602],[119.8371564,32.3246706],[119.8375551,32.3232022],[119.8393135,32.323325],[119.8441021,32.3294804],[119.8447132,32.3330491],[119.8424184,32.3332922],[119.8425391,32.3341081],[119.8420015,32.3357529],[119.8378625,32.33704],[119.8374355,32.3364741],[119.8363622,32.3369313],[119.8356034,32.3361022],[119.835175,32.3363482],[119.8362428,32.3381998],[119.8378565,32.3400954],[119.8377495,32.3415942],[119.8382963,32.3432665],[119.8381147,32.3440827],[119.8373726,32.344741],[119.8381113,32.3464838],[119.8378414,32.3477414],[119.8397111,32.3506747],[119.8395762,32.3509208],[119.8406367,32.3521295],[119.8391612,32.3525268],[119.839124,32.3536342],[119.8372377,32.3535451],[119.8374067,32.3544164],[119.8361802,32.3544213],[119.8361119,32.3547103],[119.8334582,32.3553361],[119.8334757,32.3560127],[119.8328208,32.3559635],[119.8327181,32.3564218],[119.8332041,32.3581144],[119.8354834,32.3581201],[119.8353535,32.3595357],[119.8388844,32.3596127],[119.8390518,32.3616752],[119.8416342,32.3616323],[119.8416551,32.3622854],[119.8408157,32.3624463],[119.8413814,32.3643214],[119.8408439,32.3644892],[119.8414054,32.365693],[119.8489492,32.3636526],[119.8513074,32.3824085],[119.8496934,32.3847721],[119.8473089,32.3867552],[119.8470441,32.3873438],[119.8464588,32.3871958],[119.8456517,32.388921],[119.8462805,32.3901861],[119.8449499,32.3932365],[119.8412412,32.3920528],[119.8400768,32.3941139],[119.8406624,32.3944891],[119.8396588,32.3981273],[119.8427061,32.3984265],[119.8422041,32.4003698],[119.8439697,32.4018233],[119.84478,32.4020581],[119.8443119,32.4035591],[119.8468017,32.4039598],[119.8476157,32.4035464],[119.8511176,32.4039189],[119.8509833,32.4049858],[119.8489805,32.4046183],[119.8486205,32.4059533],[119.8493301,32.4062716],[119.8469558,32.4132359],[119.848177,32.4137061],[119.8481107,32.4146472],[119.8493121,32.4147059],[119.8490544,32.4181157],[119.8527828,32.4192281],[119.8580577,32.419027],[119.8588201,32.4249447],[119.8624809,32.4249461],[119.8609503,32.429933],[119.8579017,32.4300768],[119.8584725,32.435321],[119.8643518,32.4350609],[119.8652655,32.4395644],[119.8591923,32.4403504],[119.8597644,32.4442499],[119.8556535,32.4442234],[119.8556755,32.4451198],[119.8553043,32.445102],[119.855331,32.4464909],[119.8562787,32.4466239],[119.8562005,32.4474789],[119.855924,32.4476171],[119.8562151,32.4522169],[119.857479,32.4523546],[119.8561856,32.4563417],[119.8541136,32.4561358],[119.8534039,32.4591156],[119.8507548,32.4588344],[119.8493803,32.4683867],[119.8442975,32.4669801],[119.8384949,32.465929],[119.837541,32.4682324],[119.8368327,32.4679576],[119.8369277,32.4673676],[119.8338392,32.4669992],[119.8342159,32.4659453],[119.8357133,32.4662624],[119.8359498,32.4654193],[119.8286926,32.4645044],[119.8226371,32.4629823],[119.8190307,32.4655333],[119.8097995,32.4746078],[119.8145518,32.4749598],[119.8164089,32.4755233],[119.8167901,32.4763999],[119.8160968,32.4770917],[119.8156323,32.4787641],[119.8156975,32.4842661],[119.8153957,32.4875212],[119.8182276,32.4992983],[119.8188098,32.5165742],[119.8185659,32.5178171],[119.8191637,32.5219014],[119.820088,32.5252314],[119.8198865,32.5310778],[119.8168259,32.5309393],[119.8171238,32.5335671],[119.8158963,32.5353867],[119.8176806,32.5372756],[119.817557,32.5390719],[119.8186662,32.5397906],[119.8229552,32.5396419],[119.8263544,32.5404835],[119.8299527,32.5405094],[119.8297116,32.5414282],[119.8342256,32.5420521],[119.8334823,32.5457979],[119.8313869,32.5454912],[119.8311151,32.5467648],[119.83312,32.5471062],[119.8327606,32.5543441],[119.8342268,32.554421],[119.8330898,32.557612],[119.8328309,32.5615704],[119.8256136,32.5615722],[119.8164449,32.5630542],[119.8177109,32.5661348],[119.8152541,32.5668528],[119.8147738,32.5660469],[119.8129399,32.5663977],[119.8113012,32.567146],[119.8134032,32.5702438],[119.8113807,32.5708745],[119.8118493,32.5721218],[119.8135797,32.5715943],[119.8139245,32.5723583],[119.8128545,32.5727798],[119.8136163,32.5756858],[119.8133237,32.5765047],[119.8115814,32.576708],[119.8120014,32.5798606],[119.8100548,32.5801512],[119.8077481,32.580986],[119.8087042,32.583568],[119.8107835,32.583135],[119.811055,32.5838207],[119.8129267,32.5837565],[119.8135732,32.5857692],[119.8153219,32.5854675],[119.8170096,32.5878088],[119.8168953,32.5880351],[119.8156639,32.5877654],[119.8154727,32.5892565],[119.8142084,32.589291],[119.8143101,32.5911615],[119.8139772,32.5913021],[119.8152079,32.5961288],[119.8134542,32.5964921],[119.8138891,32.5979581],[119.8128491,32.5982508],[119.8131511,32.5992158],[119.8111371,32.599754],[119.8120226,32.6013158],[119.8101722,32.6025071],[119.8101092,32.6049031],[119.8093267,32.6050798],[119.8087695,32.6064224],[119.8106216,32.6067532],[119.8105928,32.6076282],[119.8128744,32.6075414],[119.813071,32.6072179],[119.8161841,32.6072007],[119.8160357,32.6092261],[119.8168366,32.6093382],[119.8140505,32.615703],[119.8135895,32.6153289],[119.8130856,32.6173696],[119.8111181,32.6167554],[119.8109291,32.6218495],[119.8098691,32.6252709],[119.8093319,32.6258199],[119.8093801,32.629108],[119.8179452,32.6301441],[119.8237994,32.6314594],[119.8236026,32.6344191],[119.8251353,32.6342482],[119.8269898,32.6395706],[119.8278984,32.6412301],[119.8273333,32.6414807],[119.8277126,32.6429798],[119.8397636,32.6425501],[119.8395258,32.6406546],[119.8413595,32.64078],[119.8412001,32.6389923],[119.84806,32.6388792],[119.8504674,32.6382521],[119.8489267,32.6368355],[119.850801,32.6366239],[119.850224,32.6340644],[119.8552643,32.6335643],[119.8550324,32.6325015],[119.8563246,32.632358],[119.8563463,32.6316644],[119.8593118,32.6313731],[119.8604659,32.630341],[119.8617826,32.6298019],[119.8622034,32.633151],[119.8655475,32.6321551],[119.8649721,32.6311209],[119.8654958,32.6307397],[119.8644983,32.6273207],[119.8641587,32.6272972],[119.8640324,32.6266476],[119.863292,32.6267453],[119.8630796,32.6256807],[119.8655819,32.6252773],[119.8645581,32.621445],[119.8679921,32.6211083],[119.8707384,32.6216326],[119.8719386,32.6181163],[119.8768841,32.6190061],[119.8766703,32.6211299],[119.8827571,32.6214302],[119.8823716,32.6221962],[119.8859487,32.6225424],[119.8893203,32.6221333],[119.8892074,32.62056],[119.8900095,32.6204893],[119.890118,32.6198558],[119.8916797,32.6199075],[119.8922888,32.6196373],[119.8922992,32.61864],[119.8938351,32.61863],[119.8940046,32.6215658],[119.8959106,32.6262966],[119.8975158,32.6258915],[119.9073417,32.6272965],[119.905108,32.6338629],[119.900966,32.64034],[119.8959237,32.6469482],[119.894947,32.6499277],[119.8941384,32.6569356],[119.8927538,32.6616349],[119.8916782,32.6612549],[119.8906002,32.6604129],[119.8900053,32.6614121],[119.8898238,32.6619047],[119.8912716,32.6628341],[119.8898752,32.6636495],[119.891515,32.6640796],[119.8895965,32.6676773],[119.8871329,32.6710574],[119.8861811,32.6746906],[119.8806068,32.6743943],[119.8798494,32.6746963],[119.877079,32.6747384],[119.8772744,32.6735662],[119.8760569,32.6736494],[119.8760621,32.6740646],[119.874951,32.6741378],[119.8747499,32.6724688],[119.8728072,32.6725437],[119.8726871,32.674749],[119.8719044,32.6748621],[119.8717444,32.676759],[119.8701096,32.6769176],[119.8698535,32.6791954],[119.8679175,32.679084],[119.8680601,32.680449],[119.8672883,32.6804824],[119.8670294,32.6795638],[119.8664791,32.6796566],[119.8665981,32.6800885],[119.8659777,32.6802245],[119.8660538,32.6804651],[119.8654775,32.6805688],[119.8656346,32.6811124],[119.8663012,32.6810372],[119.8671392,32.6838539],[119.8669296,32.6838388],[119.8669542,32.684348],[119.8666723,32.6843546],[119.8666314,32.6861004],[119.8685918,32.6863199],[119.8685759,32.6870929],[119.8698487,32.6872647],[119.8696124,32.6884128],[119.8728182,32.6895438],[119.8722869,32.6921442],[119.8724375,32.6934275],[119.8738772,32.6932179],[119.8742263,32.6944156],[119.8738235,32.694845],[119.8740253,32.696963],[119.8749514,32.6970371],[119.8749245,32.6999071],[119.8739846,32.6999297],[119.8736355,32.7029578],[119.8697719,32.7030098],[119.8690321,32.7042281],[119.8695283,32.7048579],[119.8632732,32.704587],[119.8612745,32.7046827],[119.8611515,32.7052259],[119.8595614,32.7051553],[119.8594493,32.7054348],[119.8573472,32.7052312],[119.8570696,32.7065938],[119.8584741,32.707103],[119.8578936,32.7099833],[119.8600313,32.7112975],[119.8622979,32.7120597],[119.8617259,32.7134163],[119.8581038,32.711814],[119.8569628,32.7149622],[119.8563175,32.7147938],[119.8566829,32.7137935],[119.855707,32.7135595],[119.8549227,32.715336],[119.8545502,32.7153305],[119.8533887,32.7182789],[119.8518696,32.7243533],[119.8495255,32.7244562],[119.8501345,32.7290242],[119.8475053,32.7297431],[119.847673,32.7302294],[119.84557,32.7311948],[119.8449982,32.7307234],[119.8438491,32.7313326],[119.8438028,32.7343638],[119.8406382,32.733809],[119.8404984,32.734692],[119.8396398,32.734559],[119.8392333,32.7367323],[119.8398235,32.7367422],[119.838701,32.7441654],[119.8391588,32.7443885],[119.8379617,32.7488679],[119.8445846,32.7503973],[119.8447591,32.7514411],[119.8464049,32.7516555],[119.8464887,32.7547293],[119.8473081,32.7546946],[119.8485559,32.7553716],[119.849605,32.7569207],[119.8500413,32.7569172],[119.8500026,32.7574883],[119.8527491,32.7572509],[119.8531963,32.7589845],[119.8547402,32.75878],[119.85504,32.7603353],[119.8566703,32.7623459],[119.8553832,32.7632371],[119.8553428,32.7637086],[119.8569349,32.7648266],[119.8588519,32.7669265],[119.8586973,32.7780281],[119.849633,32.7788309],[119.8496265,32.7813566],[119.846773,32.781222],[119.8466058,32.78008],[119.8433363,32.7791382],[119.8428944,32.7803211],[119.8437305,32.7806938],[119.8429288,32.7818577],[119.8386472,32.7808751],[119.8377145,32.7823727],[119.8371181,32.7821645],[119.8379528,32.7795089],[119.8360282,32.7787644],[119.8314009,32.778089],[119.8317083,32.7760863],[119.8304679,32.7757361],[119.8299453,32.7779673],[119.8287083,32.7776883],[119.8276339,32.781265],[119.8265179,32.7810647],[119.8268492,32.7793742],[119.8256255,32.7792746],[119.8254783,32.7802107],[119.8263642,32.7803165],[119.8261361,32.7810854],[119.824683,32.7809404],[119.8251052,32.783707],[119.8275257,32.7837197],[119.8253355,32.7906895],[119.8267701,32.7912022],[119.8254761,32.7947684],[119.8281866,32.7952665],[119.8278287,32.7963778],[119.8261105,32.7963269],[119.825981,32.7981049],[119.8270634,32.7980427],[119.8272089,32.7991118],[119.8264781,32.7994406],[119.8254577,32.7993173],[119.8263853,32.8007935],[119.8270989,32.8010287],[119.8267496,32.8020524],[119.8260526,32.8027058],[119.8273855,32.8034259],[119.8241209,32.8044693],[119.8241682,32.8051869],[119.8225855,32.8058303],[119.818035,32.8065412],[119.8143525,32.8064903],[119.8141313,32.8060951],[119.8113459,32.8062499],[119.8048331,32.8071884],[119.8055805,32.8051101],[119.8046008,32.8057686],[119.8043403,32.8042774],[119.8005934,32.8046927],[119.8006395,32.8069535],[119.7957367,32.807249],[119.7899688,32.8088426],[119.7905828,32.8113915],[119.7902211,32.8115077],[119.7902295,32.8131887],[119.792586,32.8130309],[119.7926098,32.816012],[119.7903198,32.8166106],[119.7934482,32.8234804],[119.7951419,32.8235619],[119.79489,32.8262623],[119.7958184,32.8262494],[119.7963196,32.8237681],[119.7990768,32.8239615],[119.8002053,32.8244713],[119.7996055,32.8294445],[119.797501,32.8298168],[119.797754,32.8405582],[119.7925848,32.838783],[119.7922249,32.8401372],[119.7892383,32.8396779],[119.7889436,32.8412961],[119.7892828,32.8433097],[119.7902927,32.8436094],[119.7905426,32.8452517],[119.7921329,32.8451084],[119.7931566,32.8495457],[119.795113,32.8493013],[119.7972507,32.8513394],[119.8026454,32.8530512],[119.802548,32.8549567],[119.7978708,32.8539452],[119.7977292,32.8564996],[119.7971044,32.8588891],[119.7936496,32.857954],[119.7928493,32.8598832],[119.7988493,32.8617893],[119.7953926,32.8705952],[119.7934962,32.8691966],[119.7924267,32.8719315],[119.7902017,32.8712081],[119.7892349,32.8758883],[119.78954,32.8772399],[119.7902737,32.8772121],[119.7902934,32.8789794],[119.7906603,32.8790479],[119.790965,32.8807446],[119.7869586,32.8807745],[119.7866751,32.8825491],[119.7846264,32.8825301],[119.779051,32.8942296],[119.7788854,32.9024341],[119.7840276,32.9024499],[119.788006,32.9038948],[119.7879979,32.908754],[119.7836372,32.9075396],[119.7834805,32.9096901],[119.779402,32.90937],[119.7797331,32.9142897],[119.7701603,32.9140776],[119.7695639,32.911535],[119.7680365,32.9117337],[119.7664161,32.9126228],[119.7619844,32.9121595],[119.761691,32.9130485],[119.7580078,32.9135424],[119.7580785,32.9105043],[119.7566044,32.9107183],[119.7562046,32.9061155],[119.7517739,32.904919],[119.745392,32.9049613],[119.7448374,32.9040754],[119.7387278,32.9035592],[119.7380338,32.9029353],[119.7317813,32.9019028],[119.7303418,32.9056696],[119.725102,32.9044942],[119.7252911,32.9033638],[119.7243466,32.9031696],[119.7245218,32.9019494],[119.7226805,32.9017357],[119.7227154,32.9026712],[119.7218875,32.9027226],[119.7218433,32.90365],[119.7202096,32.9037326],[119.7200059,32.9018837],[119.7177933,32.9018858],[119.7173932,32.9014593],[119.7156174,32.9016295],[119.7159912,32.9034857],[119.7138201,32.9036825],[119.7137161,32.9101912],[119.7133146,32.9129892],[119.7111769,32.9130415],[119.7107344,32.9163402],[119.7163258,32.9166333],[119.7169583,32.9204919],[119.7155773,32.9204699],[119.7149692,32.924937],[119.7132186,32.925241],[119.7099011,32.9247706],[119.7080934,32.9290175],[119.70818,32.9320807],[119.7091339,32.9324307],[119.7125598,32.9372731],[119.7114439,32.940228],[119.7022293,32.9408184],[119.683859,32.9542714],[119.6847906,32.9603943],[119.6937956,32.9636509],[119.6942614,32.9734203],[119.6917773,32.9782394],[119.7031112,32.9882676],[119.7063717,32.9934766],[119.7020244,33.0008989],[119.6896036,33.0018104],[119.6849459,33.0109245],[119.6849459,33.018085],[119.6902247,33.0221206],[119.6883616,33.0266767],[119.6925536,33.0303215],[119.6920878,33.0344867],[119.6903799,33.0368296],[119.6793565,33.0338359],[119.6785802,33.0421658],[119.682617,33.0520566],[119.6753198,33.0593439],[119.6756303,33.0640282],[119.6821512,33.0635077],[119.6863432,33.070794],[119.683859,33.0750874],[119.6746987,33.074567],[119.6633648,33.0774292],[119.6601044,33.0801612],[119.6542045,33.0802913],[119.6500125,33.0858851],[119.6375918,33.1011037],[119.6343099,33.1056432],[119.633916,33.1079136],[119.6362153,33.1090772],[119.6365506,33.1085957],[119.6375565,33.1084352],[119.6381313,33.1066297],[119.6394246,33.1065093],[119.6393288,33.107392],[119.6428255,33.1077531],[119.6427776,33.1095185],[119.6436667,33.1098215],[119.6433045,33.1140924],[119.6417238,33.1140924],[119.6415801,33.1134505],[119.6388977,33.1132097],[119.6373649,33.1178235],[119.6361195,33.1176229],[119.6348741,33.1206719],[119.6398557,33.1222365],[119.6440847,33.1222112],[119.6442146,33.1233598],[119.6430171,33.1238813],[119.6432087,33.1250045],[119.6422028,33.125165],[119.6423465,33.1268097],[119.641149,33.1275719],[119.6415322,33.1282137],[119.6413885,33.1286951],[119.6437835,33.1302996],[119.6410532,33.1317838],[119.6415801,33.1366774],[119.6380691,33.1368151],[119.6390651,33.1446969],[119.6546703,33.1580524],[119.6672463,33.1701395],[119.6729909,33.1696197],[119.6795118,33.1750778],[119.6802881,33.1836543],[119.683238,33.1880721],[119.6785802,33.193789],[119.6819959,33.1978166],[119.6875853,33.1956079],[119.6979877,33.197167],[119.6955035,33.204702],[119.717564,33.2132434],[119.7235955,33.2126273],[119.7254922,33.2131744],[119.7281409,33.2129829],[119.7283044,33.2074563],[119.7356947,33.2067723],[119.7358582,33.2051307],[119.7336673,33.2050212],[119.7334384,33.204173],[119.7319669,33.2034343],[119.7279447,33.2049665],[119.7273234,33.2048844],[119.7273234,33.2011359],[119.7263209,33.2011148],[119.7254922,33.1942677],[119.7239552,33.1904639],[119.7245438,33.1898892],[119.7235301,33.1848264],[119.7243476,33.184498],[119.7234647,33.1790244],[119.7238616,33.1785122],[119.7232614,33.1762545],[119.729547,33.1731672],[119.7359563,33.1729482],[119.7388775,33.1752137],[119.7442623,33.1735777],[119.7428561,33.1677475],[119.7399935,33.1682612],[119.7389975,33.1635594],[119.7415481,33.1630393],[119.7416789,33.1636689],[119.7447201,33.1633678],[119.7450144,33.1645996],[119.7483825,33.1635594],[119.7486441,33.1628203],[119.7458973,33.1605208],[119.7457338,33.1594258],[119.7443277,33.1595353],[119.742783,33.1603122],[119.7398477,33.1582761],[119.7396781,33.1540226],[119.7373951,33.1537042],[119.737853,33.1520889],[119.7398477,33.1524175],[119.7405671,33.1511855],[119.7402728,33.1489131],[119.7322323,33.1496365],[119.732141,33.1488768],[119.7348772,33.1466954],[119.7343213,33.1452169],[119.7365776,33.144286],[119.7357601,33.1433277],[119.7404363,33.1415479],[119.7396187,33.1395667],[119.7429869,33.1327035],[119.7516921,33.1339609],[119.7535819,33.1311973],[119.7601547,33.1313343],[119.7696677,33.1339132],[119.7764253,33.1390577],[119.7833067,33.1403432],[119.7909913,33.143136],[119.8019133,33.1480917],[119.8029597,33.1459835],[119.8078975,33.1475715],[119.816465,33.1475168],[119.8198986,33.1466954],[119.8211611,33.152118],[119.8255558,33.1509391],[119.8273543,33.1539506],[119.8279429,33.1534852],[119.843975,33.1561889],[119.8526645,33.1560312],[119.8530569,33.1574822],[119.8509968,33.157619],[119.8509641,33.1583034],[119.8529915,33.1581392],[119.8535147,33.1589604],[119.8555422,33.1587962],[119.8572426,33.1576464],[119.8564905,33.1560312],[119.8550136,33.1559839],[119.8556403,33.1543886],[119.8614937,33.1540601],[119.861873,33.1547529],[119.8640116,33.1543886],[119.8636846,33.1532662],[119.8640688,33.1508999],[119.8651045,33.1506325],[119.8618056,33.1442021],[119.870726,33.141539],[119.8726207,33.1461903],[119.8773861,33.1457097],[119.8769384,33.1504821],[119.878103,33.1504673],[119.8783017,33.1483739],[119.8801003,33.1483381],[119.8799317,33.1497365],[119.8852576,33.1493439],[119.8883644,33.1505732],[119.8908707,33.1520554],[119.8928786,33.1511013],[119.8986227,33.1502213],[119.9037014,33.1509354],[119.9083307,33.1509472],[119.9146991,33.1520477],[119.9192104,33.1535139],[119.9245808,33.154679],[119.9298393,33.1569857],[119.931357,33.1571851],[119.9644716,33.1516542],[119.9677171,33.1517665],[119.9702933,33.1528005],[119.9710276,33.1510987],[119.97223,33.151302],[119.9725537,33.1504889],[119.9739295,33.1507018],[119.9749353,33.1504792],[119.9757909,33.149821],[119.9775251,33.1521151],[119.9777101,33.15257],[119.9770067,33.1527114],[119.9774939,33.1539123],[119.9838867,33.1533837],[119.997027,33.1602352],[119.9973967,33.1601939],[119.9980406,33.1577215],[120.0084196,33.1583877],[120.0087839,33.1546344],[120.0102316,33.1544976],[120.0099887,33.1583877],[120.018993,33.1595877],[120.0319642,33.16308],[120.042761,33.1654678],[120.0715062,33.1815744],[120.0756533,33.1833072],[120.0767933,33.183266],[120.0894161,33.1800513],[120.1053931,33.174448],[120.1098383,33.1724691],[120.1155675,33.1706027],[120.1219408,33.167961],[120.1285722,33.1656819],[120.1405368,33.1622105],[120.1489007,33.1586685],[120.1560438,33.1566478],[120.1598127,33.1560568],[120.1748125,33.1510502],[120.1947365,33.143652],[120.2084848,33.1392921],[120.2347403,33.1366425],[120.2415248,33.1362607],[120.242443,33.136787],[120.2437493,33.1365187],[120.252039,33.1328521],[120.2550449,33.1329449],[120.2564645,33.1335901],[120.256733,33.133007],[120.2581073,33.1332878],[120.2581224,33.1330469],[120.2589292,33.1329251],[120.2585137,33.1311673],[120.2591543,33.1310678],[120.2590757,33.1307517],[120.2612407,33.1308356],[120.2605869,33.1342926],[120.2793258,33.1334488],[120.2792904,33.1327227],[120.2788374,33.1327375],[120.2787715,33.1284262],[120.280219,33.1283699],[120.2803712,33.1324792],[120.2811436,33.1324363],[120.2812216,33.1333774],[120.2866187,33.1328482],[120.2921705,33.1311506],[120.2902792,33.1279163],[120.2890743,33.120321],[120.2870195,33.1149507],[120.2861182,33.1117746],[120.2858707,33.1091576],[120.2845538,33.107589],[120.2846285,33.1065602],[120.2865805,33.1049642],[120.2875286,33.103595],[120.2890697,33.0970852],[120.2892751,33.0930868],[120.2889249,33.091287],[120.2890697,33.0902502],[120.2866272,33.0858249],[120.2866739,33.0843224],[120.2874772,33.0826516],[120.2905033,33.0794078],[120.2911665,33.0771499],[120.2930065,33.0750328],[120.2924332,33.0744868],[120.2911067,33.074321],[120.2910281,33.0745696],[120.2877479,33.0738291],[120.287802,33.073566],[120.2873761,33.0734873],[120.2875927,33.072805],[120.289158,33.072952],[120.2892455,33.0725378],[120.2930877,33.0730236],[120.2929837,33.0740183],[120.2935111,33.0746704],[120.2971814,33.0730097],[120.3015806,33.0688771],[120.3013191,33.0679535],[120.3005065,33.0677852],[120.3000255,33.0671903],[120.2999227,33.0660867],[120.3003897,33.0655897],[120.3033645,33.06485],[120.3048633,33.0635179],[120.3048773,33.0618467],[120.3072309,33.0562027],[120.3068013,33.0523982],[120.3071002,33.0513413],[120.3083564,33.0497795],[120.3083284,33.0489927],[120.3075566,33.0476161],[120.3060777,33.0404724],[120.306392,33.0353893],[120.3059345,33.0313407],[120.3046374,33.0275754],[120.3025335,33.0276033],[120.3024404,33.0262187],[120.3041013,33.0262626],[120.3039761,33.0213095],[120.3049066,33.0084304],[120.3064323,33.0088596],[120.3063127,33.0093464],[120.309109,33.0109551],[120.3088543,33.0123629],[120.3131879,33.0148381],[120.3131041,33.0120824],[120.3065104,33.0077631],[120.3066575,33.007142],[120.3050609,33.0068566],[120.3059689,33.0012698],[120.3072251,32.9991235],[120.3078973,32.9956684],[120.3077084,32.9941209],[120.3033111,32.9821021],[120.3057811,32.9809897],[120.3045819,32.9782664],[120.3038988,32.9785594],[120.3034251,32.9776269],[120.3018756,32.9783469],[120.3017184,32.978032],[120.3009644,32.9782986],[120.297534,32.9719928],[120.294192,32.9682028],[120.2963793,32.963448],[120.2967514,32.9609916],[120.2941001,32.9609035],[120.2938194,32.9587514],[120.2953133,32.9585432],[120.2962895,32.9577664],[120.2960168,32.9567891],[120.295274,32.9559823],[120.2932094,32.9554236],[120.2922503,32.9589313],[120.289722,32.9581921],[120.2900282,32.9559893],[120.2891759,32.9556221],[120.2869401,32.9569434],[120.2826617,32.9571472],[120.2789807,32.9583847],[120.279259,32.9564485],[120.2781858,32.9563696],[120.2783454,32.9551728],[120.2753339,32.9547873],[120.2753354,32.9535595],[120.278136,32.9534705],[120.2783127,32.9546416],[120.2820758,32.9545304],[120.281946,32.9529205],[120.2781529,32.9530621],[120.2780671,32.9521927],[120.2816232,32.9514526],[120.2816449,32.9504653],[120.2820222,32.9499485],[120.2837793,32.9487949],[120.2905835,32.9472665],[120.2905835,32.9466238],[120.2893133,32.944343],[120.2876974,32.9428616],[120.2872771,32.9414036],[120.2874926,32.9360811],[120.2864327,32.9345347],[120.2804924,32.9302472],[120.2781878,32.9290498],[120.271656,32.9300894],[120.2712551,32.9279468],[120.2700891,32.9279559],[120.2700773,32.9276039],[120.2712544,32.9274859],[120.2714071,32.9271222],[120.266599,32.927637],[120.2667008,32.9301363],[120.2681376,32.9300722],[120.2682436,32.9307092],[120.2676607,32.9307674],[120.2676719,32.9311017],[120.2627694,32.9314137],[120.260095,32.9314344],[120.2594603,32.9281657],[120.251454,32.9287366],[120.2513793,32.9310492],[120.2498755,32.9313196],[120.2479561,32.9312922],[120.2477353,32.9288386],[120.2346101,32.9295937],[120.2346101,32.9270231],[120.2329956,32.9268473],[120.2329311,32.924346],[120.2282311,32.9238938],[120.2285141,32.921108],[120.2246507,32.92134],[120.2243013,32.9179942],[120.2237968,32.9179997],[120.223226,32.9154504],[120.2226324,32.9154927],[120.2225196,32.91503],[120.2209549,32.9152498],[120.2207905,32.9149412],[120.2170405,32.9155242],[120.2151866,32.9155113],[120.2148406,32.9162307],[120.2147341,32.9192224],[120.2133121,32.9194496],[120.212557,32.9203546],[120.2127748,32.9214645],[120.2107731,32.9216206],[120.2110134,32.9230193],[120.208956,32.9232105],[120.2084408,32.9238442],[120.2042272,32.9247541],[120.2023122,32.9248268],[120.2022377,32.9242016],[120.1984776,32.9245324],[120.1992749,32.9281074],[120.1977727,32.9285064],[120.1979529,32.9303498],[120.1975802,32.9304597],[120.1976341,32.9321916],[120.1741772,32.9339797],[120.1741017,32.9323863],[120.1727322,32.9323846],[120.1724094,32.9287734],[120.1719768,32.9287674],[120.1715276,32.9272667],[120.1715564,32.9259287],[120.1724501,32.9258881],[120.1727294,32.922182],[120.1723915,32.9221179],[120.1729751,32.9205979],[120.1725898,32.9200106],[120.1708822,32.9195025],[120.1721644,32.9168854],[120.1719343,32.9167728],[120.1738605,32.9146467],[120.17359,32.9129805],[120.1752069,32.9125835],[120.1746417,32.9106729],[120.1758807,32.9102792],[120.1752725,32.9074133],[120.1758608,32.9074266],[120.1762233,32.9069787],[120.1765205,32.9046918],[120.1761637,32.9044617],[120.1756751,32.904633],[120.1757846,32.9028811],[120.1761337,32.9015904],[120.1771536,32.9016052],[120.1778875,32.8987234],[120.1786615,32.8986583],[120.1788821,32.8973943],[120.1762701,32.8972037],[120.1763578,32.8958729],[120.1760142,32.8957699],[120.1764286,32.8940575],[120.174376,32.8938815],[120.1727087,32.8929242],[120.1731225,32.8904795],[120.1739021,32.8899064],[120.1747571,32.8898644],[120.1744487,32.8881609],[120.1745345,32.8856405],[120.1739241,32.8855408],[120.1735676,32.8840171],[120.177303,32.8839838],[120.1771872,32.8822513],[120.1737111,32.882014],[120.1736342,32.8797624],[120.1729891,32.8797219],[120.1725764,32.876245],[120.1729675,32.874914],[120.1740378,32.8752384],[120.1767674,32.8772751],[120.1776885,32.8776269],[120.1773031,32.8779969],[120.1771906,32.8811013],[120.1801297,32.8811867],[120.1803163,32.8781062],[120.1783538,32.8772136],[120.1789224,32.8750905],[120.1824294,32.875543],[120.1820377,32.8788041],[120.1852833,32.8787261],[120.1850536,32.876147],[120.1871661,32.8757561],[120.1898802,32.8746852],[120.1901027,32.8750175],[120.1915454,32.8745783],[120.1912254,32.8737528],[120.1923984,32.8733133],[120.1922828,32.8718826],[120.1943554,32.8715554],[120.1930425,32.8683259],[120.1984506,32.867859],[120.1984594,32.8684046],[120.1999198,32.8683208],[120.2002783,32.8695587],[120.2045394,32.8688706],[120.2048755,32.864293],[120.2046215,32.8628735],[120.202949,32.8631007],[120.2030319,32.8599434],[120.2041416,32.8598305],[120.206352,32.8606115],[120.2065791,32.8589754],[120.2064229,32.8551534],[120.2030296,32.855577],[120.2033445,32.853797],[120.2009611,32.8538073],[120.2008949,32.8543479],[120.1991307,32.8544449],[120.1991572,32.8531384],[120.1974768,32.8528309],[120.1971632,32.8519265],[120.1944543,32.8521988],[120.1934602,32.8517936],[120.1894585,32.851334],[120.1899034,32.8494296],[120.1906082,32.8483047],[120.190573,32.8464561],[120.1887617,32.8448839],[120.1910466,32.844433],[120.190853,32.8430931],[120.1913479,32.8429665],[120.1906233,32.8385027],[120.1878006,32.8388974],[120.1872521,32.8364862],[120.1867357,32.8363128],[120.1824275,32.8387042],[120.1770982,32.8336848],[120.1799495,32.8325495],[120.1799147,32.8297257],[120.1804813,32.8297189],[120.1805444,32.8285107],[120.1847256,32.8283549],[120.1848313,32.8271248],[120.1881651,32.8276712],[120.1884744,32.8262335],[120.186804,32.8261207],[120.1868284,32.8241287],[120.1860251,32.8214792],[120.1865463,32.8202316],[120.1869861,32.8200499],[120.1858518,32.8196698],[120.1863159,32.8168384],[120.1833725,32.8155218],[120.1842151,32.8141464],[120.1814001,32.8134515],[120.1809628,32.8148808],[120.1797449,32.8156745],[120.1719784,32.8159077],[120.171582,32.8150496],[120.1681938,32.815359],[120.16848,32.8165949],[120.1651861,32.8174534],[120.1645986,32.8161039],[120.1637081,32.8164282],[120.1630183,32.8147337],[120.160996,32.8149955],[120.1604537,32.8142872],[120.159082,32.8142212],[120.1588023,32.8137476],[120.1565889,32.8135903],[120.1565887,32.8113475],[120.1537445,32.8112478],[120.1540573,32.8100648],[120.1538703,32.8095372],[120.1577605,32.8092493],[120.1571804,32.8062646],[120.1614043,32.8053966],[120.1624281,32.8040803],[120.1636145,32.8034338],[120.1666295,32.7999653],[120.1657584,32.7992918],[120.1657883,32.7989779],[120.163936,32.797888],[120.1654101,32.7964022],[120.1640427,32.7955116],[120.1632718,32.7959951],[120.1620022,32.7950898],[120.1606807,32.7931057],[120.1594709,32.7937741],[120.1591717,32.7927406],[120.157711,32.7930583],[120.1570441,32.7914828],[120.15608,32.7915937],[120.1555419,32.789899],[120.1547505,32.7901038],[120.1541069,32.786496],[120.1531446,32.786642],[120.1529307,32.7852684],[120.1542676,32.7850215],[120.1542644,32.7846753],[120.1555614,32.7844328],[120.1554758,32.7840362],[120.1570232,32.7836804],[120.1585461,32.7835007],[120.1588875,32.7843143],[120.1609587,32.7835395],[120.1624103,32.7833996],[120.1626817,32.7840281],[120.1647313,32.7838697],[120.1645631,32.7829919],[120.1666481,32.782812],[120.1668413,32.7822073],[120.1706985,32.7824651],[120.1741217,32.7822768],[120.1749322,32.7825444],[120.1750774,32.7802929],[120.1757044,32.7801363],[120.1757007,32.779072],[120.1796984,32.7779168],[120.1800428,32.7767285],[120.1814433,32.7768009],[120.1838909,32.777539],[120.1895107,32.7827632],[120.1889071,32.7838766],[120.1876206,32.7843884],[120.1870622,32.7860326],[120.187194,32.7877909],[120.189985,32.7880405],[120.1899786,32.7905122],[120.1916695,32.7919923],[120.1949277,32.7897409],[120.1962832,32.7904561],[120.2031076,32.790346],[120.2081524,32.7913427],[120.208281,32.7933865],[120.210314,32.793124],[120.2122202,32.7933718],[120.2131753,32.7940562],[120.2142145,32.7942931],[120.2145996,32.7931978],[120.2158909,32.7935022],[120.2167201,32.7917284],[120.2176578,32.7921488],[120.2186141,32.7903315],[120.2204795,32.790962],[120.2215495,32.7875701],[120.2218872,32.7841121],[120.2231353,32.7845104],[120.2239704,32.7829669],[120.2261688,32.7836095],[120.2266912,32.7830915],[120.2235724,32.7805003],[120.2258485,32.7792093],[120.2229826,32.7763689],[120.220482,32.7772083],[120.2191206,32.7754703],[120.2156053,32.7731006],[120.2190729,32.772205],[120.2203777,32.7722058],[120.219832,32.7702738],[120.2193443,32.7703838],[120.2190759,32.7698617],[120.214571,32.7708751],[120.2140126,32.7691578],[120.2158577,32.7687539],[120.2155271,32.7667572],[120.2086725,32.7675714],[120.2045299,32.7623212],[120.2003847,32.7627115],[120.2001525,32.761423],[120.1996041,32.7614535],[120.1994678,32.7602836],[120.1970004,32.7604986],[120.1960304,32.7583403],[120.1976981,32.7580071],[120.199876,32.7581003],[120.2000836,32.7568771],[120.2012405,32.7569091],[120.1979745,32.7448729],[120.1950343,32.7448961],[120.1947691,32.7428505],[120.1936857,32.742931],[120.1939399,32.7448089],[120.1921889,32.7448363],[120.1912784,32.7411769],[120.1900701,32.7411703],[120.1891035,32.7407818],[120.1890767,32.7421797],[120.1847455,32.7415688],[120.1841706,32.7436488],[120.1828729,32.7435277],[120.1827858,32.7446635],[120.1779584,32.744301],[120.1779712,32.7440216],[120.1751617,32.7436059],[120.1748084,32.7406195],[120.1759358,32.7376326],[120.1751723,32.7370405],[120.1751615,32.7317273],[120.1758112,32.7275198],[120.1718255,32.725887],[120.17292,32.7244571],[120.1687618,32.722628],[120.1686902,32.7223055],[120.1674419,32.7224072],[120.1671476,32.7210867],[120.1643077,32.7217646],[120.1627277,32.7212783],[120.161967,32.7222647],[120.1598404,32.7213146],[120.1575689,32.7229853],[120.1564327,32.7224824],[120.1577383,32.7205822],[120.1559681,32.7197092],[120.1562629,32.7186224],[120.1508581,32.7176314],[120.151354,32.7149381],[120.1514496,32.7120392],[120.1525857,32.712132],[120.1534031,32.7088153],[120.1494105,32.7086363],[120.1488963,32.7052454],[120.1458162,32.7039869],[120.1458955,32.7024715],[120.143893,32.7020174],[120.1433637,32.7040422],[120.1382989,32.7033021],[120.1377546,32.7009243],[120.1335637,32.7001021],[120.1317096,32.7001326],[120.1314486,32.699437],[120.1291374,32.6992473],[120.1287065,32.6977136],[120.1306712,32.6967481],[120.1303888,32.6963912],[120.127594,32.6953112],[120.1278145,32.692401],[120.1235599,32.6914994],[120.1238884,32.6904812],[120.1217462,32.6905427],[120.1223623,32.6870907],[120.1194664,32.6877173],[120.11963,32.6843238],[120.1171384,32.6839067],[120.114433,32.6840988],[120.1146524,32.6823674],[120.1161798,32.6821841],[120.1161833,32.6789577],[120.1124359,32.6787698],[120.1123729,32.6759668],[120.1145517,32.6750693],[120.1150898,32.6761668],[120.1165646,32.6760194],[120.1165316,32.6745524],[120.1201259,32.6744503],[120.1199447,32.6726356],[120.1194652,32.6726497],[120.1191886,32.6714497],[120.1187114,32.6714773],[120.1177705,32.6676092],[120.1176706,32.6658832],[120.1158997,32.665399],[120.114426,32.6655583],[120.1142223,32.6640652],[120.1121417,32.6642319],[120.1123678,32.6603658],[120.1128613,32.6591564],[120.1147651,32.6566849],[120.111143,32.6557564],[120.1123432,32.6538215],[120.1146963,32.6541038],[120.1148991,32.6514666],[120.1153681,32.6514295],[120.11515,32.64884],[120.1168868,32.6487245],[120.1162157,32.644281],[120.11434,32.6448318],[120.114301,32.6420389],[120.113728,32.6388296],[120.1144292,32.6380584],[120.1144247,32.6373923],[120.1151412,32.636251],[120.1092129,32.6333049],[120.1076745,32.6328764],[120.1068475,32.6343881],[120.1058784,32.6338545],[120.1055775,32.6325586],[120.1018988,32.6309709],[120.1019362,32.6303301],[120.103876,32.6300408],[120.1049755,32.6257988],[120.106704,32.6258125],[120.1074621,32.6207909],[120.1058146,32.6208145],[120.106077,32.6162121],[120.1076784,32.6152087],[120.1131073,32.6143431],[120.1135636,32.612807],[120.1210888,32.6122861],[120.1210528,32.6132216],[120.1230186,32.6131528],[120.1225022,32.6158633],[120.1241459,32.6155372],[120.1302433,32.6155316],[120.130333,32.6168404],[120.1352893,32.6170653],[120.1351515,32.6202516],[120.1418412,32.6196461],[120.141972,32.6208111],[120.1430975,32.620721],[120.1429808,32.619506],[120.1441017,32.6193934],[120.1445246,32.6236706],[120.1462127,32.62361],[120.1463137,32.619054],[120.1540317,32.6206422],[120.1540404,32.619156],[120.1561938,32.6190148],[120.1557207,32.623154],[120.156219,32.6230731],[120.1566002,32.6242948],[120.1554913,32.6243784],[120.1554176,32.6241453],[120.1530457,32.6250754],[120.1530169,32.626713],[120.1577811,32.6263277],[120.158033,32.6280018],[120.1594904,32.6281243],[120.1599814,32.6265078],[120.1614847,32.6266756],[120.1621252,32.6248299],[120.1606866,32.6245545],[120.1615827,32.6220603],[120.1620325,32.6221182],[120.1622675,32.6208308],[120.1638478,32.6211228],[120.1636488,32.6224649],[120.1700625,32.6236889],[120.1699973,32.6318099],[120.1780299,32.6322069],[120.1801452,32.6273819],[120.1823129,32.6271318],[120.1849489,32.6253975],[120.1855638,32.6255366],[120.1859544,32.6243581],[120.1878139,32.6249482],[120.1883415,32.6248506],[120.1884836,32.6226608],[120.1928045,32.6228383],[120.1941915,32.6225861],[120.194313,32.6210442],[120.193769,32.6193258],[120.1951712,32.6186538],[120.1939107,32.6136381],[120.1933062,32.6124241],[120.1922975,32.6129798],[120.1920443,32.6053011],[120.1942807,32.6041785],[120.1972423,32.6034277],[120.197698,32.6023322],[120.1976718,32.6007304],[120.1983765,32.5998103],[120.1988598,32.5980053],[120.2016451,32.5968063],[120.2017402,32.5960445],[120.2008223,32.5947243],[120.2012477,32.5940777],[120.2023681,32.5930508],[120.204767,32.5920676],[120.2090773,32.5912876],[120.210627,32.5902074],[120.2122676,32.5885074],[120.212827,32.5875276],[120.212787,32.5864775],[120.216007,32.5856476],[120.218477,32.5843476],[120.219767,32.5848073],[120.2205573,32.5859075],[120.221727,32.5865774],[120.2226074,32.5884773],[120.2235772,32.5897374],[120.2250296,32.5902152],[120.2304974,32.5903874],[120.232037,32.5912874],[120.2321172,32.5929074],[120.2345374,32.5944074],[120.2350671,32.5930375],[120.2370274,32.5938373],[120.2371573,32.5932373],[120.2378375,32.5933973],[120.2379277,32.5926573],[120.2392174,32.5928274],[120.2386569,32.5959473],[120.2418673,32.5961773],[120.2443275,32.5970871],[120.2458875,32.5966771],[120.2458076,32.5959875],[120.2481173,32.5955373],[120.2482671,32.5971072],[120.2477573,32.6006172],[120.2491476,32.6007873],[120.2498774,32.5986973],[120.251317,32.598047],[120.2519275,32.5957273],[120.2533473,32.5943772],[120.2541971,32.5929071],[120.2537874,32.5910872],[120.2531171,32.5902272],[120.2537473,32.5885273],[120.2530173,32.587027],[120.2546074,32.5847171],[120.2544272,32.5826272],[120.255317,32.5802072],[120.2568974,32.5773171],[120.2565772,32.5767272],[120.2556171,32.576147],[120.2550368,32.5725473],[120.2576771,32.569557],[120.2609367,32.5666371],[120.257567,32.5641073],[120.2585071,32.562577],[120.2589466,32.561107],[120.2596168,32.5609972],[120.2606471,32.5600571],[120.2610471,32.5571069],[120.2621167,32.5546671],[120.2650169,32.5511368],[120.2644868,32.5478169],[120.262767,32.542887],[120.2617363,32.536967],[120.2608366,32.534487],[120.2583162,32.5186769],[120.2595165,32.5183969],[120.2596862,32.5177568],[120.2596563,32.5093969],[120.2618662,32.5096271],[120.261916,32.5075769],[120.2631261,32.504397],[120.2569259,32.5038068],[120.256806,32.5029472],[120.2565363,32.5028669],[120.2539563,32.5030568],[120.2530659,32.4938669],[120.2532558,32.4933771],[120.2540959,32.492927],[120.2572258,32.4926667],[120.2598359,32.4892469],[120.2644007,32.4783326],[120.2651557,32.4756067],[120.2670955,32.473947],[120.2666959,32.4713267],[120.2669958,32.4700967],[120.2667055,32.4670869],[120.2681754,32.4638266],[120.2673196,32.4609089],[120.2701852,32.4463468],[120.2704552,32.4409266],[120.2718555,32.4395568],[120.2741104,32.4382809],[120.275935,32.4332966],[120.2753147,32.4287966],[120.2754149,32.4227566],[120.276865,32.4157566],[120.2769447,32.4136566],[120.2775615,32.4136061],[120.2778033,32.4131244],[120.2794229,32.4130749],[120.2797776,32.4099707],[120.2780346,32.4101145],[120.2779572,32.4106274],[120.277483,32.4106762],[120.2785447,32.4074064],[120.2788848,32.4024664],[120.2811049,32.3976965],[120.2839244,32.3892867],[120.2834246,32.3870964],[120.2820342,32.3851667],[120.2809543,32.3838966],[120.2784844,32.3820465],[120.2795543,32.3797965],[120.2789642,32.3795765],[120.2800842,32.3770866],[120.2814942,32.3774865],[120.2817543,32.3771165],[120.2823145,32.3772965],[120.2826247,32.3767566],[120.2821847,32.3765165],[120.2832745,32.3752764],[120.2842745,32.3727265],[120.2871846,32.3734666],[120.2874343,32.3728364],[120.2893742,32.3720963],[120.2917441,32.3718266],[120.2918145,32.3729264],[120.2926644,32.3727364],[120.2943543,32.3730963],[120.2950641,32.3734965],[120.2948544,32.3742763],[120.2967643,32.3744761],[120.2999639,32.3696961],[120.3009341,32.3685563],[120.3023742,32.3675563],[120.3043039,32.3638061],[120.3059142,32.3640461],[120.3086641,32.3639062],[120.3091343,32.3645461],[120.3094544,32.3666964],[120.3115943,32.3682263],[120.3153942,32.3691462],[120.3168941,32.370246],[120.3184042,32.3698463],[120.3199243,32.3700461],[120.3212643,32.3706661],[120.3233444,32.3703462],[120.3271886,32.3732486],[120.3289347,32.3735561],[120.3302642,32.3744962],[120.3320145,32.3751158],[120.3378545,32.376266],[120.3399039,32.3783457],[120.3415149,32.3787157],[120.3415844,32.3778958],[120.3425244,32.3779557],[120.3424146,32.3789158],[120.3458093,32.3798854],[120.3468346,32.3797458],[120.3459447,32.3775258],[120.3465548,32.3772458],[120.3462044,32.3755755],[120.3468143,32.3739659],[120.3465843,32.3726958],[120.3471642,32.3718956],[120.3472345,32.3701556],[120.3485445,32.3692858],[120.3497742,32.3703359],[120.3502043,32.3691256],[120.3508845,32.3695758],[120.3527845,32.3697657],[120.352864,32.3685358],[120.3522543,32.3684456],[120.352354,32.366806],[120.3529145,32.3667657],[120.3531544,32.3662456],[120.3521841,32.3658655],[120.352494,32.3653157],[120.3521643,32.3651757],[120.3523941,32.3647259],[120.3510543,32.3642556],[120.3514142,32.3636656],[120.3495244,32.3627557],[120.3507443,32.3613958],[120.3496442,32.3607458],[120.350044,32.3603257],[120.3493039,32.3598358],[120.3496541,32.3594559],[120.3490908,32.3590201],[120.3497502,32.3581255],[120.350137,32.3583659],[120.3504397,32.3579515],[120.3494227,32.3573855],[120.3491599,32.3577136],[120.3495467,32.3579023],[120.3487741,32.3587758],[120.3485138,32.3585557],[120.3480242,32.3590456],[120.3472938,32.3582556],[120.346844,32.3583756],[120.3460443,32.3577956],[120.3456341,32.3578756],[120.3454641,32.3574758],[120.3426739,32.3580958],[120.3429839,32.3556132],[120.3426763,32.3545735],[120.3434244,32.3546],[120.3440841,32.353516],[120.3442179,32.3527809],[120.3439567,32.3527449],[120.3444122,32.3506028],[120.3439455,32.3505196],[120.3441505,32.3494704],[120.3436643,32.348886],[120.340834,32.3478159],[120.3417439,32.3464757],[120.3424341,32.3464856],[120.342264,32.3471058],[120.342814,32.3470456],[120.3431243,32.3460856],[120.3432738,32.3465858],[120.3434543,32.3460058],[120.343794,32.3460857],[120.3434639,32.3469156],[120.3439441,32.3468957],[120.3436568,32.3481197],[120.3442578,32.3482439],[120.3446339,32.3469357],[120.345034,32.3470159],[120.3451441,32.3466359],[120.3445042,32.3466758],[120.3448839,32.3456557],[120.341414,32.3454857],[120.3412441,32.3442957],[120.340314,32.342996],[120.342664,32.3399957],[120.3423272,32.3392585],[120.3428402,32.3364193],[120.3437944,32.3368401],[120.3439624,32.3366195],[120.3437202,32.3365143],[120.3441946,32.3358515],[120.3444293,32.3359204],[120.3440041,32.3365775],[120.3453084,32.3371373],[120.3446301,32.3382552],[120.3455732,32.3385529],[120.3454046,32.3393693],[120.3458984,32.3387615],[120.3464741,32.3388257],[120.3479337,32.3376159],[120.3484738,32.3360956],[120.3477036,32.3343255],[120.3464839,32.3339555],[120.3470336,32.3329956],[120.3488941,32.3314756],[120.3479038,32.3300557],[120.348584,32.3260055],[120.3514737,32.3249157],[120.3522997,32.3233501],[120.3526883,32.3234795],[120.3529982,32.3229872],[120.3521943,32.3224478],[120.3526618,32.3219161],[120.3531153,32.3221241],[120.353684,32.3215301],[120.3540228,32.3216924],[120.3540214,32.3211909],[120.3567305,32.3198815],[120.3565113,32.3208281],[120.3569295,32.3209846],[120.3569726,32.3206216],[120.3574113,32.3205972],[120.3572927,32.3196831],[120.3568438,32.3197356],[120.3566941,32.3192028],[120.3578898,32.3174578],[120.3599032,32.3175448],[120.3602493,32.3169528],[120.360531,32.3170339],[120.3609693,32.3159614],[120.3606236,32.3158255],[120.3607157,32.3155647],[120.3610932,32.3157009],[120.361754,32.3138036],[120.3599706,32.3131648],[120.3605064,32.3124186],[120.3609223,32.3126228],[120.3621956,32.3108563],[120.3614516,32.3105523],[120.3603395,32.3123082],[120.359883,32.3120502],[120.359268,32.3122222],[120.3586572,32.3105345],[120.3535108,32.3076762],[120.3538971,32.307072],[120.3551831,32.3075954],[120.3560034,32.3053856],[120.3534816,32.3049744],[120.3533496,32.3056851],[120.3523534,32.3055555],[120.3524833,32.3047056],[120.3516517,32.3045448],[120.3507334,32.3065356],[120.3493037,32.3061057],[120.3478635,32.3064256],[120.3464529,32.3057415],[120.3464407,32.3051591],[120.3468115,32.3051878],[120.3469519,32.3047954],[120.34643,32.304658],[120.346025,32.3030661],[120.3451433,32.3023355],[120.3442533,32.3021258],[120.3461333,32.2982857],[120.3472633,32.2930257],[120.3462273,32.2841764],[120.3452129,32.2799555],[120.3443533,32.2780254],[120.3450334,32.2778156],[120.344883,32.2787357],[120.3457228,32.2787554],[120.3454631,32.2800854],[120.3459426,32.2801356],[120.3462433,32.2787555],[120.347353,32.2788556],[120.3476928,32.2779856],[120.3471331,32.2778256],[120.3477046,32.2763695],[120.3462529,32.2756754],[120.3463943,32.2754265],[120.3457592,32.2749919],[120.3459734,32.2743156],[120.3465346,32.2744078],[120.3468385,32.2728127],[120.3470534,32.2728429],[120.347112,32.2724393],[120.3463431,32.2722958],[120.3465434,32.2715155],[120.3450325,32.2711558],[120.3451429,32.2706254],[120.3434531,32.2703355],[120.3436782,32.2693707],[120.3421027,32.2691855],[120.3419169,32.2675885],[120.3423833,32.2676358],[120.3425975,32.2672547],[120.3439826,32.2628456],[120.3445725,32.2620456],[120.3451826,32.2574656],[120.3432962,32.2569638],[120.3435418,32.2561387],[120.3417279,32.2550456],[120.3422991,32.252178],[120.3447925,32.2497757],[120.3439625,32.2493955],[120.3442225,32.2486853],[120.3438725,32.2477354],[120.3450647,32.2463367],[120.3464525,32.2469456],[120.3479482,32.2455617],[120.3482615,32.2457279],[120.3487578,32.2453192],[120.3483824,32.2451136],[120.3491269,32.2443487],[120.3489267,32.2441889],[120.3501012,32.2427457],[120.3512402,32.243523],[120.3530722,32.2422359],[120.3534644,32.2425088],[120.3541504,32.2418417],[120.3551781,32.2425012],[120.3558443,32.2418374],[120.3566623,32.2424103],[120.3581479,32.2409378],[120.3591621,32.2417124],[120.3589312,32.2412527],[120.3597832,32.2404604],[120.3589234,32.2400797],[120.3583898,32.2405306],[120.3581428,32.2401813],[120.3604928,32.2378755],[120.3632822,32.2343553],[120.3638421,32.2345428],[120.364682,32.2334252],[120.3642925,32.2332253],[120.3644724,32.2326255],[120.3656223,32.2312153],[120.3643927,32.2308353],[120.3640525,32.2312053],[120.364142,32.2307212],[120.3645725,32.230746],[120.3646973,32.2304173],[120.3646686,32.2300663],[120.3643198,32.2300082],[120.3646148,32.2288173],[120.3662824,32.2292904],[120.3668014,32.228052],[120.3670699,32.2280957],[120.3673671,32.2273825],[120.3677914,32.2274686],[120.3685767,32.2236519],[120.3660036,32.2233884],[120.3663356,32.2201278],[120.3650622,32.2206153],[120.3650925,32.2187454],[120.3663541,32.2188896],[120.3657923,32.2163955],[120.3662558,32.2162878],[120.3661323,32.2145752],[120.3648243,32.2147462],[120.3624917,32.2143058],[120.3628019,32.2131355],[120.3622548,32.2114001],[120.3646192,32.2111687],[120.3645223,32.2094753],[120.3621174,32.2097959],[120.3619082,32.2083908],[120.3606921,32.2086453],[120.3600317,32.2075383],[120.3606151,32.2063538],[120.3583581,32.2061543],[120.3590868,32.2037532],[120.3571091,32.2035357],[120.3570523,32.2030753],[120.3560222,32.2030753],[120.3558433,32.2001388],[120.3547117,32.1988554],[120.3565754,32.1986242],[120.3565398,32.1979791],[120.3562619,32.1969654],[120.3548417,32.1971053],[120.3534218,32.1937052],[120.3539699,32.1930887],[120.3530074,32.1917845],[120.3508819,32.1930456],[120.3504209,32.1921211],[120.3497187,32.1923399],[120.3481046,32.1875892],[120.3497791,32.1876744],[120.3486315,32.1839354],[120.3506898,32.1835949],[120.3503359,32.1829001],[120.3483598,32.1830853],[120.347733,32.1812292],[120.345379,32.1822328],[120.3423026,32.1756699],[120.3415436,32.1748528],[120.3423363,32.173573],[120.3407485,32.1728165],[120.3409759,32.1724163],[120.3403932,32.1719902],[120.3408616,32.1710554],[120.3404837,32.1704752],[120.3425815,32.1684756],[120.34326,32.1687709],[120.3446396,32.1660349],[120.3438235,32.1655852],[120.3443188,32.1643332],[120.3429215,32.1638553],[120.3432912,32.1627455],[120.3439087,32.1628339],[120.3442564,32.1618162],[120.3406668,32.1603153],[120.3407972,32.1598351],[120.3410594,32.159929],[120.3429712,32.1556553],[120.3441714,32.1558254],[120.3450012,32.1540953],[120.3463472,32.1546362],[120.3468099,32.1533035],[120.3460775,32.1530298],[120.3466612,32.151691],[120.347991,32.1518194],[120.3481163,32.1507378],[120.3493422,32.1508751],[120.3495487,32.1497555],[120.3488614,32.1495752],[120.3492915,32.1484455],[120.3486609,32.1483056],[120.3489811,32.1464752],[120.3486712,32.1464354],[120.3487514,32.1457954],[120.3483912,32.1457754],[120.3482912,32.1464751],[120.3478709,32.1464253],[120.3479914,32.1457653],[120.3474181,32.1457167],[120.3478316,32.1434332],[120.3503815,32.1442554],[120.3508113,32.1419554],[120.3527412,32.1422352],[120.3533414,32.1395153],[120.3515007,32.1392053],[120.3519608,32.1368753],[120.3507212,32.1367154],[120.3514111,32.1326754],[120.3541711,32.1328552],[120.3580212,32.1323352],[120.3713315,32.129595],[120.371531,32.1307352],[120.3723508,32.1307152],[120.3721811,32.1298952],[120.3727979,32.1297707],[120.3731816,32.1306519],[120.3743812,32.1305652],[120.3744812,32.1309951],[120.3766237,32.1307147],[120.381471,32.1308551],[120.3868609,32.1300651],[120.3866911,32.129265],[120.391031,32.1278649],[120.3906012,32.126995],[120.3924713,32.1263238],[120.393305,32.1262102],[120.3939276,32.1274395],[120.394155,32.1273918],[120.3934643,32.12594],[120.3952307,32.1253449],[120.3955007,32.1261048],[120.3960808,32.1259147],[120.3964311,32.1266849],[120.3962512,32.1258748],[120.3976607,32.1253649],[120.3979113,32.1259048],[120.3984002,32.1259257],[120.3980413,32.1252447],[120.3987314,32.1250247],[120.3990911,32.1257548],[120.3997109,32.1255147],[120.3998708,32.1257748],[120.4011513,32.125215],[120.4014311,32.1257446],[120.4027292,32.125261],[120.4032791,32.1264088],[120.4060251,32.1250806],[120.4069067,32.1265517],[120.4139178,32.1248691],[120.414291,32.1258348],[120.4168096,32.125443],[120.4165753,32.1245218],[120.417808,32.1237369],[120.4181884,32.1252284],[120.4229718,32.1247217],[120.4229109,32.1271046],[120.426171,32.1257346],[120.4265713,32.1251146],[120.4277013,32.1252244],[120.4277301,32.1262528],[120.4283533,32.1262166],[120.4284113,32.1268745],[120.4290182,32.1267278],[120.4290806,32.1280444],[120.4297912,32.1280846],[120.4300413,32.1266144],[120.4304709,32.1266645],[120.4305852,32.1275626],[120.4310398,32.1274568],[120.430901,32.1256545],[120.4312355,32.1254952],[120.4311427,32.1252229],[120.4404211,32.1204344],[120.440291,32.1181543],[120.4423511,32.1173943],[120.4431811,32.1190842],[120.4520809,32.1156143],[120.4523418,32.1146723],[120.4582711,32.1118341],[120.4585209,32.1131042],[120.461941,32.1118144],[120.461914,32.1124239],[120.4622031,32.1123276],[120.4621008,32.1139242],[120.4633398,32.1137439],[120.4636724,32.1117463],[120.4634456,32.1118274],[120.4632314,32.1113389],[120.4632939,32.1107934],[120.4663908,32.1096241],[120.4669005,32.1098941],[120.477961,32.1056039],[120.477852,32.1048045],[120.4807855,32.1029786],[120.4813584,32.1030509],[120.4816007,32.1026138],[120.4842712,32.1030376],[120.4843507,32.1021137],[120.4903313,32.1019539],[120.4915011,32.102204],[120.4925158,32.1015107],[120.4922465,32.1011199],[120.4925964,32.1009122],[120.4924507,32.1005338],[120.50051586631821,32.09771038580224],[120.184082,31.966162],[120.09873,31.975977],[120.073926,31.960254],[120.06976806199005,31.957629909768915],[120.0517292,31.9616264]]]}},{"type":"Feature","properties":{"city_name":"淮安市","region":"苏北","osm_type":"relation","osm_id":3429722,"display_name":"淮安市, 江苏省, 中国"},"geometry":{"type":"Polygon","coordinates":[[[118.2440722,32.9383519],[118.2497085,32.9407517],[118.2551332,32.9421258],[118.2782368,32.9464852],[118.2859664,32.9486575],[118.2904758,32.9512392],[118.2956794,32.9560982],[118.2981728,32.957962],[118.3015188,32.9594824],[118.3072196,32.9612705],[118.3075173,32.9618938],[118.3074203,32.9636022],[118.3065385,32.9651744],[118.3044429,32.9670868],[118.3023166,32.968478],[118.29807,32.9702251],[118.2949944,32.9709567],[118.2887814,32.9716489],[118.2828014,32.971804],[118.2692284,32.9709265],[118.265867,32.9712745],[118.2627173,32.9721714],[118.2592279,32.9735776],[118.2551577,32.9761854],[118.2512415,32.9798428],[118.2474562,32.9843551],[118.2456392998508,32.98687833683311],[118.248421,33.013412],[118.21838280742283,33.178007178776184],[118.2204115,33.1785393],[118.2248518,33.1808893],[118.2257714,33.1793694],[118.2265721,33.1798493],[118.2260917,33.1816093],[118.2271716,33.1835191],[118.2278018,33.1837893],[118.2274416,33.1840694],[118.2285119,33.1841692],[118.229422,33.185429],[118.230072,33.1852791],[118.2298517,33.1855594],[118.2302118,33.1858593],[118.230502,33.1856892],[118.2310019,33.1859693],[118.2316092,33.185446],[118.2322217,33.1855993],[118.2321417,33.1858994],[118.233512,33.1864692],[118.2359718,33.1861591],[118.235612,33.1869333],[118.2371518,33.187929],[118.2381418,33.186869],[118.238602,33.1871191],[118.2383682,33.1876109],[118.2386617,33.1879593],[118.238332,33.1882492],[118.2394222,33.1896589],[118.2401018,33.1894393],[118.2434318,33.1904991],[118.2442017,33.190319],[118.246472,33.1933189],[118.2480319,33.1944991],[118.248972,33.1941793],[118.2494419,33.194529],[118.2497523,33.1960091],[118.252952,33.1999791],[118.2606217,33.202519],[118.2726021,33.2082087],[118.3137625,33.2076287],[118.3743151,33.1978674],[118.403563,33.192661],[118.4387629,33.2040672],[118.4540824,33.208307],[118.4690024,33.2183229],[118.483473,33.227291],[118.595814,33.2751558],[118.6290146,33.2923952],[118.7432751,33.3370744],[118.7503209,33.3445977],[118.7503055,33.3522753],[118.7490253,33.3599354],[118.7381759,33.3733455],[118.720812,33.3933052],[118.7368957,33.3969655],[118.751266,33.4034554],[118.7728265,33.4140552],[118.7752969,33.4416854],[118.7767866,33.4508054],[118.7752272,33.4513752],[118.7745469,33.4612453],[118.7737371,33.4658653],[118.7732373,33.4658855],[118.7724771,33.4688354],[118.7734071,33.4689755],[118.7732774,33.4760753],[118.7727177,33.4847556],[118.7713574,33.4854252],[118.7711576,33.4905954],[118.7728475,33.4904254],[118.7733376,33.4906755],[118.7735374,33.4920655],[118.7742178,33.4921556],[118.7742177,33.4932757],[118.7749377,33.4932856],[118.7750574,33.4925555],[118.7759478,33.4925555],[118.7781875,33.4947652],[118.7793575,33.4970155],[118.7821177,33.5059055],[118.7833928,33.5151957],[118.7835879,33.5183256],[118.7830279,33.5275853],[118.7831384,33.5364556],[118.7827883,33.5369557],[118.7830184,33.5399855],[118.7848684,33.5435856],[118.7855386,33.5437553],[118.7855082,33.5441753],[118.7882283,33.5443154],[118.7879386,33.5501955],[118.7898685,33.5516753],[118.7909387,33.5510154],[118.7931883,33.5511053],[118.7931589,33.5539353],[118.7936485,33.5582853],[118.7918488,33.5584157],[118.7921583,33.5607854],[118.7938386,33.5605454],[118.7945087,33.5636555],[118.7957682,33.5647652],[118.7972389,33.5638255],[118.7987987,33.5677355],[118.7998785,33.5744053],[118.7988589,33.5751252],[118.7994416,33.5760481],[118.7919094,33.5803445],[118.787909,33.5836747],[118.7846291,33.5869644],[118.7795301,33.589811],[118.7770488,33.5917344],[118.773126,33.5975671],[118.7711792,33.6013649],[118.7688694,33.6048149],[118.7611896,33.6145548],[118.7589424,33.6178508],[118.7575496,33.6207047],[118.7552295,33.6283949],[118.75084,33.640085],[118.75264,33.6402152],[118.7526895,33.6388449],[118.7536497,33.6388651],[118.7535995,33.6395148],[118.7542397,33.639535],[118.7541795,33.6404049],[118.7554699,33.6404952],[118.7555688,33.6387868],[118.7564063,33.6388192],[118.7561897,33.6410651],[118.7598353,33.6416011],[118.7599596,33.641055],[118.7611398,33.6411249],[118.7629594,33.6417649],[118.7632199,33.6405849],[118.7823696,33.6456548],[118.7825298,33.6442148],[118.7856599,33.6447549],[118.7862898,33.6436845],[118.7932897,33.6457748],[118.7927295,33.6483649],[118.7942097,33.6487746],[118.7920602,33.6596945],[118.7879203,33.6668147],[118.78705,33.6667946],[118.7866003,33.667625],[118.7883802,33.6757648],[118.7891103,33.6756548],[118.7893503,33.6767548],[118.7886202,33.6768647],[118.7895306,33.6809448],[118.7940303,33.6979149],[118.7950109,33.6973048],[118.7957905,33.6972946],[118.7966106,33.6976847],[118.7967305,33.6992547],[118.7976404,33.6993248],[118.7974905,33.6980448],[118.7993307,33.6990546],[118.8007405,33.6990547],[118.8002005,33.6963145],[118.8041107,33.6957744],[118.8041207,33.6962848],[118.8035905,33.6963146],[118.8032807,33.6998047],[118.8049375,33.7010756],[118.8057206,33.7022644],[118.8061311,33.7021946],[118.8083011,33.7056148],[118.8084507,33.7064449],[118.8079605,33.7064847],[118.8089605,33.7091847],[118.8081608,33.7093745],[118.8085106,33.7102347],[118.8066009,33.7108146],[118.8058909,33.7089348],[118.8042608,33.7093647],[118.8045309,33.7102348],[118.8040411,33.7103348],[118.804451,33.7118948],[118.8029307,33.7122145],[118.8030208,33.7125346],[118.8024012,33.7126948],[118.8032708,33.7158845],[118.803831,33.7158046],[118.8044109,33.7199648],[118.8082312,33.7197248],[118.8084212,33.7208848],[118.8092711,33.7205247],[118.8099209,33.7232947],[118.8081811,33.7234948],[118.808371,33.7248147],[118.8075009,33.7250546],[118.8074411,33.7243749],[118.8069509,33.7244247],[118.806841,33.7236847],[118.8055608,33.7238548],[118.8058809,33.7256048],[118.8052111,33.7256948],[118.8050709,33.7248047],[118.8019711,33.7250046],[118.8023214,33.7277749],[118.803001,33.7277147],[118.802921,33.7269747],[118.8052911,33.7265446],[118.8069914,33.7308547],[118.8072411,33.7333363],[118.8068512,33.7333649],[118.8069013,33.7336948],[118.8044013,33.7339449],[118.804451,33.7343648],[118.8037714,33.7344548],[118.803691,33.7340547],[118.8030714,33.7340949],[118.8033013,33.7360646],[118.8026315,33.7361349],[118.8026711,33.7368048],[118.8010012,33.7369748],[118.8010512,33.7381648],[118.8001813,33.7382047],[118.8001211,33.7370946],[118.7993612,33.7372049],[118.799471,33.7393748],[118.7974114,33.7394047],[118.797461,33.7403849],[118.7966114,33.7404948],[118.7970912,33.7425547],[118.7964914,33.7426047],[118.7963514,33.747665],[118.7947315,33.747795],[118.7947415,33.7487851],[118.7944112,33.7488147],[118.7944315,33.7514548],[118.7960311,33.751945],[118.7964397,33.7551232],[118.7966517,33.7557647],[118.7970213,33.7559049],[118.7971715,33.7580449],[118.7985315,33.7578151],[118.7988616,33.7606849],[118.8007017,33.7605649],[118.8008815,33.7621349],[118.8065717,33.7621348],[118.8065619,33.7633148],[118.8048716,33.7631148],[118.8019499,33.7633582],[118.8022417,33.7680649],[118.7930321,33.7688448],[118.7930915,33.7696249],[118.7899519,33.769815],[118.7903117,33.7740247],[118.7897615,33.7740549],[118.7898115,33.7750849],[118.7887313,33.7751548],[118.7887617,33.777865],[118.7906618,33.777775],[118.7906416,33.777545],[118.7912117,33.7775049],[118.7912118,33.7766047],[118.7927417,33.7765448],[118.7929452,33.779672],[118.7935409,33.7795776],[118.79361,33.780189],[118.7943518,33.7801348],[118.7952817,33.7846947],[118.7945219,33.7847251],[118.7945522,33.7852748],[118.7928022,33.785425],[118.7927616,33.7867749],[118.7935019,33.786865],[118.7955518,33.788525],[118.7968921,33.789735],[118.796922,33.7904851],[118.797992,33.7909749],[118.80245,33.7949846],[118.8009922,33.798785],[118.7981225,33.7985649],[118.7980824,33.7990549],[118.7976825,33.7990049],[118.7976018,33.8017423],[118.7968819,33.8017949],[118.7968824,33.804595],[118.7966321,33.8047148],[118.7965627,33.8063147],[118.7961325,33.806395],[118.7963324,33.8085049],[118.7953499,33.8083546],[118.7952322,33.8113948],[118.7956624,33.811405],[118.7956925,33.817065],[118.794892,33.820175],[118.7957225,33.820285],[118.7955924,33.8226749],[118.7963923,33.8227551],[118.7963525,33.823935],[118.7982628,33.8241451],[118.8016326,33.826105],[118.8017025,33.8265852],[118.8046723,33.827085],[118.8048124,33.829055],[118.8056527,33.830855],[118.8090928,33.834655],[118.8108327,33.837215],[118.812973,33.8445649],[118.813773,33.846365],[118.815323,33.8479649],[118.818443,33.8502748],[118.820093,33.8520247],[118.8210745,33.8535884],[118.8230529,33.8590348],[118.8239734,33.8605649],[118.8254128,33.861785],[118.8309913,33.864904],[118.8437034,33.8749748],[118.8488434,33.8784046],[118.8506535,33.8806047],[118.8537634,33.8829246],[118.8577038,33.8842747],[118.8597135,33.8881245],[118.8573139,33.8922847],[118.8590239,33.8930546],[118.8651735,33.8946947],[118.8677438,33.8947046],[118.8698939,33.8939644],[118.8741511,33.8907018],[118.8791534,33.8879643],[118.8829935,33.8872543],[118.8866934,33.8874917],[118.8955536,33.8906444],[118.901604,33.8912239],[118.9072032,33.893925],[118.9102439,33.8961241],[118.9142142,33.900544],[118.9158639,33.9030739],[118.9173744,33.9044338],[118.9183835,33.9048738],[118.9199842,33.9050339],[118.925414,33.9026538],[118.928314,33.9022638],[118.9303138,33.9025239],[118.9319242,33.9031938],[118.9331442,33.9041137],[118.9346541,33.9077937],[118.935954,33.9091739],[118.9370542,33.9096036],[118.9384043,33.9096737],[118.9413541,33.9084237],[118.9424339,33.9082688],[118.9445939,33.9088436],[118.9452342,33.9104037],[118.944924,33.9126738],[118.9451141,33.9151037],[118.9469843,33.9169237],[118.9502243,33.9177435],[118.9544345,33.9168636],[118.9562542,33.9169135],[118.9621046,33.9204935],[118.9646447,33.9210034],[118.9674043,33.9206037],[118.9699747,33.9193634],[118.9736146,33.9163234],[118.9773545,33.9117034],[118.9785255,33.9111146],[118.9802542,33.9109236],[118.9798543,33.9097033],[118.9800044,33.9081935],[118.9793747,33.9065435],[118.9827244,33.9061434],[118.9829041,33.9069335],[118.9838841,33.9067834],[118.9840841,33.9077933],[118.9897045,33.9068334],[118.9926841,33.9053534],[118.9908043,33.8981232],[118.9922541,33.8977834],[118.9916844,33.8953833],[118.9944842,33.8948932],[118.9952043,33.8961931],[118.9960741,33.8959434],[118.9962942,33.8965234],[118.9975645,33.8975631],[118.9992243,33.8979934],[119.0020244,33.8975932],[119.003504,33.900213],[119.006694,33.9031329],[119.0120367,33.9094322],[119.0128442,33.9098632],[119.0145039,33.909903],[119.0177841,33.910943],[119.0189047,33.9119429],[119.0198844,33.9148231],[119.0210942,33.916903],[119.0212548,33.9220829],[119.0241646,33.9218728],[119.0245245,33.9213829],[119.0249145,33.9214328],[119.0246245,33.922133],[119.0238546,33.9225227],[119.0240548,33.9225428],[119.0250848,33.922183],[119.0260146,33.920653],[119.0268846,33.920543],[119.0277249,33.9210231],[119.0280945,33.9235929],[119.0284945,33.9243729],[119.0295343,33.9248531],[119.0318146,33.9251329],[119.0327048,33.9257029],[119.0330445,33.9265229],[119.0326845,33.9274329],[119.0298346,33.9281526],[119.0290332,33.9286728],[119.0289845,33.9293529],[119.0295047,33.929953],[119.0302546,33.9304129],[119.0332146,33.9307427],[119.0350347,33.9314228],[119.0377048,33.9313128],[119.0391146,33.931673],[119.0428247,33.9346731],[119.0455549,33.9375728],[119.0484949,33.9395327],[119.0499148,33.9410127],[119.0487948,33.9412829],[119.048615,33.9408727],[119.047485,33.9411027],[119.0489451,33.9462529],[119.0487248,33.9482927],[119.0462352,33.9484628],[119.0462453,33.9482029],[119.0440051,33.9486528],[119.0456348,33.9538728],[119.0468849,33.9539929],[119.0460148,33.9585126],[119.0405252,33.9595431],[119.041295,33.9610529],[119.0353448,33.9623828],[119.0368555,33.9649427],[119.0364355,33.9686228],[119.037615,33.9704431],[119.0418152,33.9740428],[119.0434155,33.9746628],[119.0453354,33.9747629],[119.0489154,33.9741926],[119.0503455,33.974583],[119.0510755,33.9755027],[119.0524257,33.9789729],[119.0598251,33.9825427],[119.0621603,33.9831892],[119.0655756,33.9825225],[119.067246,33.9825725],[119.0698855,33.9847427],[119.0738855,33.9859327],[119.0765554,33.9892527],[119.0763559,33.9926725],[119.0782156,33.9961425],[119.0784456,33.9974725],[119.077836,34.0013327],[119.0790156,34.0032425],[119.0831858,34.0060324],[119.0875259,34.0096925],[119.0923766,34.0130125],[119.0954061,34.0166324],[119.0996161,34.0179923],[119.1026862,34.0213423],[119.1059862,34.0238624],[119.1098162,34.0259923],[119.1161166,34.0288522],[119.1190863,34.0294821],[119.1226466,34.029692],[119.1242565,34.030182],[119.1312761,34.0379521],[119.1375864,34.0420322],[119.1428466,34.046552],[119.1437268,34.047882],[119.1442868,34.049602],[119.1467068,34.0520519],[119.1494069,34.0574622],[119.1495669,34.0586422],[119.1485371,34.061692],[119.1484067,34.0636818],[119.1494506,34.0703779],[119.1526868,34.0776822],[119.1535272,34.0786619],[119.1570074,34.0803418],[119.1587873,34.0851319],[119.1610068,34.0892204],[119.1690375,34.0945717],[119.1825026,34.0957973],[119.1885352,34.0937301],[119.1910314,34.0823599],[119.1941517,34.0756404],[119.2105851,34.0609935],[119.2178658,34.0585808],[119.2234823,34.0599595],[119.2268106,34.0551341],[119.2328431,34.0478953],[119.2392917,34.047723],[119.2413719,34.0399665],[119.2488606,34.0399665],[119.2515648,34.0370361],[119.2590535,34.0368637],[119.2619657,34.0344503],[119.2659181,34.0399665],[119.2717426,34.0399665],[119.2734067,34.0449652],[119.2773591,34.043931],[119.2846397,34.0491018],[119.2971209,34.0509977],[119.3012812,34.0487571],[119.3027374,34.0372085],[119.3183387,34.0358294],[119.3276996,34.0297958],[119.3408047,34.0339332],[119.3532859,34.0351399],[119.3674311,34.0375532],[119.3732556,34.0370361],[119.3807443,34.0349675],[119.3822004,34.0377256],[119.3834486,34.0422073],[119.3919773,34.0446205],[119.3940575,34.0372085],[119.3978018,34.0320369],[119.3988419,34.0282443],[119.4061226,34.0246238],[119.4084108,34.0185894],[119.4050825,34.0108303],[119.4102829,34.0054847],[119.4231801,34.0066918],[119.4283806,34.0077264],[119.4319169,34.0046225],[119.4275485,34.0011735],[119.4321249,33.9977244],[119.4319169,33.9934127],[119.4344131,33.9915156],[119.4398216,33.992033],[119.4437739,33.9899633],[119.4429419,33.9854788],[119.4545909,33.9925504],[119.4822574,34.0106579],[119.4928663,34.0141065],[119.4999389,34.0191067],[119.5109639,34.0220377],[119.5142922,34.0275547],[119.5190766,34.0291062],[119.5176205,34.0370361],[119.5224049,34.0382427],[119.5363422,34.0354847],[119.5402945,34.034278],[119.5380063,34.0308302],[119.5388384,34.0272099],[119.5427908,34.0260031],[119.5436228,34.0222101],[119.5533997,34.0249686],[119.5647051,34.0243804],[119.56591,34.0207703],[119.558065,34.0120417],[119.5642621,34.0116081],[119.5643795,34.0060556],[119.5717676,34.0068543],[119.5773607,34.0085653],[119.5768408,34.0064641],[119.5795297,34.0065342],[119.5798219,33.9996136],[119.5829114,33.9999128],[119.5829076,33.9982261],[119.5881899,33.9988765],[119.5940681,33.997834],[119.5976037,33.9925939],[119.5923915,33.9906908],[119.5980991,33.9811537],[119.5919556,33.9784517],[119.5931484,33.9765074],[119.591851,33.9740712],[119.5892359,33.9731604],[119.5907004,33.9703411],[119.5931585,33.9706447],[119.5951851,33.9666273],[119.5891313,33.9647456],[119.5835352,33.9614489],[119.5847904,33.9598439],[119.5869347,33.9605814],[119.58751,33.9591498],[119.5930539,33.9622297],[119.5964011,33.9609284],[119.5969241,33.9645721],[119.605576,33.9645756],[119.6053243,33.9610792],[119.6146683,33.9466542],[119.6213484,33.9460481],[119.6220283,33.948955],[119.6248525,33.9518617],[119.6309192,33.954046],[119.6364556,33.9502249],[119.6395818,33.9421207],[119.6408259,33.9337023],[119.64129,33.9268991],[119.6401543,33.9223401],[119.6375187,33.9162225],[119.6263378,33.9143896],[119.6278723,33.9094582],[119.6352698,33.9095318],[119.6324306,33.9002925],[119.6353539,33.8967281],[119.6259382,33.8904435],[119.6128325,33.8807775],[119.6090729,33.8809961],[119.6016867,33.8792517],[119.593471,33.8759618],[119.5900435,33.8730037],[119.5859764,33.8671793],[119.5774495,33.8577915],[119.5545176,33.8430389],[119.5508182,33.829909],[119.5443729,33.8242278],[119.5391542,33.8175436],[119.5382163,33.813874],[119.5408282,33.8075495],[119.5410148,33.8056273],[119.5386867,33.8041093],[119.5349701,33.8023098],[119.5312838,33.7994686],[119.5301644,33.7889674],[119.5272975,33.7773811],[119.5194108,33.7721673],[119.5153173,33.7646083],[119.5126761,33.7574598],[119.5079931,33.7509185],[119.5035156,33.7409282],[119.5043364,33.7359129],[119.503441,33.7277716],[119.5037021,33.7221018],[119.499262,33.7202614],[119.4952322,33.7174682],[119.4922619,33.713341],[119.4832881,33.7040221],[119.4768279,33.6991126],[119.4727852,33.698648],[119.4728131,33.6978401],[119.4715386,33.6947649],[119.4724626,33.6932538],[119.4759676,33.6942877],[119.4776564,33.6939696],[119.4769235,33.6922729],[119.4738327,33.6898603],[119.4757127,33.6875007],[119.478015,33.6878562],[119.4781981,33.6874477],[119.477274,33.6868379],[119.4785804,33.6858569],[119.4778476,33.6850349],[119.4797409,33.6838287],[119.484782,33.6815231],[119.4835193,33.6775843],[119.4862933,33.6765323],[119.4854948,33.6750652],[119.4867375,33.6744818],[119.4843478,33.671008],[119.482659,33.6712202],[119.4812888,33.6701595],[119.4806516,33.6672159],[119.477051,33.6656247],[119.4762544,33.6613549],[119.4790265,33.6615406],[119.4788991,33.6595515],[119.48148,33.6592067],[119.4818305,33.6600554],[119.4846664,33.6597637],[119.4847938,33.659021],[119.487655,33.6610809],[119.4901218,33.6582763],[119.478237,33.650953],[119.4709402,33.647016],[119.4539418,33.6386874],[119.4606566,33.6368141],[119.4599238,33.6334183],[119.4599556,33.6255387],[119.4595414,33.6222752],[119.4604336,33.6193034],[119.4621224,33.6178175],[119.46362,33.6145537],[119.4649582,33.6051596],[119.4648308,33.599321],[119.4669019,33.5974101],[119.4706036,33.5921314],[119.4727221,33.5859716],[119.4748033,33.58311],[119.4766203,33.5752988],[119.4812468,33.5668608],[119.4816548,33.5604575],[119.4831843,33.5584926],[119.4866893,33.5505795],[119.4781817,33.5499953],[119.4776718,33.5523587],[119.4755051,33.5525712],[119.4756963,33.550792],[119.4765566,33.5507389],[119.4779184,33.5461565],[119.4767159,33.5460119],[119.476939,33.5435687],[119.4744218,33.5443389],[119.474135,33.5424002],[119.470152,33.542108],[119.4715222,33.5381243],[119.4732109,33.5382836],[119.4739119,33.5349637],[119.4765566,33.5353621],[119.4762061,33.5368229],[119.478564,33.5380181],[119.4801432,33.542402],[119.4860145,33.5393239],[119.4857015,33.5378321],[119.4875913,33.5373319],[119.4912559,33.5269685],[119.492358,33.5222358],[119.493931,33.5201568],[119.4944655,33.5198215],[119.4960487,33.52023],[119.4968219,33.5194513],[119.5000083,33.5186013],[119.5020378,33.5158124],[119.5023343,33.5140054],[119.5042461,33.511269],[119.5080061,33.5101532],[119.5095597,33.5083412],[119.5101409,33.5060617],[119.513922,33.503736],[119.5157489,33.5030859],[119.5175333,33.5030859],[119.5186167,33.5038033],[119.5228227,33.4990472],[119.5219623,33.4954867],[119.5293866,33.4911022],[119.5324136,33.4973733],[119.5329234,33.4959118],[119.535122,33.4958852],[119.5368817,33.4922246],[119.5383721,33.4913945],[119.540284,33.4882588],[119.544012,33.4847243],[119.5474214,33.4820933],[119.5540804,33.4740335],[119.5576178,33.4741733],[119.5706182,33.4766982],[119.5718332,33.4725629],[119.573454,33.4697345],[119.5743462,33.4656943],[119.5842887,33.4670014],[119.593337,33.4616538],[119.5952807,33.4609361],[119.5938468,33.4577195],[119.597065,33.4573208],[119.5964732,33.4545157],[119.6043759,33.4564968],[119.604075,33.4554067],[119.6088227,33.4566828],[119.6082492,33.4583841],[119.6105115,33.4595804],[119.6121365,33.4553536],[119.6091668,33.4543044],[119.6064076,33.4523799],[119.6078825,33.4491949],[119.607784,33.4473872],[119.6098521,33.4456206],[119.6099998,33.4445934],[119.612708,33.4425391],[119.6118217,33.4399916],[119.6070455,33.4423336],[119.6063561,33.4402792],[119.6107384,33.4379372],[119.6082142,33.4366877],[119.613451,33.4337045],[119.6089817,33.4265678],[119.6045267,33.4279044],[119.5793332,33.4238178],[119.5878626,33.421247],[119.5904559,33.4186044],[119.5872204,33.4144163],[119.5822553,33.4173578],[119.5771219,33.4145891],[119.5723043,33.4056892],[119.5661441,33.4061507],[119.5629063,33.4045397],[119.5670918,33.4017993],[119.5648503,33.399643],[119.5655941,33.3925109],[119.5627125,33.3911425],[119.5458754,33.411232],[119.5333708,33.4171032],[119.5189124,33.4138415],[119.516177,33.4086224],[119.5044539,33.4069915],[119.4997647,33.4105796],[119.4880416,33.4125368],[119.4860878,33.4056866],[119.4606319,33.4066994],[119.4535981,33.4024585],[119.4516443,33.3959339],[119.4450012,33.3939763],[119.4422658,33.3877772],[119.4266351,33.3789674],[119.414912,33.3760305],[119.3910751,33.3750515],[119.3859951,33.37962],[119.3770074,33.37962],[119.3688013,33.3727672],[119.3519982,33.3708092],[119.2977154,33.3681245],[119.2456081,33.3539326],[119.2381167,33.3542799],[119.2352038,33.3538296],[119.2274957,33.3505452],[119.2348981,33.3397249],[119.2384386,33.3332533],[119.2418299,33.3231945],[119.2442107,33.3185066],[119.2463243,33.3161128],[119.2529869,33.3116747],[119.257542,33.3043764],[119.2326665,33.302224],[119.2283749,33.3000719],[119.2232788,33.2993904],[119.2157686,33.2976507],[119.214406,33.2969064],[119.2129898,33.2952833],[119.211241,33.2943506],[119.1899013,33.2920997],[119.1588078,33.2869188],[119.1549902,33.2661734],[119.1428764,33.2566976],[119.1426459,33.2145649],[119.1584894,33.2119187],[119.1639602,33.202437],[119.1690402,33.202764],[119.1717756,33.2066875],[119.1780279,33.2086492],[119.1850617,33.2066875],[119.1955128,33.2094081],[119.1974666,33.2045037],[119.2123159,33.2035228],[119.2134882,33.1865189],[119.2189589,33.1842296],[119.2209128,33.1793239],[119.2236482,33.167549],[119.2201312,33.1636236],[119.2213035,33.1570811],[119.2368828,33.1625898],[119.2498666,33.163392],[119.2478758,33.1796509],[119.2517835,33.1789968],[119.2599897,33.161988],[119.2725939,33.1478156],[119.3073724,33.1337459],[119.314797,33.120983],[119.314797,33.1026536],[119.3253477,33.0911958],[119.3316,33.0833382],[119.3327723,33.0718779],[119.3386339,33.065001],[119.357,33.0551759],[119.3581723,33.0434895],[119.3485257,33.0237515],[119.320133,32.9981624],[119.3168299,32.9856833],[119.3094263,32.8303631],[119.2817702,32.827774],[119.2488427,32.8253578],[119.1797197,32.8292328],[119.1674888,32.828764],[119.1395724,32.8267986],[119.1262257,32.8249414],[119.11666364449978,32.82303115623715],[119.109505,32.833888],[119.04801743024555,32.880145836978215],[119.0483665,32.8816505],[119.048109,32.8817406],[119.0483022,32.882592],[119.0475565,32.8829164],[119.0474117,32.8837138],[119.0459204,32.8835651],[119.045518,32.8841643],[119.0447295,32.8870023],[119.0456039,32.8868536],[119.0460062,32.8875113],[119.0453571,32.8874618],[119.0453517,32.8882276],[119.0449762,32.8882951],[119.0445471,32.8892681],[119.0449333,32.8900024],[119.0446061,32.890124],[119.0442145,32.8895835],[119.0426695,32.8902817],[119.0420741,32.8911691],[119.0427554,32.8914483],[119.0426052,32.8918042],[119.0418649,32.8916465],[119.0413499,32.8925294],[119.0404218,32.8929123],[119.0398854,32.8946059],[119.0394723,32.894714],[119.039821,32.8947546],[119.039644,32.8953852],[119.0401804,32.8954482],[119.0394938,32.8968221],[119.0399766,32.8970022],[119.0406847,32.8966509],[119.040674,32.8973716],[119.0401375,32.8982003],[119.0405989,32.8985111],[119.0396762,32.898894],[119.0394938,32.8995065],[119.0409422,32.9000921],[119.040041,32.9016595],[119.0396762,32.9030647],[119.0398586,32.9052356],[119.0393436,32.9052716],[119.039247,32.9059382],[119.0386355,32.9059201],[119.0385604,32.9079018],[119.039365,32.9127926],[119.0293765,32.9096582],[119.0144634,32.9080819],[119.01012313346835,32.90865417142246],[119.0090784302207,32.90944011421893],[119.0094745,32.9098473],[119.0091956,32.9100455],[119.00985,32.9108111],[119.0096998,32.912009],[119.008981,32.9125494],[119.0084767,32.9118919],[119.008178527631,32.912055595490344],[119.007994283814,32.91266139165292],[119.0084016,32.9130178],[119.007951,32.913342],[119.0083802,32.9137383],[119.009099,32.9130718],[119.0099358,32.9136753],[119.0091205,32.914594],[119.0105581,32.9151614],[119.0102041,32.9155757],[119.0105367,32.9158459],[119.0109873,32.9154046],[119.0125751,32.9167826],[119.014045,32.9212767],[119.013133,32.9212767],[119.0131116,32.921709],[119.0124357,32.921727],[119.0118563,32.928175],[119.0130472,32.9283101],[119.0129936,32.9289945],[119.0133583,32.9283461],[119.0133905,32.9267972],[119.0175962,32.9271214],[119.0177572,32.9276977],[119.0174031,32.9277337],[119.0174782,32.9286523],[119.0184331,32.9286072],[119.0186262,32.9278688],[119.0206861,32.9278868],[119.0208471,32.9272204],[119.0239423,32.9274005],[119.0246075,32.9296203],[119.0239853,32.9297149],[119.0243018,32.9312232],[119.0226924,32.9319031],[119.0223277,32.9324074],[119.0219575,32.9322813],[119.0214103,32.9333393],[119.0218824,32.9330827],[119.0223491,32.9333348],[119.0216303,32.9344199],[119.0203911,32.9340192],[119.0196615,32.9347216],[119.0179878,32.9354554],[119.0171832,32.9366305],[119.0171671,32.9375085],[119.016636,32.9377246],[119.0167916,32.9382333],[119.0171671,32.9380352],[119.0199888,32.9383053],[119.0208149,32.9386745],[119.0208685,32.9402953],[119.019742,32.9424202],[119.0200317,32.9426453],[119.0198815,32.9429514],[119.0211475,32.9438878],[119.021008,32.9446081],[119.0202463,32.9442209],[119.0195811,32.9454094],[119.0206432,32.9457785],[119.0204179,32.9464898],[119.0193772,32.9462287],[119.0190554,32.947111],[119.0202463,32.9473001],[119.0194309,32.9503882],[119.018358,32.9501541],[119.0175319,32.952909],[119.0171885,32.952837],[119.0154827,32.9583465],[119.0100753,32.9568251],[119.0089166,32.9568161],[119.0020716,32.9584005],[119.0036917,32.9616503],[118.9968896,32.9609931],[118.9966106,32.9633336],[118.992598,32.9632076],[118.9928985,32.9646478],[118.9905274,32.9644678],[118.9904737,32.9631356],[118.9864612,32.9628925],[118.98656859807087,32.96252964126571],[118.857376,32.972303],[118.85102336286064,32.960880397035034],[118.8508487,32.9610921],[118.8486493,32.9607006],[118.8478285,32.9601109],[118.8435799,32.9600884],[118.8435692,32.9577974],[118.8427055,32.9576083],[118.8426411,32.9545025],[118.8428771,32.9541514],[118.8441646,32.9538003],[118.8442719,32.9531791],[118.8450229,32.952999],[118.8450873,32.9517747],[118.84560648169729,32.95114036600851],[118.84398897878218,32.948231952826916],[118.8402164,32.9493979],[118.8391328,32.9491278],[118.8391328,32.9480384],[118.8358283,32.9474352],[118.8354313,32.9458866],[118.8377702,32.9457065],[118.8382637,32.944518],[118.8384354,32.9428163],[118.8381994,32.9409796],[118.8386071,32.9398],[118.83908506438236,32.939414281372606],[118.82635738981084,32.91652879773666],[118.8238227,32.9176652],[118.824445,32.918809],[118.8222027,32.9199528],[118.8208938,32.9200609],[118.8190377,32.9221052],[118.8178682,32.9220152],[118.8151431,32.9229067],[118.812109,32.9227419],[118.8116401,32.921092],[118.8106692,32.9209254],[118.8104868,32.9212316],[118.8100791,32.9210785],[118.8101542,32.9207003],[118.809489,32.9206057],[118.8093227,32.9198537],[118.8097733,32.9197546],[118.8098055,32.9193539],[118.8094193,32.9182551],[118.8082713,32.918755],[118.808223,32.9182596],[118.8077885,32.9180299],[118.8063669,32.9189621],[118.8052833,32.9189396],[118.8046825,32.9177643],[118.8047951,32.9172149],[118.8024884,32.9171158],[118.8027513,32.9137699],[118.8034272,32.9131754],[118.8034701,32.9126845],[118.8046932,32.9128061],[118.8048434,32.9118964],[118.804425,32.9121036],[118.8026655,32.9116397],[118.8028532,32.9109777],[118.8038188,32.9102211],[118.8042372,32.9104958],[118.805573,32.9104103],[118.8057339,32.910059],[118.8064474,32.910041],[118.8064313,32.9092799],[118.8061041,32.9090232],[118.8071287,32.9094735],[118.8078582,32.9092574],[118.8074934,32.9074019],[118.8078958,32.9065372],[118.8083196,32.9064876],[118.8082766,32.9056679],[118.8076973,32.9055013],[118.8077563,32.9050689],[118.8082766,32.9051049],[118.8084698,32.9032854],[118.8074237,32.9032268],[118.8079011,32.9017135],[118.8071716,32.9017495],[118.8076973,32.9003128],[118.8064367,32.9000245],[118.8068658,32.8987318],[118.8075256,32.8985832],[118.8074773,32.8981012],[118.8064742,32.8979301],[118.8070267,32.8943041],[118.8076436,32.8943672],[118.8079441,32.8932141],[118.8083786,32.8932501],[118.8084269,32.8928312],[118.8090491,32.8925024],[118.8094836,32.8903447],[118.8089901,32.8902141],[118.8094622,32.8898222],[118.8094193,32.8892591],[118.8086361,32.8872455],[118.8075525,32.8859887],[118.8078958,32.8851643],[118.807708,32.8848355],[118.8067692,32.8847679],[118.8067532,32.8838354],[118.8064206,32.8838084],[118.8062489,32.8829119],[118.8058144,32.8829524],[118.8059539,32.8823848],[118.806662,32.8822947],[118.8067692,32.8814928],[118.8067383735102,32.88125207267754],[118.80596332210845,32.87985846176518],[118.8048541,32.8794836],[118.80517331289742,32.878437955389906],[118.80465514554076,32.8775062446917],[118.804307,32.8774112],[118.8042694,32.8771499],[118.8027513,32.8769066],[118.8027459,32.8765146],[118.8008523,32.8759244],[118.7991464,32.8758028],[118.7992591,32.8750189],[118.799758,32.8749918],[118.799361,32.8741133],[118.801496,32.8734014],[118.8012761,32.8726355],[118.80188524360469,32.87252571623185],[118.797741,32.865074],[118.7849991031951,32.85824439890684],[118.7846464,32.8583791],[118.78464369799902,32.858053903272406],[118.7740755766115,32.852389436318546],[118.7740409,32.8526966],[118.7737673,32.8530706],[118.7732577,32.8529174],[118.7724262,32.8533365],[118.772217,32.854382],[118.7688482,32.8542108],[118.7682474,32.8535979],[118.7671852,32.8538007],[118.7655276,32.8552653],[118.7641597,32.8548056],[118.7618315,32.8546163],[118.760823,32.855824],[118.7594551,32.8554816],[118.7582427,32.8560178],[118.7569392,32.8572931],[118.756569,32.8570317],[118.754155,32.8575274],[118.7532324,32.8571804],[118.7530392,32.857915],[118.7512046,32.8597039],[118.7507486,32.8594651],[118.7497616,32.8597084],[118.7488013,32.8595191],[118.7476131,32.8599517],[118.746441,32.8589153],[118.7459046,32.8596521],[118.7441075,32.8594087],[118.7428951,32.8606637],[118.7423533,32.8592781],[118.7416425,32.8592668],[118.740811,32.8585255],[118.7406018,32.8572683],[118.7399661,32.8566734],[118.7381047,32.856153],[118.738566,32.8554951],[118.7377131,32.8552788],[118.7370264,32.8555582],[118.7365222,32.8551706],[118.737815,32.8545893],[118.7366456,32.8533816],[118.7358838,32.8536655],[118.7361896,32.8545803],[118.7357551,32.8548507],[118.734827,32.8542874],[118.7338936,32.8541522],[118.7341189,32.8532689],[118.7332445,32.8514213],[118.734296,32.8495916],[118.7353367,32.8488345],[118.7349451,32.8484018],[118.7357014,32.8478971],[118.7353152,32.8470047],[118.7358141,32.8412494],[118.7356102,32.8399874],[118.7357497,32.8387615],[118.7364793,32.8374724],[118.7351596,32.8366251],[118.7372303,32.8347771],[118.73752,32.8350205],[118.7378418,32.8344525],[118.7380779,32.8333166],[118.7376273,32.8331454],[118.7378526,32.832307],[118.7369513,32.8316399],[118.7377131,32.8276461],[118.7373376,32.8250947],[118.7402344,32.8193605],[118.7391615,32.8189277],[118.7388664,32.8182424],[118.7402773,32.8177014],[118.7412107,32.8167231],[118.74247726050599,32.816705963733384],[118.74217101240315,32.81554468751675],[118.7404275,32.8155329],[118.7404436,32.8146989],[118.7406796,32.8146538],[118.7403256,32.8141443],[118.74166756970295,32.81363566006892],[118.74153340328235,32.81312690826971],[118.7405938,32.8118721],[118.7394082,32.8114347],[118.7393814,32.8104699],[118.7401754,32.8098387],[118.7398213,32.808698],[118.7402075,32.8086394],[118.7402889284519,32.80840792712546],[118.73997361867828,32.80721228954408],[118.7394029,32.8068404],[118.73956167990251,32.80565024002091],[118.73910031102427,32.803900754226845],[118.7369192,32.8038871],[118.735739,32.8033731],[118.7356746,32.8029582],[118.7350631,32.8027147],[118.7349129,32.8008209],[118.7356639,32.8007488],[118.7350202,32.8004422],[118.7350523,32.7997478],[118.7355834,32.798882],[118.7353259,32.7983048],[118.7340224,32.7974796],[118.7326491,32.7975518],[118.7322682,32.7968438],[118.7316781,32.7966274],[118.7315118,32.7957525],[118.7329549,32.7946117],[118.7331533,32.7936557],[118.7321609,32.7917797],[118.7317693,32.7897053],[118.7305999,32.7879239],[118.7322253,32.7846092],[118.7328047,32.7844694],[118.7327242,32.7832562],[118.7330729,32.7823181],[118.7320268,32.7794362],[118.7324023,32.7789491],[118.73239650760314,32.778480294796516],[118.73213688511893,32.77749582040005],[118.7309968,32.7748672],[118.731029,32.774362],[118.7301332,32.7742448],[118.7300849,32.7734509],[118.7304068,32.7731578],[118.7302297,32.7725263],[118.7306374,32.7723368],[118.73082802770094,32.77253270397132],[118.720175,32.732137],[118.67292564440619,32.731954516644755],[118.6698639,32.7325268],[118.6671924,32.7346116],[118.6625683,32.7356224],[118.6596608,32.7357939],[118.6564261,32.7373687],[118.6529124,32.7379417],[118.6507022,32.7394669],[118.6486638,32.7403377],[118.6482131,32.7437173],[118.6476606,32.7443129],[118.6456811,32.7444888],[118.6435085,32.7437218],[118.642602,32.7442813],[118.6415881,32.7462395],[118.6370766,32.7457251],[118.6360037,32.7460274],[118.6353627,32.7472005],[118.6342281,32.7474622],[118.6338472,32.7482292],[118.6332464,32.7482472],[118.6301136,32.7469478],[118.629545,32.746235],[118.6293411,32.7453235],[118.6284024,32.7447866],[118.6287242,32.743988],[118.6284667,32.7433112],[118.6280751,32.7431307],[118.6284935,32.7415515],[118.6280107,32.7410642],[118.627013,32.7409108],[118.6251569,32.7414342],[118.6248162,32.7432164],[118.6241591,32.7439519],[118.6235529,32.7437308],[118.6233169,32.7442384],[118.6227053,32.7440557],[118.622067,32.7450799],[118.6187437,32.7446986],[118.6183923,32.7442723],[118.6163861,32.743988],[118.6139774,32.7430856],[118.613736,32.7433518],[118.6127329,32.743036],[118.6128992,32.7423276],[118.6106086,32.7420298],[118.6093318,32.7415064],[118.6059308,32.7389705],[118.6055231,32.7378154],[118.6058235,32.7360736],[118.6038065,32.734747],[118.60349965393485,32.731686384148055],[118.55753557249538,32.731508864694156],[118.5554945,32.7327073],[118.5543251,32.7329871],[118.5474372,32.7324997],[118.5458922,32.7321387],[118.5380387,32.732238],[118.53598022119085,32.73142561503329],[118.4545310600724,32.73111104743725],[118.4530985,32.7325268],[118.4526372,32.7378154],[118.4515858,32.7425803],[118.4494078,32.7454499],[118.4479487,32.7459281],[118.4442794,32.7450348],[118.4430134,32.7438978],[118.4422088,32.7426525],[118.439033,32.7417771],[118.4381211,32.7403874],[118.4379709,32.738023],[118.4371447,32.7367234],[118.4338295,32.7331586],[118.43239121323872,32.73102554037617],[118.399109,32.730897],[118.36559081198844,32.746575791934035],[118.366611,32.7534779],[118.3652802,32.7573699],[118.3652622,32.7595226],[118.3614424,32.7649048],[118.3604336,32.7670323],[118.3615064,32.7694681],[118.3611202,32.7711461],[118.3559076,32.7740786],[118.3445085,32.7743426],[118.3452698,32.7774324],[118.3443706,32.7780825],[118.3429858,32.7781758],[118.3426741,32.7772131],[118.3431597,32.7771022],[118.3427371,32.7756582],[118.3369492,32.7739596],[118.334851,32.7729868],[118.3341976,32.7734505],[118.333688,32.7731934],[118.3353666,32.7708848],[118.3308226,32.7693323],[118.32879756466784,32.76378655729875],[118.31978642979541,32.76800169293513],[118.3197443,32.7682435],[118.3204637,32.770658],[118.3202419,32.7716006],[118.3210632,32.7718577],[118.3212969,32.7734555],[118.3206675,32.7740957],[118.320104,32.7740654],[118.3193745,32.7752078],[118.3195417,32.7780708],[118.317954,32.7778864],[118.3161993,32.778905],[118.3150085,32.7810917],[118.3134522,32.7818908],[118.3095667,32.7808634],[118.3049604,32.7806087],[118.3029341,32.7815132],[118.2985472,32.7824133],[118.2970274,32.7840181],[118.29625181018865,32.78568144953914],[118.29573106571144,32.786937182941266],[118.2960322,32.7874293],[118.2966702,32.7877105],[118.2962397,32.7891883],[118.29423899752051,32.7905351853158],[118.29415740151532,32.790731947516214],[118.2958033,32.7918599],[118.2935608,32.7944723],[118.2936431,32.794902],[118.2946516,32.794863],[118.2958453,32.7956516],[118.2925883,32.7974767],[118.2918258,32.7983985],[118.2916537,32.800683],[118.2930897,32.8020904],[118.2933299,32.803978],[118.2938234,32.8040548],[118.2942021,32.8045487],[118.295351,32.8043379],[118.2971214,32.8050666],[118.2994663,32.8073755],[118.2991269,32.8095044],[118.2992705,32.810323],[118.3002549,32.8120239],[118.3000121,32.8135228],[118.2989728,32.8134658],[118.2979205,32.8144468],[118.2981398,32.8150744],[118.2990355,32.8155309],[118.2992731,32.8162463],[118.299952,32.816378],[118.3004116,32.817326],[118.2990642,32.8210215],[118.2984793,32.8213945],[118.2984271,32.8221494],[118.2978891,32.8224785],[118.2965156,32.8219212],[118.2952361,32.8255462],[118.2933351,32.8264239],[118.2932045,32.8270822],[118.2955181,32.8275474],[118.2961814,32.8284514],[118.298164,32.8300466],[118.2987883,32.831675],[118.2985173,32.8321218],[118.2986355,32.8329741],[118.2959425,32.8334609],[118.292115,32.8347951],[118.2920426,32.8356109],[118.2919943,32.8377338],[118.2928044,32.8386037],[118.2936037,32.8386578],[118.293888,32.8396539],[118.2935554,32.8398838],[118.293727,32.8410398],[118.2926112,32.8411548],[118.292681,32.8416731],[118.2923323,32.8418849],[118.2930511,32.842268],[118.2954007,32.8465045],[118.2950574,32.846856],[118.2953578,32.8477934],[118.2974399,32.8510349],[118.2935125,32.8523857],[118.2913881,32.8527191],[118.2903421,32.8506642],[118.2903904,32.8485415],[118.2883787,32.8484289],[118.2871395,32.8487308],[118.286013,32.8475726],[118.2856804,32.8466127],[118.2847953,32.8467974],[118.2849133,32.8471084],[118.2844466,32.8473743],[118.2849044,32.8482089],[118.2844412,32.8486903],[118.2847685,32.849551],[118.2792968,32.851953],[118.2811904,32.8574238],[118.2815444,32.8593975],[118.2718134,32.8589919],[118.2670069,32.8573291],[118.2665272517899,32.85735983015997],[118.239016,32.923701],[118.24031778105612,32.93611823342103],[118.2440722,32.9383519]]]}},{"type":"Feature","properties":{"city_name":"盐城市","region":"苏北","osm_type":"relation","osm_id":3473496,"display_name":"盐城市, 亭湖区, 江苏省, 中国"},"geometry":{"type":"Polygon","coordinates":[[[120.8915987,32.6338707],[120.8791171,32.6335114],[120.8791189,32.6329211],[120.8587971,32.6324717],[120.8591583,32.6207612],[120.8465687,32.6204414],[120.8468586,32.6089713],[120.8480584,32.6088309],[120.8526085,32.6140612],[120.8530885,32.614261],[120.8583985,32.6122112],[120.8614885,32.6125311],[120.8642887,32.6132613],[120.8650186,32.611891],[120.8660584,32.6118612],[120.8662084,32.6116212],[120.8613085,32.609531],[120.8607983,32.6095909],[120.8536085,32.6071612],[120.8482285,32.6061014],[120.8469083,32.6060411],[120.8424185,32.6067812],[120.8395789,32.6082312],[120.8334883,32.6085814],[120.8318684,32.6041612],[120.8356885,32.6030411],[120.8364783,32.6019812],[120.8347683,32.6011513],[120.8263882,32.5991811],[120.8127581,32.5942716],[120.8102483,32.5919616],[120.8068081,32.5899516],[120.803068,32.5859018],[120.798208,32.5839917],[120.796768,32.5838517],[120.7968376,32.5836517],[120.7952577,32.5828117],[120.795688,32.5819917],[120.7951677,32.5817916],[120.7945679,32.5825416],[120.7944283,32.5832717],[120.7940078,32.5832617],[120.7940382,32.5823616],[120.7931179,32.5819817],[120.7927979,32.5837317],[120.7923381,32.5836817],[120.7924078,32.5827316],[120.7921579,32.5830217],[120.7909878,32.5828318],[120.7910683,32.5822717],[120.790368,32.5822418],[120.7903883,32.5811917],[120.7898781,32.5811317],[120.790018,32.5807818],[120.7890578,32.5806115],[120.788998,32.5811015],[120.7868978,32.5806817],[120.7871579,32.5830717],[120.7876677,32.5832918],[120.7890378,32.5994619],[120.7886884,32.6040616],[120.7829982,32.6038719],[120.7832081,32.6030119],[120.7818286,32.6027617],[120.7818582,32.601782],[120.7795682,32.6020317],[120.7793384,32.6037019],[120.7775283,32.6036119],[120.7775085,32.604042],[120.7731885,32.603752],[120.7715286,32.6052722],[120.770998,32.606712],[120.7678684,32.6064422],[120.7635323,32.6077548],[120.762088,32.6066318],[120.7582984,32.6058421],[120.7583683,32.6053822],[120.7597783,32.6055923],[120.7600683,32.6047022],[120.7576981,32.6045921],[120.7573678,32.6054421],[120.7569286,32.6046619],[120.7572282,32.6040219],[120.7562184,32.6043821],[120.7552182,32.603492],[120.7527181,32.603942],[120.7502581,32.603722],[120.7502184,32.6042823],[120.7391083,32.6037521],[120.7385783,32.6030725],[120.7380382,32.6030125],[120.7381582,32.6007823],[120.7369982,32.6004222],[120.7352179,32.6004324],[120.7350779,32.5969322],[120.7353683,32.5969423],[120.7357974,32.5900762],[120.7351879,32.5899322],[120.7353478,32.5877823],[120.7347078,32.5877623],[120.734608,32.5890022],[120.7328579,32.5885125],[120.7327279,32.5892023],[120.7308782,32.5885925],[120.7310683,32.5872725],[120.7294277,32.5871723],[120.729038,32.5889124],[120.7275979,32.5876923],[120.7276177,32.5873123],[120.725708,32.5872126],[120.725338,32.5941325],[120.7193784,32.5938722],[120.7193476,32.5927627],[120.7176581,32.5929227],[120.7176076,32.5937525],[120.715338,32.5936528],[120.7148077,32.5932727],[120.7150685,32.5959226],[120.7159378,32.5959825],[120.7160481,32.5964624],[120.7164285,32.6001726],[120.716408,32.6006925],[120.716078,32.6006826],[120.7159383,32.6029525],[120.713168,32.6030324],[120.7131579,32.6025226],[120.7089379,32.6024627],[120.7091082,32.6033527],[120.705358,32.6032025],[120.7056083,32.6057625],[120.7027432,32.6058737],[120.694798,32.6055328],[120.6947981,32.6045627],[120.6940684,32.6045229],[120.6936183,32.6037329],[120.692788,32.6037826],[120.6927678,32.6035126],[120.6901784,32.6036729],[120.6899683,32.6032027],[120.6886584,32.6024029],[120.6860483,32.6018526],[120.6837484,32.6008226],[120.6835378,32.6012427],[120.681658,32.600513],[120.6810983,32.5999528],[120.6790879,32.5995631],[120.6757178,32.5965629],[120.672558,32.5952128],[120.6723878,32.5940128],[120.6708478,32.5940732],[120.670858,32.592883],[120.6697075,32.5934329],[120.6694479,32.593253],[120.6697282,32.592673],[120.6689181,32.5925428],[120.6683681,32.5920031],[120.6673779,32.5926529],[120.6659381,32.5923428],[120.6660282,32.5891631],[120.6655484,32.587463],[120.6615975,32.5807731],[120.6583575,32.577433],[120.6584676,32.5756029],[120.6476975,32.5763631],[120.6473777,32.5841032],[120.6481076,32.5840729],[120.6482982,32.5865634],[120.6449878,32.5872332],[120.644828,32.588953],[120.6441979,32.5893931],[120.6441879,32.590263],[120.6423578,32.5898633],[120.6422079,32.5909632],[120.6430376,32.5926831],[120.6443379,32.5922429],[120.6457582,32.5960434],[120.6462778,32.5960233],[120.6461881,32.5951331],[120.647758,32.5957732],[120.6484876,32.5945933],[120.6530879,32.5961232],[120.652778,32.5983132],[120.6522681,32.5982629],[120.652138,32.5991632],[120.650968,32.5990433],[120.650728,32.599763],[120.6501678,32.5996133],[120.6495983,32.6034533],[120.651098,32.6043732],[120.6503583,32.6077131],[120.649838,32.607663],[120.6497082,32.6083333],[120.6489982,32.6081431],[120.6484884,32.6110332],[120.6456882,32.610943],[120.6446486,32.6115332],[120.6421283,32.6139932],[120.6420279,32.6148532],[120.6396728,32.6179385],[120.6373983,32.6171034],[120.6363282,32.6178731],[120.6383086,32.6160435],[120.6360983,32.6154734],[120.6357681,32.6136234],[120.633948,32.6135532],[120.6340184,32.6149535],[120.6304383,32.6150333],[120.6289886,32.6153835],[120.6285884,32.6153434],[120.6281983,32.6140034],[120.6269582,32.6137434],[120.6266583,32.6175135],[120.6274685,32.6175533],[120.627778,32.6184733],[120.6269085,32.6185334],[120.6269479,32.6202035],[120.6256285,32.6202034],[120.6246184,32.6197435],[120.6247681,32.6187134],[120.6241978,32.6175135],[120.623138,32.6176435],[120.622828,32.6168536],[120.6200783,32.6168334],[120.6201481,32.6130934],[120.618488,32.6129737],[120.6186181,32.6109634],[120.6166878,32.6100235],[120.6164979,32.6058634],[120.6135079,32.6045535],[120.6134773,32.6091911],[120.6161414,32.609283],[120.6151292,32.6112634],[120.6116777,32.6105636],[120.6117485,32.6071037],[120.610158,32.6067336],[120.610238,32.6056036],[120.609718,32.6056435],[120.6089585,32.6078536],[120.6090484,32.6088138],[120.610078,32.6118938],[120.6122778,32.6155834],[120.611798,32.6173238],[120.6131984,32.6179335],[120.6140484,32.6205235],[120.615718,32.6220036],[120.615838,32.6235636],[120.6150381,32.6247236],[120.6149287,32.6254236],[120.6152783,32.6263236],[120.6162982,32.6272237],[120.6162184,32.6299536],[120.6145788,32.6312536],[120.6122785,32.6313535],[120.6116383,32.6329236],[120.6106186,32.6323635],[120.609238,32.6333235],[120.6074286,32.6358635],[120.6054986,32.6367436],[120.6054086,32.6373137],[120.6061788,32.6378435],[120.6074083,32.6377334],[120.6081658,32.6390554],[120.6093513,32.6392358],[120.6092767,32.6394797],[120.6097262,32.6395776],[120.6099148,32.6388793],[120.6109084,32.6391135],[120.6091535,32.6411114],[120.609121,32.6416056],[120.6087735,32.6416359],[120.6087759,32.6419006],[120.6093855,32.6419551],[120.6090606,32.6426866],[120.6067197,32.6426799],[120.6067155,32.6423064],[120.6054784,32.6424438],[120.604029,32.6444638],[120.6025983,32.6454037],[120.6003285,32.6476537],[120.5987584,32.6504136],[120.596972,32.6515898],[120.5975903,32.651659],[120.5976678,32.6544785],[120.5930279,32.653885],[120.5960385,32.6521438],[120.5880486,32.6475937],[120.5880883,32.645854],[120.5872986,32.6457438],[120.5869186,32.6444641],[120.5847186,32.6430339],[120.5839085,32.6428439],[120.583949,32.641454],[120.5807286,32.6403541],[120.5807388,32.639664],[120.5761186,32.6396739],[120.5761782,32.6378938],[120.5685085,32.6377739],[120.5681582,32.638834],[120.5667386,32.638824],[120.5666887,32.6400839],[120.5632186,32.6387679],[120.5623782,32.639724],[120.5590784,32.6384841],[120.5553587,32.6377441],[120.5546828,32.6395821],[120.5473384,32.6369044],[120.5472383,32.6373242],[120.546278,32.6369642],[120.5457482,32.6381843],[120.544348,32.6380142],[120.5434685,32.6371141],[120.5371082,32.6336142],[120.5368886,32.6341343],[120.5342882,32.6358845],[120.5326784,32.6374946],[120.5317743,32.636676],[120.5314687,32.6370511],[120.5294082,32.6355245],[120.5288085,32.6361546],[120.5285585,32.6359346],[120.5276484,32.6366445],[120.5278384,32.6368844],[120.5271284,32.6375745],[120.5266887,32.6372745],[120.5261287,32.6379346],[120.5234886,32.6370345],[120.5231782,32.6373647],[120.5206185,32.6373944],[120.5206382,32.6357647],[120.5191084,32.6370148],[120.5185581,32.6371246],[120.5184183,32.6363648],[120.5169084,32.6375646],[120.5168785,32.6367345],[120.5112486,32.6379546],[120.5094086,32.6390747],[120.5094484,32.6384149],[120.5058584,32.6384448],[120.5059583,32.6411947],[120.5039983,32.641175],[120.5027285,32.6418249],[120.5028284,32.6440349],[120.5018085,32.6441346],[120.4964781,32.6431248],[120.4932585,32.6429047],[120.4913584,32.6423548],[120.4919283,32.6396751],[120.4930482,32.6251248],[120.4882578,32.6258847],[120.4878983,32.6262649],[120.4876881,32.6273946],[120.4837382,32.6282049],[120.4844985,32.6300849],[120.4813781,32.630915],[120.4805179,32.6333049],[120.4787083,32.6338248],[120.4754381,32.6339651],[120.475428,32.6343851],[120.4743182,32.634995],[120.4735479,32.634955],[120.4731581,32.6331351],[120.4712782,32.6339052],[120.4703081,32.6293252],[120.468148,32.6301552],[120.4648884,32.632705],[120.4630179,32.6334852],[120.4625682,32.6328549],[120.4622482,32.6329751],[120.4601278,32.6301551],[120.4580681,32.6339151],[120.4531784,32.6341754],[120.4530381,32.6320752],[120.447588,32.6332354],[120.4459981,32.6332753],[120.4456983,32.6319653],[120.4427881,32.6320454],[120.4427582,32.6326454],[120.4414581,32.6326352],[120.4414982,32.6320754],[120.4378981,32.6321554],[120.4378682,32.6350053],[120.4384282,32.6394551],[120.4380983,32.6402854],[120.4395883,32.6402854],[120.4417082,32.6412052],[120.4433183,32.6411955],[120.4426482,32.6423053],[120.4413485,32.6433551],[120.4404084,32.6427752],[120.439348,32.6437351],[120.4366882,32.6425155],[120.4347285,32.6449354],[120.4360284,32.6457253],[120.4318584,32.6500354],[120.4260484,32.6775556],[120.421339,32.6770859],[120.4197587,32.6772157],[120.4197788,32.6779056],[120.414139,32.6801757],[120.4105491,32.6804158],[120.4096888,32.6819759],[120.4117291,32.6826258],[120.4123288,32.6831558],[120.4102989,32.6857258],[120.4097491,32.6854059],[120.4078388,32.6878359],[120.4055788,32.6871359],[120.4053092,32.688506],[120.4041486,32.690716],[120.4025788,32.6903458],[120.4026089,32.6915258],[120.4017092,32.6914859],[120.4015991,32.690156],[120.3981589,32.689536],[120.3982589,32.690466],[120.3974886,32.6903959],[120.3974088,32.689336],[120.396779,32.6891659],[120.3966788,32.6900059],[120.3952989,32.6898558],[120.3952389,32.688746],[120.3941792,32.6884861],[120.3942389,32.689376],[120.3925492,32.6894758],[120.3924987,32.691026],[120.3891287,32.6908058],[120.388379,32.689876],[120.3875689,32.6921061],[120.3840588,32.693256],[120.386329,32.707156],[120.3885394,32.7071761],[120.3889794,32.7095859],[120.3867095,32.710216],[120.3866393,32.710786],[120.383209,32.7111762],[120.379629,32.7131063],[120.3780991,32.7130161],[120.3783192,32.7137962],[120.3756693,32.7146663],[120.3751391,32.7135362],[120.372737,32.7143406],[120.371289,32.7116963],[120.368129,32.7100762],[120.3662194,32.7080263],[120.3660292,32.7072464],[120.3556992,32.7080265],[120.3549293,32.7089065],[120.349169,32.7072065],[120.3469691,32.7055764],[120.3462988,32.7044266],[120.3431789,32.7048767],[120.3435092,32.7061965],[120.342159,32.7064368],[120.3414591,32.7072265],[120.336989,32.7077565],[120.3333439,32.7075484],[120.3285589,32.7065568],[120.3264793,32.7073267],[120.3273491,32.7030464],[120.3253392,32.7023765],[120.3255292,32.7009267],[120.323259,32.7006465],[120.322709,32.7006668],[120.322329,32.7021369],[120.3215087,32.7025365],[120.317225,32.7009839],[120.3136793,32.700977],[120.3132391,32.7022768],[120.3150692,32.7027167],[120.3139959,32.7038714],[120.3127643,32.7032477],[120.3120046,32.7050061],[120.3141091,32.7059767],[120.3122192,32.7075267],[120.308159,32.7058168],[120.3063593,32.7046368],[120.307379,32.703647],[120.3060589,32.7028668],[120.3063685,32.7024868],[120.3051986,32.7020567],[120.3064089,32.7006867],[120.3051686,32.6999368],[120.3027692,32.7024272],[120.2867988,32.689677],[120.2758785,32.683607],[120.2735988,32.6818971],[120.2639186,32.681427],[120.2613185,32.681877],[120.2557383,32.6820875],[120.2521085,32.6822174],[120.2494185,32.6818775],[120.2456283,32.6820873],[120.2459986,32.6794974],[120.2441684,32.6788775],[120.2445988,32.6779372],[120.2435584,32.6776073],[120.2439683,32.6761874],[120.2420586,32.6766273],[120.2418285,32.6750974],[120.2428685,32.6748274],[120.2422182,32.6728974],[120.2404886,32.6732174],[120.2415484,32.6751475],[120.2390084,32.6762274],[120.2392786,32.6738176],[120.2369485,32.6741574],[120.2367188,32.6753374],[120.2351185,32.6751676],[120.2351386,32.6763376],[120.2329185,32.6756576],[120.2314486,32.6748376],[120.2309385,32.6775777],[120.2292285,32.6773777],[120.2291587,32.6762977],[120.2302983,32.6752175],[120.2302684,32.6742277],[120.2297182,32.6742376],[120.226959,32.6794778],[120.2225487,32.6784177],[120.2197885,32.6782577],[120.2209885,32.6757976],[120.2186286,32.6742076],[120.2194181,32.6650176],[120.2189185,32.6605476],[120.220148,32.6597477],[120.2225879,32.6596778],[120.2212979,32.6563676],[120.2238781,32.6559775],[120.2236684,32.6542177],[120.2231081,32.6513577],[120.2183184,32.6510979],[120.2156183,32.6512978],[120.2172579,32.6445077],[120.2162581,32.6372775],[120.214308,32.6372578],[120.2133779,32.6327478],[120.211928,32.6330177],[120.211748,32.6319476],[120.2131275,32.6317076],[120.2128476,32.6307275],[120.2101278,32.6313476],[120.2082576,32.6294277],[120.2068977,32.6259876],[120.2069873,32.6249577],[120.2064281,32.6225578],[120.2047476,32.6192875],[120.2044975,32.6190378],[120.2023474,32.6191475],[120.2021076,32.6167777],[120.2038076,32.6167478],[120.2029877,32.6109479],[120.2050675,32.6096279],[120.2052775,32.6104279],[120.2057373,32.6103478],[120.2058176,32.6091276],[120.2080173,32.6083875],[120.2075077,32.6053678],[120.2037803,32.6054805],[120.2003177,32.6067479],[120.2000276,32.6057978],[120.1990476,32.6058179],[120.1987673,32.6035979],[120.1972423,32.6034277],[120.1942807,32.6041785],[120.1920443,32.6053011],[120.1922975,32.6129798],[120.1933062,32.6124241],[120.1939107,32.6136381],[120.1951712,32.6186538],[120.193769,32.6193258],[120.194313,32.6210442],[120.1941915,32.6225861],[120.1928045,32.6228383],[120.1884836,32.6226608],[120.1883415,32.6248506],[120.1878139,32.6249482],[120.1859544,32.6243581],[120.1855638,32.6255366],[120.1849489,32.6253975],[120.1823129,32.6271318],[120.1801452,32.6273819],[120.1780299,32.6322069],[120.1699973,32.6318099],[120.1700625,32.6236889],[120.1636488,32.6224649],[120.1638478,32.6211228],[120.1622675,32.6208308],[120.1620325,32.6221182],[120.1615827,32.6220603],[120.1606866,32.6245545],[120.1621252,32.6248299],[120.1614847,32.6266756],[120.1599814,32.6265078],[120.1594904,32.6281243],[120.158033,32.6280018],[120.1577811,32.6263277],[120.1530169,32.626713],[120.1530457,32.6250754],[120.1554176,32.6241453],[120.1554913,32.6243784],[120.1566002,32.6242948],[120.156219,32.6230731],[120.1557207,32.623154],[120.1561938,32.6190148],[120.1540404,32.619156],[120.1540317,32.6206422],[120.1463137,32.619054],[120.1462127,32.62361],[120.1445246,32.6236706],[120.1441017,32.6193934],[120.1429808,32.619506],[120.1430975,32.620721],[120.141972,32.6208111],[120.1418412,32.6196461],[120.1351515,32.6202516],[120.1352893,32.6170653],[120.130333,32.6168404],[120.1302433,32.6155316],[120.1241459,32.6155372],[120.1225022,32.6158633],[120.1230186,32.6131528],[120.1210528,32.6132216],[120.1210888,32.6122861],[120.1135636,32.612807],[120.1131073,32.6143431],[120.1076784,32.6152087],[120.106077,32.6162121],[120.1058146,32.6208145],[120.1074621,32.6207909],[120.106704,32.6258125],[120.1049755,32.6257988],[120.103876,32.6300408],[120.1019362,32.6303301],[120.1018988,32.6309709],[120.1055775,32.6325586],[120.1058784,32.6338545],[120.1068475,32.6343881],[120.1076745,32.6328764],[120.1092129,32.6333049],[120.1151412,32.636251],[120.1144247,32.6373923],[120.1144292,32.6380584],[120.113728,32.6388296],[120.114301,32.6420389],[120.11434,32.6448318],[120.1162157,32.644281],[120.1168868,32.6487245],[120.11515,32.64884],[120.1153681,32.6514295],[120.1148991,32.6514666],[120.1146963,32.6541038],[120.1123432,32.6538215],[120.111143,32.6557564],[120.1147651,32.6566849],[120.1128613,32.6591564],[120.1123678,32.6603658],[120.1121417,32.6642319],[120.1142223,32.6640652],[120.114426,32.6655583],[120.1158997,32.665399],[120.1176706,32.6658832],[120.1177705,32.6676092],[120.1187114,32.6714773],[120.1191886,32.6714497],[120.1194652,32.6726497],[120.1199447,32.6726356],[120.1201259,32.6744503],[120.1165316,32.6745524],[120.1165646,32.6760194],[120.1150898,32.6761668],[120.1145517,32.6750693],[120.1123729,32.6759668],[120.1124359,32.6787698],[120.1161833,32.6789577],[120.1161798,32.6821841],[120.1146524,32.6823674],[120.114433,32.6840988],[120.1171384,32.6839067],[120.11963,32.6843238],[120.1194664,32.6877173],[120.1223623,32.6870907],[120.1217462,32.6905427],[120.1238884,32.6904812],[120.1235599,32.6914994],[120.1278145,32.692401],[120.127594,32.6953112],[120.1303888,32.6963912],[120.1306712,32.6967481],[120.1287065,32.6977136],[120.1291374,32.6992473],[120.1314486,32.699437],[120.1317096,32.7001326],[120.1335637,32.7001021],[120.1377546,32.7009243],[120.1382989,32.7033021],[120.1433637,32.7040422],[120.143893,32.7020174],[120.1458955,32.7024715],[120.1458162,32.7039869],[120.1488963,32.7052454],[120.1494105,32.7086363],[120.1534031,32.7088153],[120.1525857,32.712132],[120.1514496,32.7120392],[120.151354,32.7149381],[120.1508581,32.7176314],[120.1562629,32.7186224],[120.1559681,32.7197092],[120.1577383,32.7205822],[120.1564327,32.7224824],[120.1575689,32.7229853],[120.1598404,32.7213146],[120.161967,32.7222647],[120.1627277,32.7212783],[120.1643077,32.7217646],[120.1671476,32.7210867],[120.1674419,32.7224072],[120.1686902,32.7223055],[120.1687618,32.722628],[120.17292,32.7244571],[120.1718255,32.725887],[120.1758112,32.7275198],[120.1751615,32.7317273],[120.1751723,32.7370405],[120.1759358,32.7376326],[120.1748084,32.7406195],[120.1751617,32.7436059],[120.1779712,32.7440216],[120.1779584,32.744301],[120.1827858,32.7446635],[120.1828729,32.7435277],[120.1841706,32.7436488],[120.1847455,32.7415688],[120.1890767,32.7421797],[120.1891035,32.7407818],[120.1900701,32.7411703],[120.1912784,32.7411769],[120.1921889,32.7448363],[120.1939399,32.7448089],[120.1936857,32.742931],[120.1947691,32.7428505],[120.1950343,32.7448961],[120.1979745,32.7448729],[120.2012405,32.7569091],[120.2000836,32.7568771],[120.199876,32.7581003],[120.1976981,32.7580071],[120.1960304,32.7583403],[120.1970004,32.7604986],[120.1994678,32.7602836],[120.1996041,32.7614535],[120.2001525,32.761423],[120.2003847,32.7627115],[120.2045299,32.7623212],[120.2086725,32.7675714],[120.2155271,32.7667572],[120.2158577,32.7687539],[120.2140126,32.7691578],[120.214571,32.7708751],[120.2190759,32.7698617],[120.2193443,32.7703838],[120.219832,32.7702738],[120.2203777,32.7722058],[120.2190729,32.772205],[120.2156053,32.7731006],[120.2191206,32.7754703],[120.220482,32.7772083],[120.2229826,32.7763689],[120.2258485,32.7792093],[120.2235724,32.7805003],[120.2266912,32.7830915],[120.2261688,32.7836095],[120.2239704,32.7829669],[120.2231353,32.7845104],[120.2218872,32.7841121],[120.2215495,32.7875701],[120.2204795,32.790962],[120.2186141,32.7903315],[120.2176578,32.7921488],[120.2167201,32.7917284],[120.2158909,32.7935022],[120.2145996,32.7931978],[120.2142145,32.7942931],[120.2131753,32.7940562],[120.2122202,32.7933718],[120.210314,32.793124],[120.208281,32.7933865],[120.2081524,32.7913427],[120.2031076,32.790346],[120.1962832,32.7904561],[120.1949277,32.7897409],[120.1916695,32.7919923],[120.1899786,32.7905122],[120.189985,32.7880405],[120.187194,32.7877909],[120.1870622,32.7860326],[120.1876206,32.7843884],[120.1889071,32.7838766],[120.1895107,32.7827632],[120.1838909,32.777539],[120.1814433,32.7768009],[120.1800428,32.7767285],[120.1796984,32.7779168],[120.1757007,32.779072],[120.1757044,32.7801363],[120.1750774,32.7802929],[120.1749322,32.7825444],[120.1741217,32.7822768],[120.1706985,32.7824651],[120.1668413,32.7822073],[120.1666481,32.782812],[120.1645631,32.7829919],[120.1647313,32.7838697],[120.1626817,32.7840281],[120.1624103,32.7833996],[120.1609587,32.7835395],[120.1588875,32.7843143],[120.1585461,32.7835007],[120.1570232,32.7836804],[120.1554758,32.7840362],[120.1555614,32.7844328],[120.1542644,32.7846753],[120.1542676,32.7850215],[120.1529307,32.7852684],[120.1531446,32.786642],[120.1541069,32.786496],[120.1547505,32.7901038],[120.1555419,32.789899],[120.15608,32.7915937],[120.1570441,32.7914828],[120.157711,32.7930583],[120.1591717,32.7927406],[120.1594709,32.7937741],[120.1606807,32.7931057],[120.1620022,32.7950898],[120.1632718,32.7959951],[120.1640427,32.7955116],[120.1654101,32.7964022],[120.163936,32.797888],[120.1657883,32.7989779],[120.1657584,32.7992918],[120.1666295,32.7999653],[120.1636145,32.8034338],[120.1624281,32.8040803],[120.1614043,32.8053966],[120.1571804,32.8062646],[120.1577605,32.8092493],[120.1538703,32.8095372],[120.1540573,32.8100648],[120.1537445,32.8112478],[120.1565887,32.8113475],[120.1565889,32.8135903],[120.1588023,32.8137476],[120.159082,32.8142212],[120.1604537,32.8142872],[120.160996,32.8149955],[120.1630183,32.8147337],[120.1637081,32.8164282],[120.1645986,32.8161039],[120.1651861,32.8174534],[120.16848,32.8165949],[120.1681938,32.815359],[120.171582,32.8150496],[120.1719784,32.8159077],[120.1797449,32.8156745],[120.1809628,32.8148808],[120.1814001,32.8134515],[120.1842151,32.8141464],[120.1833725,32.8155218],[120.1863159,32.8168384],[120.1858518,32.8196698],[120.1869861,32.8200499],[120.1865463,32.8202316],[120.1860251,32.8214792],[120.1868284,32.8241287],[120.186804,32.8261207],[120.1884744,32.8262335],[120.1881651,32.8276712],[120.1848313,32.8271248],[120.1847256,32.8283549],[120.1805444,32.8285107],[120.1804813,32.8297189],[120.1799147,32.8297257],[120.1799495,32.8325495],[120.1770982,32.8336848],[120.1824275,32.8387042],[120.1867357,32.8363128],[120.1872521,32.8364862],[120.1878006,32.8388974],[120.1906233,32.8385027],[120.1913479,32.8429665],[120.190853,32.8430931],[120.1910466,32.844433],[120.1887617,32.8448839],[120.190573,32.8464561],[120.1906082,32.8483047],[120.1899034,32.8494296],[120.1894585,32.851334],[120.1934602,32.8517936],[120.1944543,32.8521988],[120.1971632,32.8519265],[120.1974768,32.8528309],[120.1991572,32.8531384],[120.1991307,32.8544449],[120.2008949,32.8543479],[120.2009611,32.8538073],[120.2033445,32.853797],[120.2030296,32.855577],[120.2064229,32.8551534],[120.2065791,32.8589754],[120.206352,32.8606115],[120.2041416,32.8598305],[120.2030319,32.8599434],[120.202949,32.8631007],[120.2046215,32.8628735],[120.2048755,32.864293],[120.2045394,32.8688706],[120.2002783,32.8695587],[120.1999198,32.8683208],[120.1984594,32.8684046],[120.1984506,32.867859],[120.1930425,32.8683259],[120.1943554,32.8715554],[120.1922828,32.8718826],[120.1923984,32.8733133],[120.1912254,32.8737528],[120.1915454,32.8745783],[120.1901027,32.8750175],[120.1898802,32.8746852],[120.1871661,32.8757561],[120.1850536,32.876147],[120.1852833,32.8787261],[120.1820377,32.8788041],[120.1824294,32.875543],[120.1789224,32.8750905],[120.1783538,32.8772136],[120.1803163,32.8781062],[120.1801297,32.8811867],[120.1771906,32.8811013],[120.1773031,32.8779969],[120.1776885,32.8776269],[120.1767674,32.8772751],[120.1740378,32.8752384],[120.1729675,32.874914],[120.1725764,32.876245],[120.1729891,32.8797219],[120.1736342,32.8797624],[120.1737111,32.882014],[120.1771872,32.8822513],[120.177303,32.8839838],[120.1735676,32.8840171],[120.1739241,32.8855408],[120.1745345,32.8856405],[120.1744487,32.8881609],[120.1747571,32.8898644],[120.1739021,32.8899064],[120.1731225,32.8904795],[120.1727087,32.8929242],[120.174376,32.8938815],[120.1764286,32.8940575],[120.1760142,32.8957699],[120.1763578,32.8958729],[120.1762701,32.8972037],[120.1788821,32.8973943],[120.1786615,32.8986583],[120.1778875,32.8987234],[120.1771536,32.9016052],[120.1761337,32.9015904],[120.1757846,32.9028811],[120.1756751,32.904633],[120.1761637,32.9044617],[120.1765205,32.9046918],[120.1762233,32.9069787],[120.1758608,32.9074266],[120.1752725,32.9074133],[120.1758807,32.9102792],[120.1746417,32.9106729],[120.1752069,32.9125835],[120.17359,32.9129805],[120.1738605,32.9146467],[120.1719343,32.9167728],[120.1721644,32.9168854],[120.1708822,32.9195025],[120.1725898,32.9200106],[120.1729751,32.9205979],[120.1723915,32.9221179],[120.1727294,32.922182],[120.1724501,32.9258881],[120.1715564,32.9259287],[120.1715276,32.9272667],[120.1719768,32.9287674],[120.1724094,32.9287734],[120.1727322,32.9323846],[120.1741017,32.9323863],[120.1741772,32.9339797],[120.1976341,32.9321916],[120.1975802,32.9304597],[120.1979529,32.9303498],[120.1977727,32.9285064],[120.1992749,32.9281074],[120.1984776,32.9245324],[120.2022377,32.9242016],[120.2023122,32.9248268],[120.2042272,32.9247541],[120.2084408,32.9238442],[120.208956,32.9232105],[120.2110134,32.9230193],[120.2107731,32.9216206],[120.2127748,32.9214645],[120.212557,32.9203546],[120.2133121,32.9194496],[120.2147341,32.9192224],[120.2148406,32.9162307],[120.2151866,32.9155113],[120.2170405,32.9155242],[120.2207905,32.9149412],[120.2209549,32.9152498],[120.2225196,32.91503],[120.2226324,32.9154927],[120.223226,32.9154504],[120.2237968,32.9179997],[120.2243013,32.9179942],[120.2246507,32.92134],[120.2285141,32.921108],[120.2282311,32.9238938],[120.2329311,32.924346],[120.2329956,32.9268473],[120.2346101,32.9270231],[120.2346101,32.9295937],[120.2477353,32.9288386],[120.2479561,32.9312922],[120.2498755,32.9313196],[120.2513793,32.9310492],[120.251454,32.9287366],[120.2594603,32.9281657],[120.260095,32.9314344],[120.2627694,32.9314137],[120.2676719,32.9311017],[120.2676607,32.9307674],[120.2682436,32.9307092],[120.2681376,32.9300722],[120.2667008,32.9301363],[120.266599,32.927637],[120.2714071,32.9271222],[120.2712544,32.9274859],[120.2700773,32.9276039],[120.2700891,32.9279559],[120.2712551,32.9279468],[120.271656,32.9300894],[120.2781878,32.9290498],[120.2804924,32.9302472],[120.2864327,32.9345347],[120.2874926,32.9360811],[120.2872771,32.9414036],[120.2876974,32.9428616],[120.2893133,32.944343],[120.2905835,32.9466238],[120.2905835,32.9472665],[120.2837793,32.9487949],[120.2820222,32.9499485],[120.2816449,32.9504653],[120.2816232,32.9514526],[120.2780671,32.9521927],[120.2781529,32.9530621],[120.281946,32.9529205],[120.2820758,32.9545304],[120.2783127,32.9546416],[120.278136,32.9534705],[120.2753354,32.9535595],[120.2753339,32.9547873],[120.2783454,32.9551728],[120.2781858,32.9563696],[120.279259,32.9564485],[120.2789807,32.9583847],[120.2826617,32.9571472],[120.2869401,32.9569434],[120.2891759,32.9556221],[120.2900282,32.9559893],[120.289722,32.9581921],[120.2922503,32.9589313],[120.2932094,32.9554236],[120.295274,32.9559823],[120.2960168,32.9567891],[120.2962895,32.9577664],[120.2953133,32.9585432],[120.2938194,32.9587514],[120.2941001,32.9609035],[120.2967514,32.9609916],[120.2963793,32.963448],[120.294192,32.9682028],[120.297534,32.9719928],[120.3009644,32.9782986],[120.3017184,32.978032],[120.3018756,32.9783469],[120.3034251,32.9776269],[120.3038988,32.9785594],[120.3045819,32.9782664],[120.3057811,32.9809897],[120.3033111,32.9821021],[120.3077084,32.9941209],[120.3078973,32.9956684],[120.3072251,32.9991235],[120.3059689,33.0012698],[120.3050609,33.0068566],[120.3066575,33.007142],[120.3065104,33.0077631],[120.3131041,33.0120824],[120.3131879,33.0148381],[120.3088543,33.0123629],[120.309109,33.0109551],[120.3063127,33.0093464],[120.3064323,33.0088596],[120.3049066,33.0084304],[120.3039761,33.0213095],[120.3041013,33.0262626],[120.3024404,33.0262187],[120.3025335,33.0276033],[120.3046374,33.0275754],[120.3059345,33.0313407],[120.306392,33.0353893],[120.3060777,33.0404724],[120.3075566,33.0476161],[120.3083284,33.0489927],[120.3083564,33.0497795],[120.3071002,33.0513413],[120.3068013,33.0523982],[120.3072309,33.0562027],[120.3048773,33.0618467],[120.3048633,33.0635179],[120.3033645,33.06485],[120.3003897,33.0655897],[120.2999227,33.0660867],[120.3000255,33.0671903],[120.3005065,33.0677852],[120.3013191,33.0679535],[120.3015806,33.0688771],[120.2971814,33.0730097],[120.2935111,33.0746704],[120.2929837,33.0740183],[120.2930877,33.0730236],[120.2892455,33.0725378],[120.289158,33.072952],[120.2875927,33.072805],[120.2873761,33.0734873],[120.287802,33.073566],[120.2877479,33.0738291],[120.2910281,33.0745696],[120.2911067,33.074321],[120.2924332,33.0744868],[120.2930065,33.0750328],[120.2911665,33.0771499],[120.2905033,33.0794078],[120.2874772,33.0826516],[120.2866739,33.0843224],[120.2866272,33.0858249],[120.2890697,33.0902502],[120.2889249,33.091287],[120.2892751,33.0930868],[120.2890697,33.0970852],[120.2875286,33.103595],[120.2865805,33.1049642],[120.2846285,33.1065602],[120.2845538,33.107589],[120.2858707,33.1091576],[120.2861182,33.1117746],[120.2870195,33.1149507],[120.2890743,33.120321],[120.2902792,33.1279163],[120.2921705,33.1311506],[120.2866187,33.1328482],[120.2812216,33.1333774],[120.2811436,33.1324363],[120.2803712,33.1324792],[120.280219,33.1283699],[120.2787715,33.1284262],[120.2788374,33.1327375],[120.2792904,33.1327227],[120.2793258,33.1334488],[120.2605869,33.1342926],[120.2612407,33.1308356],[120.2590757,33.1307517],[120.2591543,33.1310678],[120.2585137,33.1311673],[120.2589292,33.1329251],[120.2581224,33.1330469],[120.2581073,33.1332878],[120.256733,33.133007],[120.2564645,33.1335901],[120.2550449,33.1329449],[120.252039,33.1328521],[120.2437493,33.1365187],[120.242443,33.136787],[120.2415248,33.1362607],[120.2347403,33.1366425],[120.2084848,33.1392921],[120.1947365,33.143652],[120.1748125,33.1510502],[120.1598127,33.1560568],[120.1560438,33.1566478],[120.1489007,33.1586685],[120.1405368,33.1622105],[120.1285722,33.1656819],[120.1219408,33.167961],[120.1155675,33.1706027],[120.1098383,33.1724691],[120.1053931,33.174448],[120.0894161,33.1800513],[120.0767933,33.183266],[120.0756533,33.1833072],[120.0715062,33.1815744],[120.042761,33.1654678],[120.0319642,33.16308],[120.018993,33.1595877],[120.0099887,33.1583877],[120.0102316,33.1544976],[120.0087839,33.1546344],[120.0084196,33.1583877],[119.9980406,33.1577215],[119.9973967,33.1601939],[119.997027,33.1602352],[119.9838867,33.1533837],[119.9774939,33.1539123],[119.9770067,33.1527114],[119.9777101,33.15257],[119.9775251,33.1521151],[119.9757909,33.149821],[119.9749353,33.1504792],[119.9739295,33.1507018],[119.9725537,33.1504889],[119.97223,33.151302],[119.9710276,33.1510987],[119.9702933,33.1528005],[119.9677171,33.1517665],[119.9644716,33.1516542],[119.931357,33.1571851],[119.9298393,33.1569857],[119.9245808,33.154679],[119.9192104,33.1535139],[119.9146991,33.1520477],[119.9083307,33.1509472],[119.9037014,33.1509354],[119.8986227,33.1502213],[119.8928786,33.1511013],[119.8908707,33.1520554],[119.8883644,33.1505732],[119.8852576,33.1493439],[119.8799317,33.1497365],[119.8801003,33.1483381],[119.8783017,33.1483739],[119.878103,33.1504673],[119.8769384,33.1504821],[119.8773861,33.1457097],[119.8726207,33.1461903],[119.870726,33.141539],[119.8618056,33.1442021],[119.8651045,33.1506325],[119.8640688,33.1508999],[119.8636846,33.1532662],[119.8640116,33.1543886],[119.861873,33.1547529],[119.8614937,33.1540601],[119.8556403,33.1543886],[119.8550136,33.1559839],[119.8564905,33.1560312],[119.8572426,33.1576464],[119.8555422,33.1587962],[119.8535147,33.1589604],[119.8529915,33.1581392],[119.8509641,33.1583034],[119.8509968,33.157619],[119.8530569,33.1574822],[119.8526645,33.1560312],[119.843975,33.1561889],[119.8279429,33.1534852],[119.8273543,33.1539506],[119.8255558,33.1509391],[119.8211611,33.152118],[119.8198986,33.1466954],[119.816465,33.1475168],[119.8078975,33.1475715],[119.8029597,33.1459835],[119.8019133,33.1480917],[119.7909913,33.143136],[119.7833067,33.1403432],[119.7764253,33.1390577],[119.7696677,33.1339132],[119.7601547,33.1313343],[119.7535819,33.1311973],[119.7516921,33.1339609],[119.7429869,33.1327035],[119.7396187,33.1395667],[119.7404363,33.1415479],[119.7357601,33.1433277],[119.7365776,33.144286],[119.7343213,33.1452169],[119.7348772,33.1466954],[119.732141,33.1488768],[119.7322323,33.1496365],[119.7402728,33.1489131],[119.7405671,33.1511855],[119.7398477,33.1524175],[119.737853,33.1520889],[119.7373951,33.1537042],[119.7396781,33.1540226],[119.7398477,33.1582761],[119.742783,33.1603122],[119.7443277,33.1595353],[119.7457338,33.1594258],[119.7458973,33.1605208],[119.7486441,33.1628203],[119.7483825,33.1635594],[119.7450144,33.1645996],[119.7447201,33.1633678],[119.7416789,33.1636689],[119.7415481,33.1630393],[119.7389975,33.1635594],[119.7399935,33.1682612],[119.7428561,33.1677475],[119.7442623,33.1735777],[119.7388775,33.1752137],[119.7359563,33.1729482],[119.729547,33.1731672],[119.7232614,33.1762545],[119.7238616,33.1785122],[119.7234647,33.1790244],[119.7243476,33.184498],[119.7235301,33.1848264],[119.7245438,33.1898892],[119.7239552,33.1904639],[119.7254922,33.1942677],[119.7263209,33.2011148],[119.7273234,33.2011359],[119.7273234,33.2048844],[119.7279447,33.2049665],[119.7319669,33.2034343],[119.7334384,33.204173],[119.7336673,33.2050212],[119.7358582,33.2051307],[119.7356947,33.2067723],[119.7283044,33.2074563],[119.7281409,33.2129829],[119.7254922,33.2131744],[119.7235955,33.2126273],[119.717564,33.2132434],[119.7177748,33.2185092],[119.7107795,33.2198066],[119.6884098,33.2258405],[119.6793804,33.2395646],[119.6831777,33.2393526],[119.6855777,33.2454196],[119.6885406,33.2493076],[119.6894562,33.2495264],[119.6897178,33.252097],[119.6910585,33.2520696],[119.6920501,33.2548026],[119.6962252,33.257484],[119.6945575,33.2593434],[119.6985142,33.2626247],[119.6951134,33.2647847],[119.6995092,33.2706815],[119.7072259,33.2708476],[119.7070818,33.2719208],[119.7077358,33.272659],[119.7091746,33.2724129],[119.7098613,33.2750922],[119.707605,33.2757483],[119.7085533,33.2799038],[119.7071472,33.2801225],[119.7064931,33.2809973],[119.7071472,33.2836489],[119.7051121,33.2843333],[119.7043277,33.2873604],[119.6989778,33.2890421],[119.7001528,33.2919782],[119.6961573,33.2958765],[119.6926242,33.2968167],[119.6913142,33.2945172],[119.6844366,33.2945172],[119.6827777,33.297684],[119.6771371,33.2959261],[119.6769985,33.2991659],[119.6705718,33.2982915],[119.6710228,33.2941165],[119.6643933,33.2882208],[119.6546196,33.2878166],[119.6513587,33.2812668],[119.6484629,33.2800863],[119.6426231,33.2827125],[119.6370139,33.2913964],[119.6300876,33.2970817],[119.6363796,33.300815],[119.6363589,33.3121448],[119.6289125,33.313801],[119.6259512,33.3167125],[119.6317813,33.3264652],[119.6281713,33.3267588],[119.6290315,33.3311245],[119.6255513,33.3316295],[119.6275818,33.3372114],[119.6119296,33.3367243],[119.6104013,33.3452082],[119.6051576,33.3445057],[119.6054425,33.3472799],[119.6096683,33.3483378],[119.6061949,33.3597786],[119.5960468,33.3602792],[119.5959786,33.3631354],[119.6008707,33.364834],[119.6062391,33.3653349],[119.6008204,33.3812597],[119.5910554,33.3803453],[119.5798401,33.3829759],[119.5654214,33.3785173],[119.563038,33.3824216],[119.5661849,33.3879258],[119.5627125,33.3911425],[119.5655941,33.3925109],[119.5648503,33.399643],[119.5670918,33.4017993],[119.5629063,33.4045397],[119.5661441,33.4061507],[119.5723043,33.4056892],[119.5771219,33.4145891],[119.5822553,33.4173578],[119.5872204,33.4144163],[119.5904559,33.4186044],[119.5878626,33.421247],[119.5793332,33.4238178],[119.6045267,33.4279044],[119.6089817,33.4265678],[119.613451,33.4337045],[119.6082142,33.4366877],[119.6107384,33.4379372],[119.6063561,33.4402792],[119.6070455,33.4423336],[119.6118217,33.4399916],[119.612708,33.4425391],[119.6099998,33.4445934],[119.6098521,33.4456206],[119.607784,33.4473872],[119.6078825,33.4491949],[119.6064076,33.4523799],[119.6091668,33.4543044],[119.6121365,33.4553536],[119.6105115,33.4595804],[119.6082492,33.4583841],[119.6088227,33.4566828],[119.604075,33.4554067],[119.6043759,33.4564968],[119.5964732,33.4545157],[119.597065,33.4573208],[119.5938468,33.4577195],[119.5952807,33.4609361],[119.593337,33.4616538],[119.5842887,33.4670014],[119.5743462,33.4656943],[119.573454,33.4697345],[119.5718332,33.4725629],[119.5706182,33.4766982],[119.5576178,33.4741733],[119.5540804,33.4740335],[119.5474214,33.4820933],[119.544012,33.4847243],[119.540284,33.4882588],[119.5383721,33.4913945],[119.5368817,33.4922246],[119.535122,33.4958852],[119.5329234,33.4959118],[119.5324136,33.4973733],[119.5293866,33.4911022],[119.5219623,33.4954867],[119.5228227,33.4990472],[119.5186167,33.5038033],[119.5175333,33.5030859],[119.5157489,33.5030859],[119.513922,33.503736],[119.5101409,33.5060617],[119.5095597,33.5083412],[119.5080061,33.5101532],[119.5042461,33.511269],[119.5023343,33.5140054],[119.5020378,33.5158124],[119.5000083,33.5186013],[119.4968219,33.5194513],[119.4960487,33.52023],[119.4944655,33.5198215],[119.493931,33.5201568],[119.492358,33.5222358],[119.4912559,33.5269685],[119.4875913,33.5373319],[119.4857015,33.5378321],[119.4860145,33.5393239],[119.4801432,33.542402],[119.478564,33.5380181],[119.4762061,33.5368229],[119.4765566,33.5353621],[119.4739119,33.5349637],[119.4732109,33.5382836],[119.4715222,33.5381243],[119.470152,33.542108],[119.474135,33.5424002],[119.4744218,33.5443389],[119.476939,33.5435687],[119.4767159,33.5460119],[119.4779184,33.5461565],[119.4765566,33.5507389],[119.4756963,33.550792],[119.4755051,33.5525712],[119.4776718,33.5523587],[119.4781817,33.5499953],[119.4866893,33.5505795],[119.4831843,33.5584926],[119.4816548,33.5604575],[119.4812468,33.5668608],[119.4766203,33.5752988],[119.4748033,33.58311],[119.4727221,33.5859716],[119.4706036,33.5921314],[119.4669019,33.5974101],[119.4648308,33.599321],[119.4649582,33.6051596],[119.46362,33.6145537],[119.4621224,33.6178175],[119.4604336,33.6193034],[119.4595414,33.6222752],[119.4599556,33.6255387],[119.4599238,33.6334183],[119.4606566,33.6368141],[119.4539418,33.6386874],[119.4709402,33.647016],[119.478237,33.650953],[119.4901218,33.6582763],[119.487655,33.6610809],[119.4847938,33.659021],[119.4846664,33.6597637],[119.4818305,33.6600554],[119.48148,33.6592067],[119.4788991,33.6595515],[119.4790265,33.6615406],[119.4762544,33.6613549],[119.477051,33.6656247],[119.4806516,33.6672159],[119.4812888,33.6701595],[119.482659,33.6712202],[119.4843478,33.671008],[119.4867375,33.6744818],[119.4854948,33.6750652],[119.4862933,33.6765323],[119.4835193,33.6775843],[119.484782,33.6815231],[119.4797409,33.6838287],[119.4778476,33.6850349],[119.4785804,33.6858569],[119.477274,33.6868379],[119.4781981,33.6874477],[119.478015,33.6878562],[119.4757127,33.6875007],[119.4738327,33.6898603],[119.4769235,33.6922729],[119.4776564,33.6939696],[119.4759676,33.6942877],[119.4724626,33.6932538],[119.4715386,33.6947649],[119.4728131,33.6978401],[119.4727852,33.698648],[119.4768279,33.6991126],[119.4832881,33.7040221],[119.4922619,33.713341],[119.4952322,33.7174682],[119.499262,33.7202614],[119.5037021,33.7221018],[119.503441,33.7277716],[119.5043364,33.7359129],[119.5035156,33.7409282],[119.5079931,33.7509185],[119.5126761,33.7574598],[119.5153173,33.7646083],[119.5194108,33.7721673],[119.5272975,33.7773811],[119.5301644,33.7889674],[119.5312838,33.7994686],[119.5349701,33.8023098],[119.5386867,33.8041093],[119.5410148,33.8056273],[119.5408282,33.8075495],[119.5382163,33.813874],[119.5391542,33.8175436],[119.5443729,33.8242278],[119.5508182,33.829909],[119.5545176,33.8430389],[119.5774495,33.8577915],[119.5859764,33.8671793],[119.5900435,33.8730037],[119.593471,33.8759618],[119.6016867,33.8792517],[119.6090729,33.8809961],[119.6128325,33.8807775],[119.6259382,33.8904435],[119.6353539,33.8967281],[119.6324306,33.9002925],[119.6352698,33.9095318],[119.6278723,33.9094582],[119.6263378,33.9143896],[119.6375187,33.9162225],[119.6401543,33.9223401],[119.64129,33.9268991],[119.6408259,33.9337023],[119.6395818,33.9421207],[119.6364556,33.9502249],[119.6309192,33.954046],[119.6248525,33.9518617],[119.6220283,33.948955],[119.6213484,33.9460481],[119.6146683,33.9466542],[119.6053243,33.9610792],[119.605576,33.9645756],[119.5969241,33.9645721],[119.5964011,33.9609284],[119.5930539,33.9622297],[119.58751,33.9591498],[119.5869347,33.9605814],[119.5847904,33.9598439],[119.5835352,33.9614489],[119.5891313,33.9647456],[119.5951851,33.9666273],[119.5931585,33.9706447],[119.5907004,33.9703411],[119.5892359,33.9731604],[119.591851,33.9740712],[119.5931484,33.9765074],[119.5919556,33.9784517],[119.5980991,33.9811537],[119.5923915,33.9906908],[119.5976037,33.9925939],[119.5940681,33.997834],[119.5881899,33.9988765],[119.5829076,33.9982261],[119.5829114,33.9999128],[119.5798219,33.9996136],[119.5795297,34.0065342],[119.5768408,34.0064641],[119.5773607,34.0085653],[119.5717676,34.0068543],[119.5643795,34.0060556],[119.5642621,34.0116081],[119.558065,34.0120417],[119.56591,34.0207703],[119.5647051,34.0243804],[119.5668514,34.025105],[119.5629778,34.0342433],[119.5648704,34.0351668],[119.5592155,34.0462986],[119.5571432,34.0476478],[119.5556558,34.0512894],[119.5498216,34.0612646],[119.548453,34.060931],[119.5475519,34.063011],[119.5505774,34.0642435],[119.5502936,34.0647168],[119.5505019,34.0649805],[119.553733,34.0663487],[119.5610987,34.0720081],[119.5639525,34.0723624],[119.5712385,34.0712777],[119.5727275,34.0716913],[119.5748915,34.0734298],[119.5762167,34.0750774],[119.5773239,34.0775384],[119.5785487,34.0784721],[119.5806465,34.0793998],[119.5800013,34.0858606],[119.5791459,34.0868236],[119.5790389,34.0891619],[119.579423,34.0900999],[119.5823501,34.0914161],[119.5835875,34.0911822],[119.5865686,34.0929147],[119.5863594,34.0936943],[119.5829923,34.0929679],[119.5807367,34.094925],[119.5773638,34.0956432],[119.5709308,34.1020096],[119.571663,34.1027891],[119.5726044,34.1023993],[119.5735981,34.102919],[119.5716238,34.103995],[119.5691526,34.1033954],[119.5686068,34.10242],[119.564195,34.1015319],[119.5648047,34.0991381],[119.5664053,34.0996181],[119.5671652,34.0987182],[119.5651844,34.0975053],[119.5656675,34.0968385],[119.5652544,34.0965249],[119.56591,34.0952968],[119.5646873,34.0948609],[119.5628831,34.0994981],[119.5618258,34.1039135],[119.5615079,34.1038262],[119.5603952,34.1060676],[119.5573579,34.1046466],[119.5570828,34.1041717],[119.5562247,34.1037687],[119.557438,34.1015153],[119.5563292,34.1010726],[119.5557416,34.1017613],[119.55517,34.101467],[119.5503936,34.1100192],[119.5484032,34.1128973],[119.5472922,34.1160977],[119.5460997,34.1158494],[119.5449375,34.118378],[119.5411071,34.1174454],[119.541734,34.1153554],[119.538261,34.1147513],[119.5385969,34.1135487],[119.5377455,34.1132916],[119.5357757,34.1118415],[119.5330013,34.1109472],[119.530037,34.1163512],[119.5288757,34.1159508],[119.5250739,34.1222091],[119.5203333,34.1280881],[119.5190282,34.1304154],[119.5169568,34.1287257],[119.5157539,34.130241],[119.5165907,34.1310202],[119.5159108,34.1317129],[119.5178982,34.1330982],[119.5153956,34.1373358],[119.5236512,34.1395916],[119.5219776,34.1430978],[119.5231282,34.1442232],[119.5227621,34.1455218],[119.5250481,34.1466018],[119.5242265,34.1487248],[119.5262139,34.1490711],[119.5257444,34.150397],[119.5269276,34.1506404],[119.5264755,34.1533127],[119.5289336,34.1544379],[119.5287767,34.1557363],[119.5297181,34.1562557],[119.5289085,34.1588716],[119.5270975,34.1587201],[119.525862,34.1638185],[119.5229724,34.163291],[119.5218021,34.1661795],[119.51612,34.1645649],[119.5158139,34.1651923],[119.5080134,34.1627906],[119.5080657,34.161752],[119.506026,34.1609297],[119.5046514,34.164473],[119.5016851,34.1658198],[119.5011621,34.1678104],[119.4992792,34.1691519],[119.4974487,34.1730896],[119.5028406,34.1751961],[119.5188736,34.1828624],[119.5237276,34.1874862],[119.530788,34.190528],[119.5362397,34.1980359],[119.5478991,34.2085536],[119.5545189,34.2070158],[119.559212,34.2070679],[119.5631098,34.2079779],[119.5739421,34.211565],[119.5772267,34.2138507],[119.5844006,34.2201063],[119.5940437,34.2258065],[119.603276,34.2290575],[119.6057154,34.2304719],[119.6281567,34.2457716],[119.6327877,34.2484194],[119.6532476,34.2545464],[119.6606111,34.2583184],[119.6658841,34.2615673],[119.669441,34.2643576],[119.6867386,34.2759498],[119.6961798,34.2818446],[119.7111082,34.2927503],[119.717288,34.3005146],[119.7208929,34.3033862],[119.7284116,34.3062693],[119.7331913,34.3085274],[119.7343943,34.3096382],[119.7361198,34.3132253],[119.7377032,34.320716],[119.7391857,34.3228437],[119.7452082,34.3253815],[119.7487368,34.3273972],[119.7497257,34.3284598],[119.7508165,34.3304237],[119.7509336,34.3334254],[119.7491848,34.3394408],[119.7475433,34.3437196],[119.7480878,34.3463822],[119.7506003,34.3497454],[119.7525252,34.3509402],[119.7544956,34.3516918],[119.7663831,34.3551639],[119.7675601,34.3557438],[119.7703756,34.3583696],[119.7721095,34.3617564],[119.7738504,34.3683425],[119.7762537,34.3710346],[119.7798585,34.3730182],[119.7925615,34.376029],[119.7973466,34.3785172],[119.7993421,34.3810231],[119.7998252,34.3821271],[119.7996854,34.3832544],[119.7975118,34.3878762],[119.7855234,34.4011735],[119.7830772,34.405635],[119.7822618,34.4102733],[119.7828626,34.4137076],[119.7909319,34.4271614],[119.7935915,34.4338502],[119.7941494,34.4390532],[119.7921926,34.4475428],[119.7894016,34.4541123],[119.7949541,34.4538198],[119.8034641,34.4513098],[119.8063737,34.4640533],[119.8087534,34.4647188],[119.8120525,34.4649808],[119.8141189,34.4645488],[119.8142219,34.4640983],[119.8154303,34.4637791],[119.8179187,34.4700476],[119.8191899,34.470299],[119.82963317888127,34.48124480296627],[119.963672,34.447803],[120.201465,34.325684],[120.266699,34.274023],[120.322656,34.168994],[120.425684,33.866309],[120.499805,33.716455],[120.504785,33.638184],[120.615625,33.490527],[120.71574206330371,33.276637636483635],[120.6952756,33.2825369],[120.6886005,33.2827811],[120.6875816,33.2833806],[120.6831989,33.2887887],[120.6748703,33.3074143],[120.6641432,33.3298224],[120.6636502,33.3313858],[120.6631009,33.3368357],[120.6649045,33.3428635],[120.6654761,33.348312],[120.6615158,33.3886325],[120.6601409,33.3913937],[120.6583857,33.3930025],[120.6506567,33.3967557],[120.6411724,33.3998871],[120.5996601,33.4100395],[120.5980298,33.4063899],[120.5953882,33.402341],[120.5797747,33.3852805],[120.5770624,33.3817902],[120.5754746,33.3788588],[120.574379,33.3747043],[120.5748261,33.3694719],[120.5695373,33.3691136],[120.5698457,33.3751112],[120.570745,33.3789249],[120.5703566,33.3809115],[120.5655863,33.4407127],[120.564603,33.4431436],[120.5459851,33.4339127],[120.5514605,33.4248136],[120.53314,33.4237379],[120.5352463,33.3991937],[120.5251778,33.3985953],[120.5257266,33.3924295],[120.5249534,33.3925334],[120.5120866,33.3812626],[120.5126015,33.3755861],[120.5134942,33.3753854],[120.5157944,33.3734071],[120.5165606,33.3658918],[120.4996991,33.3648585],[120.4997179,33.3645897],[120.5081239,33.3650724],[120.5083412,33.362466],[120.5076706,33.3624357],[120.5078503,33.3602616],[120.5053411,33.3601126],[120.5055141,33.357963],[120.5003308,33.3576729],[120.4999701,33.3619646],[120.4884819,33.3612623],[120.4886896,33.3590219],[120.4873104,33.3588928],[120.487525,33.3568721],[120.4962575,33.3574178],[120.496444,33.3552628],[120.5001947,33.3554978],[120.5003644,33.3533701],[120.4959863,33.3530835],[120.4961599,33.3509136],[120.4941443,33.3507971],[120.4940785,33.3515241],[120.4933543,33.3517224],[120.4931706,33.3529087],[120.4885223,33.3526242],[120.488972,33.3481912],[120.501119,33.34907],[120.5013421,33.3467442],[120.4959004,33.3464288],[120.4961064,33.3443064],[120.4967588,33.3443208],[120.4969819,33.3422127],[120.5017026,33.3424995],[120.5018914,33.3403627],[120.515693,33.3411515],[120.5161222,33.3367057],[120.5022691,33.3358309],[120.5025094,33.333737],[120.4977372,33.3334071],[120.498132,33.3291474],[120.4994882,33.3292765],[120.499677,33.327082],[120.5030416,33.3272685],[120.5028699,33.3294343],[120.5071958,33.3297355],[120.5074018,33.3274549],[120.5089124,33.3275697],[120.5094504,33.3205544],[120.5259517,33.3216113],[120.52641,33.3168347],[120.5321406,33.3171604],[120.5333538,33.3039427],[120.5309282,33.3037902],[120.5307008,33.3061526],[120.5292938,33.3060819],[120.5294828,33.3036678],[120.5235918,33.303307],[120.5244158,33.2925317],[120.5290425,33.2928216],[120.5288688,33.2949638],[120.5340549,33.2952606],[120.5347925,33.2860311],[120.577076,33.2885844],[120.5834748,33.2056058],[120.5840928,33.2052324],[120.6448141,33.2088824],[120.6237813,33.2465519],[120.72531129460772,33.25619400054969],[120.734473,33.236621],[120.871094,33.016504],[120.897363,32.843213],[120.853027,32.764111],[120.853223,32.661377],[120.89254891051071,32.63424195491495],[120.8915987,32.6338707]],[[120.669263,32.9789749],[120.6708696,32.9788714],[120.6710735,32.9762523],[120.6693864,32.9759058],[120.6695138,32.9730549],[120.6781036,32.9731111],[120.678125,32.9712795],[120.6786695,32.9707754],[120.6786588,32.9695108],[120.6794755,32.9694815],[120.6795023,32.9691181],[120.6802399,32.969126],[120.6807268,32.9686107],[120.680657,32.9664099],[120.6871842,32.9663851],[120.6872191,32.9630568],[120.6856942,32.963077],[120.6857331,32.9571346],[120.6846106,32.9570884],[120.6837255,32.9555715],[120.6812122,32.9550106],[120.6781451,32.9549031],[120.6781344,32.9522946],[120.681284,32.9509149],[120.6813665,32.9499279],[120.6819043,32.9498458],[120.6818895,32.9477874],[120.6883295,32.9477216],[120.6883268,32.9548446],[120.6922898,32.9548153],[120.692334,32.9476884],[120.6930079,32.9476856],[120.6928638,32.9384246],[120.6948861,32.9384145],[120.6949171,32.9329479],[120.6966309,32.9344424],[120.7004276,32.9367949],[120.7039976,32.9398631],[120.7130366,32.943055],[120.7131547,32.9568792],[120.7273432,32.956829],[120.7274106,32.9662681],[120.7412987,32.9661963],[120.7411384,32.9756483],[120.7473849,32.9755788],[120.7476827,32.984863],[120.752221,32.9848765],[120.7522666,32.99415],[120.7275018,32.9942693],[120.7274656,32.9850205],[120.7227757,32.985034],[120.7226685,32.9756561],[120.7184641,32.9756144],[120.7185084,32.9850599],[120.7171847,32.9850981],[120.7171968,32.9909004],[120.7166161,32.9915044],[120.7165128,32.9954885],[120.7165825,32.9962658],[120.7191682,32.9962264],[120.7192366,32.9981262],[120.7199031,32.9981633],[120.7200024,33.0038207],[120.7167891,33.0048307],[120.7145897,33.0064929],[120.7135892,33.0078493],[120.711312,33.0129168],[120.7013476,33.0113491],[120.6987056,33.0170101],[120.6987163,33.0183461],[120.699285,33.0189241],[120.6990999,33.01961],[120.7012966,33.0203454],[120.7006811,33.021742],[120.6808153,33.0150175],[120.6803392,33.0124084],[120.6797766,33.0123269],[120.6797799,33.0094485],[120.6810245,33.0096071],[120.6812263,33.0092196],[120.6842297,33.0095913],[120.6840936,33.0039849],[120.7044281,33.003878],[120.704349,32.9990518],[120.698019,32.999279],[120.6979224,32.985151],[120.6886279,32.9852421],[120.6886795,32.994519],[120.6861167,32.9945223],[120.6860389,32.985214],[120.6690766,32.9852545],[120.669263,32.9789749]]]}},{"type":"Feature","properties":{"city_name":"苏州市","region":"苏南","osm_type":"relation","osm_id":4430941,"display_name":"苏州市, 江苏省, 中国"},"geometry":{"type":"MultiPolygon","coordinates":[[[[119.9813462,31.0610817],[119.9777627,31.0656125],[119.9697563,31.0709265],[119.96613,31.074832],[119.9596927,31.0859319],[119.9557766,31.0917662],[119.9512518,31.0961646],[119.9476147,31.1005835],[119.943409,31.1068119],[119.942615,31.1087409],[119.9434036,31.1130352],[119.9425024,31.1163144],[119.9410724,31.1185921],[119.9394095,31.122289],[119.9366629,31.1314823],[119.9365264,31.1376858],[119.9369985,31.1399908],[119.9369663,31.1422681],[119.9364942,31.1442424],[119.9335439,31.1487876],[119.9317628,31.1503761],[119.9265915,31.153957],[119.9232844,31.1568284],[119.9203604,31.1599567],[119.9182415,31.1627844],[119.9165919,31.1656694],[119.9170697,31.171678],[119.9162087,31.1737709],[120.2307287,31.353869],[120.232036,31.356862],[120.2827995,31.3835351],[120.4140884,31.450179],[120.4187393,31.4506664],[120.4195064,31.450012],[120.4202762,31.4478771],[120.4217487,31.4472732],[120.4232661,31.4472709],[120.423232,31.4481535],[120.4246267,31.4481527],[120.4247123,31.4479021],[120.4258546,31.4481532],[120.426453,31.4471858],[120.4273706,31.4471038],[120.4283094,31.4463211],[120.430026,31.4443259],[120.4328048,31.4448124],[120.42692,31.4504089],[120.4296009,31.4507528],[120.4359698,31.4501745],[120.4551612,31.4474175],[120.4682448,31.448321],[120.4769021,31.4511417],[120.4896216,31.4529048],[120.4913528,31.4528735],[120.4960166,31.4587212],[120.4972145,31.4596467],[120.4990551,31.4601409],[120.5072644,31.4600303],[120.5094721,31.4607711],[120.5102524,31.4616902],[120.5113151,31.4658504],[120.5117636,31.4665748],[120.512728,31.4672627],[120.5189651,31.4699291],[120.5218505,31.4702908],[120.5252238,31.4691718],[120.526969,31.4690349],[120.5380983,31.4714702],[120.5390826,31.4720494],[120.5410301,31.4742661],[120.5430015,31.475904],[120.5500302,31.4799581],[120.5487052,31.4832519],[120.5487749,31.4860114],[120.548518,31.486753],[120.5435317,31.4883249],[120.5431155,31.4876491],[120.5425554,31.4883654],[120.541847,31.4886571],[120.5419331,31.4902227],[120.5408683,31.4901838],[120.5398678,31.4896188],[120.5391294,31.489802],[120.5390331,31.4907185],[120.5391678,31.4914509],[120.5400878,31.4915035],[120.5415523,31.4924115],[120.5418031,31.4929878],[120.5432742,31.4933927],[120.544162,31.4961578],[120.5425099,31.496805],[120.5424026,31.4979051],[120.5408839,31.4980144],[120.540621,31.4996381],[120.5397557,31.4995505],[120.5395513,31.5002446],[120.5429846,31.5003681],[120.5437981,31.5019998],[120.5449479,31.5022937],[120.5471823,31.506234],[120.5499261,31.5101649],[120.5502998,31.5119218],[120.5617955,31.512452],[120.5634363,31.5129361],[120.5701508,31.5198209],[120.5872056,31.5330219],[120.587713,31.5325811],[120.587645,31.5294982],[120.5884501,31.5265107],[120.5888879,31.5228141],[120.590553,31.5182567],[120.5933699,31.5181521],[120.5941612,31.5210559],[120.596854,31.5204591],[120.5971974,31.5206192],[120.5997532,31.525972],[120.6005139,31.5282741],[120.5990502,31.5291125],[120.5998364,31.5306248],[120.5994955,31.5307403],[120.5998313,31.5312871],[120.5986855,31.5317919],[120.5963114,31.5337393],[120.5969654,31.5348448],[120.5984889,31.5339443],[120.6002283,31.5374506],[120.6001586,31.5381844],[120.5982006,31.5392702],[120.5972618,31.5401664],[120.5971384,31.5408109],[120.5972403,31.5426671],[120.5986297,31.5468183],[120.5994424,31.5482834],[120.5984226,31.5484933],[120.595433,31.5505893],[120.5934391,31.5665263],[120.5909661,31.5774897],[120.5803231,31.5858225],[120.5783275,31.5857439],[120.5782256,31.5873552],[120.5694016,31.5879223],[120.56625,31.5877208],[120.5647716,31.5873113],[120.5632291,31.5861058],[120.5656377,31.582296],[120.5642405,31.5818322],[120.5653813,31.579706],[120.5556231,31.5763783],[120.5554944,31.5766068],[120.5548136,31.5764345],[120.5534889,31.5789206],[120.5480132,31.5770748],[120.5456593,31.5767165],[120.5413463,31.5788662],[120.5411746,31.5792318],[120.5421016,31.5827873],[120.543065,31.5840787],[120.5434513,31.5858518],[120.5421397,31.5880397],[120.5410877,31.5883715],[120.5399268,31.5965123],[120.5395674,31.5968093],[120.539605,31.5978648],[120.5386093,31.5980037],[120.5387091,31.60364],[120.5390897,31.6055175],[120.5385696,31.6064726],[120.5392992,31.6075737],[120.5404847,31.6073178],[120.5412578,31.607557],[120.5414954,31.6080369],[120.543889,31.6073327],[120.5438375,31.6066828],[120.5444212,31.6073873],[120.5491719,31.6062825],[120.549542,31.6067394],[120.5524882,31.6037505],[120.5524246,31.6033147],[120.5541211,31.6024795],[120.5538604,31.6036327],[120.5585736,31.6044258],[120.560671,31.6054081],[120.5612365,31.6046012],[120.5634364,31.6049645],[120.563173,31.6061044],[120.5620497,31.6073681],[120.5617514,31.6072054],[120.5611163,31.6077792],[120.5600777,31.6080232],[120.5593085,31.6087524],[120.5613435,31.609738],[120.5610734,31.6100818],[120.5613856,31.6102353],[120.5612118,31.6104694],[120.5620604,31.6109041],[120.5617032,31.6115136],[120.5622482,31.6118133],[120.5641577,31.6119183],[120.5659848,31.6103004],[120.5668187,31.6108173],[120.5668884,31.6104199],[120.567339,31.6105387],[120.5669313,31.6112614],[120.5674839,31.6114341],[120.5675214,31.6117904],[120.5690216,31.6117075],[120.568149,31.6123934],[120.5696296,31.6136589],[120.5691415,31.6139147],[120.5688679,31.6136863],[120.568192,31.6141294],[120.5688357,31.6150248],[120.5690234,31.6162994],[120.5690256,31.6168768],[120.5686308,31.6171892],[120.5696959,31.6184994],[120.5733364,31.6161669],[120.5805344,31.6155986],[120.5836254,31.6149746],[120.5866885,31.613668],[120.588845,31.6139421],[120.5923426,31.6155913],[120.5949389,31.6181495],[120.5947421,31.6190556],[120.5929925,31.6202606],[120.5932618,31.6207878],[120.5935563,31.6206685],[120.5941236,31.6221967],[120.5930134,31.6227374],[120.5932331,31.623896],[120.5865544,31.6284089],[120.5856982,31.6287716],[120.5845234,31.6287716],[120.5853568,31.6305189],[120.5850148,31.6307064],[120.5859348,31.631962],[120.5874089,31.6312972],[120.5879566,31.6316035],[120.5885467,31.6312837],[120.5882785,31.630859],[120.5888329,31.6304595],[120.5894412,31.6316912],[120.5898181,31.6315167],[120.5902537,31.6323722],[120.5901078,31.632714],[120.5910087,31.6341562],[120.58649,31.6372606],[120.5846709,31.6393667],[120.5858495,31.6403518],[120.5868475,31.6397807],[120.588271,31.6407544],[120.587815,31.6412157],[120.5870339,31.6408978],[120.5877831,31.6436229],[120.5881315,31.6437457],[120.5887916,31.6431075],[120.5895179,31.6429913],[120.5906581,31.6441431],[120.5902826,31.6450519],[120.5917426,31.6447635],[120.5919241,31.6461844],[120.5924391,31.6459698],[120.5929348,31.6470311],[120.5890059,31.6500113],[120.5883265,31.6541145],[120.5857626,31.6549586],[120.5853873,31.653732],[120.582328,31.654333],[120.5818014,31.6534934],[120.5802422,31.6537066],[120.579938,31.6532687],[120.5815559,31.6530297],[120.5810553,31.6522176],[120.5789495,31.6525416],[120.5782363,31.6540681],[120.5773496,31.6533473],[120.575305,31.654756],[120.5751334,31.6563542],[120.5737011,31.6558336],[120.5726282,31.6564958],[120.5727207,31.6554948],[120.5721026,31.6554911],[120.5721746,31.6559088],[120.57109,31.6561259],[120.5703797,31.6552462],[120.5672702,31.6576359],[120.566259,31.6570665],[120.5659549,31.6574501],[120.5649729,31.6572754],[120.5650161,31.6582126],[120.5636804,31.6578017],[120.5618328,31.6582186],[120.5622373,31.6593859],[120.5615437,31.6595679],[120.5611862,31.6586307],[120.5602257,31.6585186],[120.560149,31.6577448],[120.5596128,31.6578158],[120.5596538,31.658514],[120.5593601,31.6585343],[120.5593333,31.6578307],[120.5588846,31.6578492],[120.5588478,31.6567232],[120.5596514,31.6567293],[120.559646,31.6561005],[120.5574898,31.6561031],[120.5571358,31.6554044],[120.5567388,31.6555916],[120.5560843,31.655304],[120.5554913,31.6558713],[120.5550324,31.6554672],[120.5520447,31.6585231],[120.5530159,31.6591307],[120.552708,31.6594781],[120.5532224,31.6599911],[120.5522555,31.6607146],[120.5530534,31.66129],[120.553558,31.6607295],[120.5551456,31.6616598],[120.5564488,31.6610228],[120.5569748,31.6614315],[120.5575488,31.6610206],[120.5581121,31.6616826],[120.5586826,31.6612276],[120.5594746,31.662436],[120.5600916,31.6622853],[120.5605207,31.6630981],[120.5621029,31.6628629],[120.5640934,31.661774],[120.564764,31.6616781],[120.5648978,31.6619931],[120.5643399,31.6651253],[120.5649531,31.6653525],[120.5638198,31.6678785],[120.564279,31.6699408],[120.5634532,31.6698933],[120.5634143,31.6704316],[120.5641189,31.6704738],[120.5643885,31.6700928],[120.5645252,31.6707272],[120.5630956,31.6706133],[120.5623071,31.6716131],[120.5629132,31.6716679],[120.5628003,31.6721952],[120.5637445,31.6723559],[120.5626439,31.6739388],[120.5628435,31.6742291],[120.5637608,31.6746745],[120.5649295,31.6743134],[120.5651985,31.6752518],[120.5634317,31.6753075],[120.5636213,31.6764022],[120.562865,31.6766077],[120.5631064,31.6777216],[120.5621461,31.6782648],[120.5627416,31.6795933],[120.5620595,31.6799943],[120.5623661,31.6808167],[120.5607938,31.6811669],[120.5595817,31.6806024],[120.5600148,31.6809388],[120.5593894,31.6825076],[120.5585788,31.6824875],[120.5592609,31.6832919],[120.5603115,31.6836059],[120.5618401,31.6851785],[120.5619047,31.6875271],[120.5637715,31.6873217],[120.5638088,31.6878717],[120.563557,31.6879562],[120.5640237,31.6892663],[120.5649407,31.6889148],[120.5663194,31.6904827],[120.5659173,31.6910921],[120.5661638,31.6913089],[120.5680577,31.6918544],[120.5726258,31.6915933],[120.5726899,31.6920796],[120.5721097,31.6919386],[120.5719885,31.6926294],[120.5716202,31.6926846],[120.5716723,31.6932801],[120.571094,31.6933789],[120.571389,31.6939495],[120.5732719,31.6923975],[120.5742643,31.6920461],[120.5745859,31.6936434],[120.5740428,31.6937828],[120.5743124,31.6947094],[120.573685,31.6948532],[120.573902,31.69595],[120.5806606,31.6949691],[120.5808183,31.6957446],[120.5813829,31.695652],[120.5828415,31.6984775],[120.584049,31.698071],[120.5848213,31.6995548],[120.5841984,31.7000427],[120.5850313,31.6998887],[120.5852893,31.7005824],[120.5838685,31.7011278],[120.5841936,31.7014234],[120.5855339,31.701058],[120.5873535,31.7025],[120.5877988,31.7021924],[120.5891664,31.7035182],[120.5909753,31.707023],[120.5917953,31.7076341],[120.5938198,31.7081247],[120.5939198,31.7086443],[120.5967305,31.7091431],[120.5970143,31.7098585],[120.5968067,31.7111604],[120.5955665,31.7117946],[120.5959527,31.7124791],[120.5951311,31.7133188],[120.5916987,31.714309],[120.5895765,31.7133176],[120.5883382,31.7136832],[120.5885015,31.7142862],[120.5882279,31.7143912],[120.588689,31.7155389],[120.5876754,31.7174942],[120.5861991,31.7168613],[120.5836242,31.7174723],[120.5820213,31.7156461],[120.5795966,31.7156826],[120.5793013,31.7146038],[120.578926,31.7144231],[120.5784003,31.715961],[120.5779569,31.715992],[120.5780822,31.7172565],[120.5789475,31.7172843],[120.5791564,31.7159861],[120.5795963,31.7159769],[120.5798144,31.7202244],[120.5782405,31.7206428],[120.5784057,31.7212497],[120.577336,31.7216955],[120.5774079,31.7232757],[120.5767427,31.7232848],[120.5768173,31.7246021],[120.5764101,31.7259997],[120.5776815,31.7263328],[120.5777327,31.7267263],[120.5759285,31.7276986],[120.5758877,31.7288805],[120.5767655,31.7296479],[120.5785076,31.7302704],[120.579293,31.7319825],[120.580133,31.7316118],[120.5803902,31.7322529],[120.5793643,31.732642],[120.5800365,31.7338885],[120.5797197,31.7341691],[120.5792586,31.7337608],[120.5789153,31.7339661],[120.5799345,31.7347691],[120.5791315,31.735849],[120.5792801,31.7366716],[120.5795738,31.7366576],[120.5796768,31.7372213],[120.5808435,31.7368862],[120.5820264,31.7378559],[120.5825363,31.7385831],[120.5818893,31.7389014],[120.5820586,31.7391648],[120.5853148,31.7377733],[120.5855632,31.7381183],[120.5868117,31.7381132],[120.587493,31.7388295],[120.5880028,31.7402074],[120.590706,31.7405015],[120.5908726,31.7415257],[120.5894883,31.742413],[120.5900945,31.7431338],[120.5913766,31.7430152],[120.5922888,31.7433505],[120.5921279,31.7442903],[120.5939088,31.7448012],[120.5953733,31.7463021],[120.5955986,31.7473787],[120.5945469,31.750451],[120.595899,31.7514614],[120.5955726,31.7521527],[120.5940215,31.7516575],[120.5939679,31.7536235],[120.5943621,31.755132],[120.5912323,31.7558363],[120.5913822,31.7572224],[120.5918275,31.757227],[120.5917899,31.7578656],[120.5921064,31.7578884],[120.5921161,31.7586581],[120.5912749,31.7588736],[120.5912159,31.7596718],[120.5916075,31.7598087],[120.5916215,31.760236],[120.5912854,31.7626023],[120.5920152,31.7627323],[120.5915485,31.7634119],[120.5904381,31.7630835],[120.5893866,31.7638406],[120.5885552,31.7639091],[120.5870156,31.7638452],[120.5851112,31.7632796],[120.5844353,31.7641417],[120.5832063,31.7648942],[120.5830727,31.7640368],[120.5824011,31.7638924],[120.5794906,31.7648301],[120.5801639,31.7661523],[120.5794088,31.7659523],[120.5793549,31.7662237],[120.5798702,31.7662944],[120.5804978,31.7661895],[120.5804549,31.7665498],[120.5824555,31.7667801],[120.5836035,31.7682806],[120.5845426,31.7686523],[120.5847891,31.7701961],[120.5847732,31.7711014],[120.5841775,31.7726816],[120.5842687,31.7753723],[120.5827184,31.7773697],[120.5825846,31.779716],[120.5809109,31.7823061],[120.5801598,31.7845223],[120.5805316,31.7846694],[120.5803704,31.7853132],[120.57996,31.7849548],[120.5792938,31.7857735],[120.5779873,31.7860043],[120.5779551,31.7864557],[120.5763347,31.7866586],[120.5748598,31.7880835],[120.5731397,31.7908171],[120.5720918,31.7914714],[120.5698223,31.7938196],[120.5685885,31.7946403],[120.5678053,31.7947223],[120.566564,31.7959041],[120.5555694,31.7885851],[120.5540405,31.791558],[120.5526672,31.7904774],[120.5514519,31.790613],[120.5520074,31.7934502],[120.550894,31.7942506],[120.5514063,31.7952307],[120.5511349,31.7960705],[120.5446638,31.794157],[120.5422951,31.7942294],[120.5411141,31.7928611],[120.5397821,31.7934594],[120.5384874,31.7935724],[120.5375237,31.789643],[120.5343748,31.7899576],[120.5337311,31.7895837],[120.5294932,31.7902768],[120.5288339,31.7944187],[120.5274815,31.7944077],[120.5274654,31.7947542],[120.5266554,31.7947634],[120.5263925,31.7956752],[120.5259366,31.7958622],[120.5253358,31.7968698],[120.5225141,31.7976312],[120.5208189,31.7998105],[120.5188126,31.8005582],[120.5190648,31.8025232],[120.5173583,31.806314],[120.5175842,31.8072463],[120.5172478,31.807419],[120.5168063,31.8087096],[120.5171293,31.8124336],[120.5185358,31.8122011],[120.5189357,31.813503],[120.5214787,31.8138016],[120.5219347,31.8144398],[120.5216826,31.8147954],[120.5224604,31.8145674],[120.5225457,31.815021],[120.5227769,31.8149914],[120.5226222,31.8144166],[120.5230773,31.8143623],[120.5246816,31.8148795],[120.524161,31.8152375],[120.5243863,31.8156569],[120.5248471,31.8154996],[120.5249957,31.8159393],[120.5235733,31.8159774],[120.5235934,31.8163767],[120.5249965,31.8163434],[120.525637,31.8176879],[120.5250463,31.8179058],[120.5260001,31.8177159],[120.5264564,31.8194882],[120.5272562,31.820908],[120.5267568,31.8207781],[120.5271007,31.8215234],[120.5263531,31.8217025],[120.5266822,31.8222891],[120.5250354,31.8226401],[120.525148,31.8237249],[120.5240633,31.8240711],[120.5243098,31.8245317],[120.523058,31.8247954],[120.5243447,31.8287122],[120.5264945,31.8292081],[120.5268271,31.8302654],[120.5274995,31.830971],[120.5272181,31.8310177],[120.5270365,31.8306273],[120.5264247,31.8307075],[120.5263014,31.8302107],[120.5251534,31.8305799],[120.5253733,31.8317923],[120.5262,31.8316074],[120.5261238,31.8311975],[120.5270255,31.8309536],[120.5270309,31.8317011],[120.5263067,31.8316783],[120.5245579,31.8320657],[120.5245365,31.8324622],[120.5250509,31.8331026],[120.5259063,31.8329738],[120.5251797,31.8322047],[120.5263655,31.8317918],[120.5267842,31.8322207],[120.5267573,31.8327949],[120.5259902,31.8329636],[120.525928,31.8335009],[120.5250201,31.8336039],[120.5245526,31.8331322],[120.5237795,31.8333031],[120.5245686,31.8349187],[120.5235923,31.8354428],[120.5222405,31.8349142],[120.5205453,31.8356661],[120.5193169,31.8358484],[120.5192364,31.8349005],[120.5173213,31.8350235],[120.5148644,31.8338021],[120.514075,31.8344753],[120.5124872,31.8345737],[120.5127031,31.8376595],[120.5113612,31.8377311],[120.5121031,31.8387574],[120.5116667,31.8390317],[120.5112094,31.8381098],[120.5106592,31.8380676],[120.5106212,31.838314],[120.5111571,31.839091],[120.5115653,31.8390841],[120.5112327,31.8392436],[120.5116729,31.8405625],[120.5120696,31.8405425],[120.5128364,31.8428367],[120.5117053,31.8434697],[120.5101759,31.8437917],[120.5102457,31.8444615],[120.5072255,31.8448808],[120.5072684,31.8456463],[120.5061794,31.8459289],[120.506372,31.8464415],[120.5043286,31.8472916],[120.5030822,31.8469863],[120.5024114,31.8463183],[120.5032557,31.8458607],[120.5024052,31.8461255],[120.5021238,31.8456283],[120.5032933,31.8453094],[120.5021775,31.8455099],[120.5016764,31.8450088],[120.502612,31.8445483],[120.501523,31.8448445],[120.5011904,31.8442977],[120.5014138,31.8450396],[120.5010563,31.8451635],[120.5005842,31.8450952],[120.5004018,31.8445347],[120.4998193,31.8449592],[120.4991374,31.8446315],[120.4993021,31.8433772],[120.4986466,31.8433549],[120.4989253,31.842644],[120.4972529,31.8424977],[120.4967326,31.8430172],[120.4960623,31.8431266],[120.4961656,31.8433729],[120.4969901,31.8432815],[120.496132,31.8438967],[120.4960784,31.844357],[120.4964378,31.8442749],[120.4964523,31.8446848],[120.4970598,31.8445164],[120.4974782,31.8450952],[120.4971403,31.84556],[120.4978309,31.8457876],[120.4969525,31.8488318],[120.4972838,31.8499298],[120.4978685,31.8506224],[120.497949,31.8521443],[120.4958263,31.8552473],[120.4960553,31.855384],[120.4948301,31.8565944],[120.4943135,31.856031],[120.4930046,31.8562953],[120.492908,31.8568193],[120.4936789,31.8578581],[120.4930582,31.8585826],[120.4922482,31.8586509],[120.4919596,31.8598667],[120.4909752,31.8605508],[120.4909125,31.8608046],[120.4914116,31.8611425],[120.4913593,31.8617532],[120.4910895,31.8618083],[120.4903706,31.8641912],[120.488867,31.866943],[120.4889689,31.8677493],[120.4871842,31.8693712],[120.4870302,31.869742],[120.4875956,31.8705967],[120.4864117,31.8709293],[120.4866638,31.8721638],[120.4855196,31.8728608],[120.4857127,31.8736353],[120.4868025,31.8730647],[120.4869256,31.8734811],[120.4864117,31.8737492],[120.4867802,31.874264],[120.4872056,31.8741455],[120.4872164,31.8744872],[120.4866692,31.8743323],[120.4863854,31.8744229],[120.4863795,31.8748425],[120.4859329,31.8748869],[120.4865941,31.8758948],[120.4861971,31.8760588],[120.4856899,31.8757522],[120.4854633,31.8752015],[120.4833594,31.8756762],[120.4832306,31.8768013],[120.4823744,31.8766733],[120.4825016,31.8776209],[120.4822328,31.8775758],[120.482088,31.8766966],[120.481455,31.876774],[120.4815338,31.8773981],[120.479818,31.8773566],[120.4793414,31.8762091],[120.4789391,31.8763321],[120.4794203,31.8775074],[120.4762569,31.8791246],[120.4756721,31.8785688],[120.4760316,31.8784048],[120.4752333,31.8772995],[120.4745939,31.8772888],[120.4737839,31.8778855],[120.47295,31.8800386],[120.4717558,31.8795951],[120.4728022,31.8783638],[120.4733274,31.8783866],[120.4727201,31.8782071],[120.4716113,31.8795345],[120.4705008,31.8790335],[120.4701146,31.8774846],[120.4695513,31.8775439],[120.4693904,31.8769016],[120.4678632,31.8772699],[120.4676845,31.8768879],[120.4667297,31.8772113],[120.4670086,31.8777397],[120.4666706,31.8779812],[120.4658606,31.8777306],[120.4660028,31.8788692],[120.4622461,31.8788455],[120.4616316,31.8808988],[120.4618741,31.8815614],[120.4625438,31.8814978],[120.46173,31.8818577],[120.4623255,31.8829691],[120.4629461,31.8859162],[120.4622359,31.8863168],[120.4633393,31.8877427],[120.4613505,31.8889753],[120.4612043,31.8884761],[120.46092,31.8884897],[120.4618196,31.8901021],[120.4613905,31.8905394],[120.4599919,31.8909721],[120.4599008,31.8918056],[120.4593447,31.8923917],[120.4594129,31.8929114],[120.4579696,31.8927575],[120.4576262,31.8924068],[120.4561837,31.8925017],[120.4562419,31.893062],[120.4537523,31.8935538],[120.4536204,31.8927755],[120.4467005,31.8936397],[120.4465273,31.8924979],[120.4456797,31.8910176],[120.446177,31.8908627],[120.4457387,31.8895145],[120.4448375,31.8897013],[120.4450789,31.8900475],[120.4446765,31.8900065],[120.4442401,31.8909299],[120.4439269,31.8909796],[120.4434749,31.8902706],[120.4427078,31.8903025],[120.442395,31.8912954],[120.4410183,31.8929372],[120.4398596,31.8907894],[120.4383546,31.891354],[120.4382202,31.8944702],[120.4384914,31.8954629],[120.4330197,31.8972528],[120.4241933,31.8992696],[120.4238755,31.8979944],[120.4232425,31.8980518],[120.4231974,31.8976308],[120.4206844,31.8978958],[120.4206965,31.8974757],[120.4197266,31.8974194],[120.4198538,31.8983822],[120.4194943,31.8984414],[120.4192599,31.899325],[120.4190293,31.8993204],[120.4192637,31.8999626],[120.4173639,31.9005441],[120.4167655,31.9009645],[120.4166582,31.9017433],[120.3976842,31.9091025],[120.3965845,31.9069804],[120.3957919,31.9071077],[120.3930386,31.9078229],[120.3933069,31.9083511],[120.3926846,31.9085925],[120.3928616,31.9091298],[120.3917297,31.9094349],[120.391115,31.9105314],[120.3907105,31.910373],[120.3910125,31.9098712],[120.3908714,31.9094531],[120.3884092,31.9084741],[120.3884735,31.9078638],[120.3862741,31.9067072],[120.3847984,31.9094923],[120.3846895,31.9104618],[120.3831735,31.9109285],[120.3827443,31.9103138],[120.3805092,31.9111831],[120.3805433,31.9134239],[120.379693,31.9140382],[120.3788068,31.9140478],[120.3782543,31.9136926],[120.377735,31.9125528],[120.3762427,31.9127728],[120.3763982,31.9134558],[120.3757599,31.9133192],[120.3759208,31.9139749],[120.3750904,31.9139742],[120.3753468,31.9152954],[120.3744939,31.915473],[120.3751306,31.9182233],[120.3753827,31.918155],[120.3758924,31.9199672],[120.3750249,31.9202905],[120.3763966,31.9216974],[120.3771224,31.9214925],[120.3772029,31.9218659],[120.3780059,31.9218522],[120.378206,31.9223804],[120.3774657,31.9225306],[120.378324,31.9225579],[120.378596,31.9234048],[120.3797547,31.923546],[120.3797724,31.9243427],[120.3808185,31.9241925],[120.3811548,31.9252488],[120.381856,31.9259591],[120.3824724,31.9258794],[120.384579,31.9274797],[120.3866604,31.9316045],[120.3854609,31.9340379],[120.3841176,31.9350736],[120.3836096,31.9369379],[120.3812181,31.9385735],[120.3786298,31.9386245],[120.3785424,31.9419431],[120.3787891,31.9428581],[120.3784,31.9421022],[120.3784689,31.9386245],[120.376822,31.9383195],[120.3749713,31.9423664],[120.3737766,31.9420004],[120.3739628,31.94167],[120.3731259,31.9413604],[120.3730294,31.9415789],[120.3695924,31.9405902],[120.3690264,31.9406698],[120.3681134,31.9412553],[120.3677347,31.9420114],[120.3676633,31.943855],[120.3668909,31.9442191],[120.3672929,31.945765],[120.36807,31.9455927],[120.3682051,31.9467728],[120.3686512,31.9466703],[120.3686403,31.9460987],[120.3691622,31.9473677],[120.3686405,31.9476559],[120.3687432,31.9484563],[120.3671151,31.9489097],[120.3678221,31.9499279],[120.3678251,31.9503993],[120.3677776,31.9511608],[120.3671124,31.9521439],[120.3682765,31.9523396],[120.3681408,31.9528221],[120.3686128,31.9529587],[120.3684589,31.9533501],[120.36796,31.9532591],[120.3676312,31.9539418],[120.3675485,31.9561825],[120.3665867,31.957624],[120.367261,31.9584887],[120.3667418,31.9586612],[120.36619464249513,31.960574668548166],[120.497168,32.019824],[120.5602747399641,32.00939556057289],[120.5607149,32.0092524],[120.5938078,32.0027025],[120.6107824600933,32.001049119285184],[120.715527,31.98374],[120.752246,31.922852],[120.787793,31.819775],[120.9375,31.750195],[121.055371,31.719434],[121.204883,31.628076],[121.32783555218226,31.507959636168074],[121.3247726,31.5060087],[121.3241649,31.505832],[121.323975,31.5065297],[121.3222727,31.5062589],[121.3225454,31.5053375],[121.3211332,31.5049636],[121.3208435,31.5061205],[121.3199696,31.5059733],[121.3202354,31.5048017],[121.3184189,31.5043997],[121.3191797,31.5013807],[121.317936,31.5012933],[121.3178327,31.5019998],[121.3170469,31.5019383],[121.3170225,31.5012408],[121.3159498,31.501073],[121.3158504,31.5016059],[121.3154374,31.501552],[121.3154136,31.5047705],[121.3175977,31.5051916],[121.3171756,31.5061834],[121.3161405,31.5060343],[121.3160285,31.5069171],[121.3154325,31.5069044],[121.315535,31.5078453],[121.3122442,31.5077127],[121.3117969,31.5070504],[121.312158,31.5061917],[121.3120303,31.5054039],[121.3107964,31.5030599],[121.3090077,31.502562],[121.3086966,31.5035941],[121.309171,31.503721],[121.3090488,31.5041088],[121.3086091,31.504006],[121.3084137,31.5046382],[121.3075605,31.5044323],[121.3070617,31.5057299],[121.3075447,31.5058707],[121.3073759,31.5067686],[121.3065961,31.5067097],[121.3062082,31.5078179],[121.3040129,31.5072034],[121.3043748,31.5065979],[121.3038724,31.506387],[121.3032899,31.5074259],[121.3023677,31.5067656],[121.3019559,31.507355],[121.3013126,31.5070817],[121.3009171,31.5076888],[121.3005566,31.5075193],[121.3009543,31.5067952],[121.3005592,31.5065963],[121.3013082,31.5055004],[121.3000166,31.5046767],[121.3001253,31.5040752],[121.2992291,31.5037163],[121.2982092,31.5046543],[121.2976411,31.5044773],[121.2978573,31.5039451],[121.2964744,31.5035237],[121.29788,31.5014712],[121.2977878,31.5010164],[121.2973146,31.5011493],[121.2965313,31.5022995],[121.295578,31.5017533],[121.2964208,31.5006637],[121.2972645,31.5011073],[121.2980131,31.5005839],[121.2967967,31.4999705],[121.2962997,31.5006158],[121.295668,31.5003517],[121.2965451,31.4986763],[121.2960416,31.4985112],[121.2963176,31.4962877],[121.2933205,31.4959188],[121.2932974,31.4955394],[121.2938479,31.4955338],[121.2938071,31.4932596],[121.2925321,31.4932747],[121.2924949,31.4928294],[121.2918197,31.4928065],[121.2888868,31.4914098],[121.2884463,31.4919684],[121.2880822,31.4916099],[121.2877603,31.4917505],[121.2865734,31.4932921],[121.2859189,31.4920982],[121.2852484,31.4916716],[121.2857205,31.4910918],[121.2853206,31.490504],[121.2841889,31.4911239],[121.2837973,31.4906344],[121.282475,31.4916682],[121.2821853,31.4913938],[121.2798419,31.4924247],[121.2794701,31.4915876],[121.2782398,31.4919427],[121.2772393,31.491531],[121.2765808,31.4928312],[121.2753132,31.4922728],[121.2759682,31.490568],[121.2729728,31.4895297],[121.2733662,31.4890105],[121.2718052,31.4883838],[121.2721056,31.4878394],[121.2716295,31.4877284],[121.2717711,31.4872433],[121.2703399,31.4866934],[121.2700483,31.4871235],[121.2674895,31.4862429],[121.2666326,31.4871907],[121.2658789,31.4870566],[121.2660318,31.4888509],[121.2648636,31.4887635],[121.2645726,31.4895594],[121.2641448,31.4895571],[121.264071,31.4891066],[121.2635732,31.4890068],[121.2634957,31.4881688],[121.2628412,31.4881047],[121.2632728,31.485555],[121.2601161,31.4848842],[121.2598398,31.4841935],[121.2584888,31.4837767],[121.2574232,31.4829789],[121.2566346,31.480099],[121.2527293,31.479836],[121.2527668,31.480433],[121.2525013,31.4806183],[121.2531316,31.4806663],[121.2533301,31.4813914],[121.2517181,31.4816362],[121.251533,31.4810323],[121.2518214,31.4798176],[121.2514767,31.4797788],[121.2513453,31.4801265],[121.2506828,31.4800441],[121.2506345,31.4796347],[121.2499344,31.4795889],[121.2498881,31.4800596],[121.2503006,31.4800674],[121.2502663,31.4811892],[121.2507659,31.4811947],[121.250896,31.4850017],[121.2499584,31.4855352],[121.2498969,31.4846692],[121.2490654,31.4846784],[121.2490625,31.4838924],[121.2484348,31.4837638],[121.2485826,31.4829835],[121.2490864,31.4834667],[121.2490346,31.4818635],[121.246038,31.4815505],[121.2460284,31.4809741],[121.2455102,31.4807116],[121.2456357,31.4799951],[121.2427561,31.4788971],[121.2423599,31.4806114],[121.2418498,31.4805216],[121.2412199,31.4820525],[121.2420326,31.4820708],[121.2419922,31.4829257],[121.2439116,31.4830658],[121.2437946,31.4838755],[121.2418127,31.4838343],[121.2399708,31.4832341],[121.2395192,31.4857556],[121.2391412,31.4857854],[121.2392861,31.4868879],[121.2390232,31.4869337],[121.2390661,31.487263],[121.2388033,31.4871898],[121.2386212,31.4877602],[121.2392402,31.4892543],[121.2379716,31.4920683],[121.2369928,31.4921782],[121.2365743,31.4928347],[121.2373093,31.4949114],[121.2372395,31.4955243],[121.236746,31.4957027],[121.2357804,31.4954328],[121.2329587,31.4937907],[121.2322801,31.4939096],[121.2309766,31.4951446],[121.230298,31.4951812],[121.2300205,31.494613],[121.2305045,31.4929124],[121.2306815,31.4898659],[121.2303516,31.489612],[121.2286216,31.4899574],[121.2279633,31.4895528],[121.2240457,31.4843444],[121.224271,31.4838687],[121.2263417,31.483155],[121.2250783,31.4822353],[121.222274,31.481034],[121.2216532,31.4790377],[121.2209558,31.4783148],[121.2189066,31.4779946],[121.2168516,31.4786339],[121.2136598,31.4771863],[121.2129495,31.4779831],[121.2091917,31.4779259],[121.2090173,31.4782622],[121.210227,31.4792252],[121.2105918,31.4799252],[121.210219,31.4810071],[121.2092382,31.4809177],[121.207239,31.4797788],[121.2038487,31.4784887],[121.1985201,31.474424],[121.1981356,31.4737809],[121.198259,31.472024],[121.1931279,31.4701939],[121.189971,31.4698942],[121.1887291,31.4691873],[121.1879393,31.4681928],[121.1839509,31.4648262],[121.1843667,31.4641174],[121.1810042,31.462579],[121.1814871,31.4615002],[121.1803311,31.4586129],[121.1811304,31.4565354],[121.1768994,31.4540513],[121.1686313,31.4510851],[121.1674672,31.4510943],[121.1645168,31.452069],[121.1630849,31.4502878],[121.1613254,31.4522263],[121.1573826,31.4504965],[121.1563783,31.4517943],[121.1428107,31.4459095],[121.1429078,31.4447585],[121.1420554,31.4434198],[121.1425388,31.4419275],[121.1428124,31.4419733],[121.1430306,31.4415364],[121.1415919,31.4409534],[121.142374,31.4398074],[121.1417195,31.4394458],[121.1429179,31.4381066],[121.1457145,31.4363666],[121.1489868,31.435117],[121.1540856,31.4341657],[121.1578986,31.4343837],[121.1584629,31.4332934],[121.1598659,31.4334372],[121.1597966,31.431359],[121.1569047,31.4298761],[121.1571246,31.4294413],[121.1563039,31.4291209],[121.1561054,31.4294916],[121.1512828,31.4276744],[121.1505479,31.4278346],[121.1487937,31.4274135],[121.1487883,31.4260906],[121.1461557,31.4257679],[121.1461866,31.4253765],[121.1456689,31.4250675],[121.1460739,31.423962],[121.1429233,31.4231063],[121.1411949,31.4231077],[121.1413687,31.421922],[121.1432576,31.422044],[121.1433756,31.4212841],[121.144073,31.4214214],[121.1444163,31.419485],[121.1440301,31.4194392],[121.1442018,31.4187525],[121.143837,31.4186793],[121.1442129,31.4175584],[121.1448616,31.4177088],[121.1452976,31.4172307],[121.1454946,31.4173837],[121.1451298,31.4177591],[121.1453873,31.417956],[121.1470717,31.416404],[121.1481875,31.4168069],[121.1490297,31.4158684],[121.1499926,31.4162098],[121.1503386,31.4160424],[121.1512023,31.4146221],[121.149603,31.4138813],[121.1508681,31.4121914],[121.1522284,31.4131543],[121.1525595,31.4127873],[121.1530101,31.4130483],[121.1537451,31.4125195],[121.154033,31.4119548],[121.1529028,31.4113086],[121.1536017,31.4103524],[121.1528009,31.4098802],[121.1540513,31.4081329],[121.1536438,31.4078846],[121.1524516,31.4096858],[121.1497673,31.4081498],[121.1492282,31.4080053],[121.1488044,31.4083739],[121.1479515,31.4077878],[121.1486649,31.4068355],[121.1481929,31.4065608],[121.1489368,31.405579],[121.1454081,31.404188],[121.1461973,31.4031681],[121.1453444,31.4026232],[121.1445129,31.402669],[121.1441535,31.4022936],[121.1445612,31.4014923],[121.1460175,31.4011267],[121.1463887,31.4013126],[121.1475652,31.4007688],[121.1476912,31.4002],[121.14735,31.3999683],[121.1447247,31.4003273],[121.1428418,31.3994783],[121.1428124,31.3986076],[121.1444961,31.3965827],[121.1412942,31.3953795],[121.1410475,31.3958832],[121.1401302,31.3957183],[121.1401838,31.3950361],[121.138547,31.3944388],[121.1399746,31.3927282],[121.1402857,31.3929251],[121.1398405,31.3934105],[121.1407872,31.393414],[121.1421633,31.3915697],[121.1414932,31.3911372],[121.1425334,31.389944],[121.1434185,31.3900081],[121.1441106,31.3891564],[121.1431852,31.3884328],[121.1434615,31.3874437],[121.1335587,31.3847555],[121.1329043,31.385557],[121.1322284,31.3851906],[121.1324966,31.3849708],[121.1322176,31.3847968],[121.1323518,31.3843892],[121.1330399,31.3846225],[121.1334836,31.3835236],[121.1333006,31.3832084],[121.1266445,31.3809369],[121.1263114,31.3816185],[121.123656,31.3806659],[121.1239054,31.379911],[121.1223257,31.3793515],[121.1218911,31.379434],[121.1214459,31.3804003],[121.1205286,31.3801301],[121.1208022,31.379324],[121.120373,31.3791866],[121.1205929,31.3787149],[121.1197383,31.3783987],[121.1186204,31.3802783],[121.113528,31.3775654],[121.1090085,31.3762212],[121.1103699,31.3731876],[121.1117578,31.3735281],[121.1122674,31.3724632],[121.1141691,31.3727266],[121.1157353,31.3709287],[121.1137533,31.3704342],[121.1138298,31.3699418],[121.1135656,31.3698067],[121.1085985,31.3691186],[121.1082065,31.3688723],[121.1083782,31.3674272],[121.1059052,31.3667562],[121.1042212,31.3666864],[121.1038968,31.3684104],[121.1034214,31.3683227],[121.1032632,31.3687784],[121.1019338,31.3685836],[121.1019985,31.3663256],[121.1028206,31.3637651],[121.1030839,31.3637897],[121.1034858,31.3613053],[121.1029547,31.3612778],[121.1031816,31.3594051],[121.1024134,31.3591641],[121.102716,31.3583141],[121.1023727,31.3575342],[121.1025657,31.3568865],[121.1035287,31.3558633],[121.1029534,31.3551109],[121.1036736,31.3527116],[121.106346,31.3537037],[121.1068413,31.3527184],[121.1074126,31.3524894],[121.1122312,31.3539656],[121.1127126,31.353637],[121.1150783,31.3499216],[121.1124498,31.3493009],[121.1129916,31.3455854],[121.1168062,31.345523],[121.1174709,31.3450562],[121.1202228,31.3450425],[121.125596,31.3461914],[121.1253242,31.3448558],[121.1258714,31.3435491],[121.1249189,31.3422071],[121.1250388,31.3414611],[121.1256719,31.3407435],[121.1253458,31.3397324],[121.1256552,31.3384298],[121.1249148,31.3376166],[121.1251767,31.3368761],[121.1261136,31.3364954],[121.1258925,31.3356941],[121.1263042,31.3341888],[121.1276311,31.3342204],[121.1279611,31.3335642],[121.1277556,31.3326949],[121.1287469,31.3321905],[121.1283175,31.3308798],[121.127167,31.3308823],[121.1268579,31.3304314],[121.1272463,31.3296414],[121.1284143,31.3293954],[121.1287477,31.3284293],[121.1281653,31.3275783],[121.1277174,31.3274637],[121.1271422,31.3277921],[121.1268025,31.327532],[121.1262193,31.3250492],[121.1264992,31.3243886],[121.1254239,31.3236702],[121.1244038,31.323832],[121.1240139,31.322914],[121.1244408,31.3225118],[121.1242859,31.3220338],[121.1239745,31.3216726],[121.1224759,31.3215274],[121.121961,31.3204245],[121.122371,31.3196721],[121.1221269,31.3190619],[121.1230921,31.3188809],[121.1234242,31.318219],[121.1234957,31.3176495],[121.1231117,31.3169952],[121.1237226,31.3165983],[121.1238004,31.3157515],[121.1232322,31.3154266],[121.1231261,31.3143255],[121.1234897,31.3135475],[121.124348,31.3132783],[121.123978,31.3121882],[121.1246484,31.311798],[121.1245505,31.3108899],[121.124935,31.3104233],[121.1244806,31.3096358],[121.1243906,31.3083608],[121.1250695,31.3062758],[121.1248051,31.3053021],[121.1255321,31.3045932],[121.1286554,31.3041502],[121.12887996206081,31.304184707414535],[121.12685377443236,31.282955262279817],[121.1263835,31.2820773],[121.1195745,31.2849264],[121.1204243,31.2862848],[121.1166264,31.2874035],[121.1165354,31.2878716],[121.1155277,31.2879518],[121.1154434,31.2866756],[121.1123837,31.2877507],[121.1104569,31.2872958],[121.1100679,31.2875732],[121.1097434,31.2866838],[121.1049905,31.2819962],[121.1043495,31.2827962],[121.1038774,31.2825395],[121.1046016,31.2814415],[121.1027107,31.2792432],[121.1012837,31.2809097],[121.1023271,31.2789268],[121.0990012,31.2773955],[121.0991876,31.2767897],[121.09961,31.2766184],[121.1000432,31.2769359],[121.100986,31.2769416],[121.1010836,31.2757085],[121.0995622,31.2757085],[121.0936287,31.2787411],[121.0933846,31.2806965],[121.0906434,31.2882241],[121.0896885,31.2899386],[121.088444,31.2900028],[121.0885001,31.2916672],[121.0881625,31.2917679],[121.0873212,31.2911864],[121.0858209,31.2931599],[121.0847224,31.2932973],[121.0843795,31.2940436],[121.0829649,31.2935583],[121.0827505,31.294039],[121.0819896,31.2935628],[121.0823554,31.2922582],[121.0812718,31.2918433],[121.0806387,31.2907179],[121.0765564,31.279885],[121.0764121,31.2793033],[121.0767442,31.2788214],[121.0777393,31.2784912],[121.0776615,31.2780741],[121.0780799,31.2778815],[121.0782489,31.2781909],[121.079959,31.2776144],[121.077522,31.2733241],[121.0755667,31.2718845],[121.0742283,31.2714901],[121.0679573,31.2711463],[121.0636443,31.2699404],[121.0575432,31.2700135],[121.0573357,31.2686015],[121.0578668,31.2685098],[121.0571909,31.2635118],[121.0571963,31.2597007],[121.0575767,31.2594717],[121.0571427,31.259151],[121.0566437,31.25357],[121.0566223,31.2509331],[121.0569656,31.2509101],[121.0569388,31.2497178],[121.0563058,31.2497728],[121.0564097,31.2485127],[121.0539347,31.2488464],[121.0539115,31.2491993],[121.0530783,31.2492955],[121.0530576,31.248734],[121.0522932,31.2480278],[121.0529289,31.2479085],[121.0530971,31.2484893],[121.0534373,31.2482442],[121.0535231,31.2484984],[121.0540742,31.2483924],[121.054506,31.2481837],[121.0546857,31.2475026],[121.0565472,31.2471724],[121.0567092,31.2481531],[121.057112,31.2481284],[121.0571801,31.2485322],[121.05860578496768,31.248266475003845],[121.05676918528167,31.240233750179677],[121.0562751,31.240121],[121.05641308517355,31.238676277312788],[121.034711,31.143758],[121.02919565510912,31.143622771865687],[121.0291977,31.1436695],[121.0286559,31.1437154],[121.0286237,31.1443444],[121.02461692656694,31.143510508184896],[121.02391449021285,31.143493285479966],[121.0237099,31.1460867],[121.0218484,31.14591],[121.0215721,31.1455427],[121.0220845,31.1448081],[121.0216059,31.1448317],[121.02102908482415,31.143422539589153],[120.94167162911994,31.141476811644495],[120.9254568,31.1437477],[120.918322260227,31.140904319505704],[120.882989,31.140038],[120.88349935772955,31.137553252083016],[120.8762229,31.1369902],[120.8720202,31.1333225],[120.8678199,31.1287077],[120.8668828,31.125738],[120.8668279,31.1232575],[120.864513,31.1194705],[120.8610359,31.1167986],[120.8592364,31.1161728],[120.8583555,31.1154827],[120.856478,31.1121608],[120.8508584,31.1090894],[120.8525899,31.1049248],[120.8542517,31.1031012],[120.8549108,31.102725],[120.8567782,31.1028317],[120.8567937,31.103196],[120.8576222,31.1033169],[120.8579812,31.1030508],[120.858008,31.1024543],[120.8599748,31.102742],[120.8599638,31.1022479],[120.8596316,31.102101],[120.8602156,31.1009724],[120.8627361,31.0993755],[120.8648282,31.0991563],[120.8651018,31.0993617],[120.8653347,31.1013737],[120.867181,31.1012453],[120.8673309,31.1016386],[120.8680282,31.1011375],[120.8686712,31.1027342],[120.8700215,31.1027709],[120.8722881,31.1022846],[120.8717684,31.1002382],[120.8744154,31.1007842],[120.8742761,31.1002107],[120.8740189,31.1002245],[120.8736063,31.097678],[120.8772828,31.0975051],[120.8847409,31.0964448],[120.8861732,31.0967388],[120.8877021,31.0965],[120.8901644,31.0935555],[120.8912108,31.0927348],[120.8917569,31.091147],[120.8920258,31.0888881],[120.89347341385223,31.088993166206684],[120.89520088727117,31.080582720492256],[120.8949584,31.0798862],[120.8952405,31.0780365],[120.8947027,31.073796],[120.8925891,31.067786],[120.8906793,31.0600662],[120.8909195,31.0540948],[120.8931309,31.050319],[120.8928411,31.0481541],[120.896576,31.0406777],[120.8973527,31.0383279],[120.8973504,31.0295078],[120.8969986,31.0236782],[120.8965749,31.0228668],[120.8968512,31.0207406],[120.8972776,31.0207383],[120.8972588,31.0197108],[120.8930142,31.0197373],[120.8931,31.0186707],[120.8920218,31.018588],[120.8917295,31.0182086],[120.8920915,31.0169329],[120.8911796,31.0170524],[120.8913392,31.0136607],[120.8886744,31.0130044],[120.8879301,31.0125412],[120.8879395,31.0109377],[120.8888176307659,31.00840239035348],[120.83603743278935,30.999858843614074],[120.8356753,31.0008625],[120.8348707,31.0023431],[120.831888,31.0017546],[120.8315662,31.0019109],[120.8312872,31.0037685],[120.8268642,31.0042582],[120.8224574,31.0066468],[120.8171976,31.0082722],[120.8120799,31.0086952],[120.8031173,31.0083722],[120.7776269,31.0042513],[120.7695472,31.0035491],[120.7721767,30.9996532],[120.7727275,30.9993553],[120.7694771,30.9971207],[120.7689942,30.9974104],[120.768093,30.9997279],[120.764861,30.9988565],[120.7654011,30.9960594],[120.7657635,30.9959861],[120.7658494,30.995609],[120.7642719,30.9952846],[120.7632879,30.9936386],[120.7623826,30.993035],[120.7627366,30.9894435],[120.76312135206237,30.988055895394318],[120.692096,30.976559],[120.69300230711563,30.972097513615502],[120.6923981,30.9719516],[120.6929291,30.9711053],[120.6926234,30.9708477],[120.6922425,30.9710501],[120.6895871,30.9689986],[120.6869334,30.9664414],[120.6852489,30.9673981],[120.6830764,30.965112],[120.6848574,30.9640402],[120.6843568,30.9632488],[120.6837399,30.9635662],[120.6832088,30.9624024],[120.6820555,30.9627106],[120.681165,30.9623564],[120.6783862,30.9580116],[120.6842834,30.9550469],[120.6919706,30.9527789],[120.6929174,30.9522246],[120.6945116,30.9499931],[120.69825322208024,30.94624878616226],[120.70567708974937,30.909703244419287],[120.7054953,30.9088663],[120.706742,30.900592],[120.7085718,30.8925464],[120.7086335217163,30.890801818334385],[120.68181756098845,30.88157007410169],[120.6824095,30.8836833],[120.6804193,30.8837708],[120.6802788,30.8852638],[120.6810201,30.8859944],[120.6806929,30.8867379],[120.6801779,30.8869934],[120.6785475,30.8865068],[120.678751,30.8855156],[120.6773187,30.8853821],[120.6756718,30.8826912],[120.6767983,30.8825761],[120.6761975,30.8821825],[120.6759739,30.8802962],[120.6679796,30.8787815],[120.66799,30.8784118],[120.668863,30.8780988],[120.668521,30.8776798],[120.66860660245946,30.877022029321715],[120.59644461623807,30.852179324378934],[120.5940911,30.8528409],[120.5946882,30.8535147],[120.5937011,30.8541087],[120.5933954,30.8541548],[120.5927302,30.8532844],[120.590976,30.8539706],[120.5917324,30.8556285],[120.5902679,30.856264],[120.5890153,30.8546821],[120.588444,30.8548087],[120.5887659,30.8556745],[120.5898602,30.8565909],[120.5893989,30.8569317],[120.5880846,30.8555271],[120.5881275,30.854887],[120.587005,30.8550747],[120.5856049,30.8563135],[120.587525,30.8582474],[120.586741,30.8587015],[120.585055,30.8568408],[120.5847815,30.8579229],[120.5837944,30.8583328],[120.5828717,30.8574578],[120.581831,30.8572828],[120.5790791,30.8545934],[120.5775127,30.8541099],[120.5776843,30.8530921],[120.5774376,30.8529724],[120.5784005,30.8508194],[120.5775459,30.8487617],[120.5767841,30.8479465],[120.571012,30.8444647],[120.5682011,30.8433363],[120.5633409,30.8399326],[120.5583198,30.8369111],[120.556968,30.8376573],[120.5567534,30.8373441],[120.5556805,30.8379244],[120.5539853,30.8360544],[120.5532236,30.8362939],[120.5524189,30.8348568],[120.553009,30.8345528],[120.5527515,30.8340369],[120.553127,30.8338526],[120.5524618,30.8324247],[120.554275,30.8315495],[120.5544038,30.8305269],[120.5537788,30.8294582],[120.5498226,30.8260264],[120.5487819,30.8266989],[120.5482669,30.8262843],[120.547945,30.8264778],[120.5467648,30.825492],[120.5478055,30.8247826],[120.5465717,30.8236309],[120.5474649,30.8227971],[120.5440639,30.8184206],[120.5459897,30.8176467],[120.5458502,30.816412],[120.5455015,30.8162139],[120.5432055,30.8170524],[120.5388164,30.8100024],[120.53582577198121,30.806065234726116],[120.490971,30.763704],[120.446943,30.889691],[120.43259242632925,30.897949152115768],[120.4330322,30.898063],[120.4331019,30.900429],[120.4336802,30.9008448],[120.4337392,30.9020668],[120.4333154,30.9032958],[120.4326127,30.9035996],[120.4317759,30.9047457],[120.4314325,30.9059148],[120.429673,30.9056202],[120.427997,30.9132653],[120.4296489,30.9134101],[120.4292576,30.9151063],[120.4329212,30.9160012],[120.4323954,30.9182286],[120.4308036,30.9218976],[120.4307124,30.9227766],[120.4321071,30.9229054],[120.4319489,30.9238695],[120.4323297,30.9239248],[120.4316324,30.9258529],[120.4291969,30.9252823],[120.428918,30.9266076],[120.4221856,30.9258161],[120.419895,30.9295343],[120.4192513,30.9299254],[120.4179638,30.9300635],[120.4154962,30.9299944],[120.4146218,30.9294837],[120.4131037,30.9277028],[120.4128891,30.9269205],[120.4132056,30.9253099],[120.4173982,30.910956],[120.4173874,30.910482],[120.4162502,30.9100079],[120.4167115,30.9088251],[120.4162341,30.9082727],[120.41651175508163,30.907202902685825],[120.361677,30.938758],[120.36144557143528,30.938729565474606],[120.3613616,30.9398944],[120.3632391,30.9405845],[120.3625015,30.9433336],[120.3637675,30.9438443],[120.364894,30.9418889],[120.3659025,30.9424411],[120.3652159,30.9444793],[120.3657362,30.9447185],[120.3662539,30.9437593],[120.3679384,30.9444631],[120.3674019,30.9456502],[120.3681127,30.9460321],[120.3679759,30.9466256],[120.3694564,30.9473478],[120.3686893,30.9488063],[120.3673375,30.9482404],[120.3671498,30.949478],[120.3658408,30.9494504],[120.3654171,30.9506246],[120.361104,30.9497817],[120.3493452,30.9454869],[120.3467703,30.9450774],[120.3404617,30.942846],[120.3363821,30.9423398],[120.3309211,30.9407249],[120.3258893,30.9401475],[120.3111372,30.9358246],[120.3018138,30.9341221],[120.2968142,30.9341681],[120.2916536,30.9329534],[120.288907,30.9332985],[120.2854469,30.93305],[120.2702496,30.9305514],[120.2659768,30.9307677],[120.2610737,30.9304318],[120.2508491,30.9291203],[120.2472845,30.929156],[120.2458575,30.9286521],[120.2450207,30.928996],[120.2411208,30.9290145],[120.2309177,30.9285543],[120.2179036,30.9294608],[120.21671,30.9299417],[120.2085078,30.931504],[120.2009949,30.9324104],[120.198487,30.9321436],[120.1953328,30.9311358],[120.1935947,30.9310611],[120.1911431,30.9329948],[120.1848158,30.9345731],[120.14458,30.9399841],[120.1418441,30.9410838],[120.1408195,30.9420523],[120.1406341,30.9425356],[120.1409242,30.9433981],[120.1382366,30.9439916],[120.1366568,30.9451372],[120.1340952,30.9453282],[120.1317242,30.9444885],[120.1311368,30.9446541],[120.1242489,30.9481093],[120.11292318281826,30.955306258893984],[120.1062881567867,30.96043501191514],[120.106715,30.9605943],[120.106675,30.9615885],[120.106262,30.9622417],[120.1067501,30.9625223],[120.1067716,30.9629271],[120.1056933,30.9628903],[120.1038802,30.9647532],[120.1015305,30.9678995],[120.0998354,30.9670348],[120.0991541,30.9672556],[120.09831287338615,30.9665997592184],[120.09340396864837,30.970394252244443],[120.0816916,30.9815126],[120.0739347,30.9872613],[120.0679466,30.9905322],[120.0653958,30.993542],[120.0612746,30.9967344],[120.052548,31.0050583],[120.0483249,31.0081285],[120.04207488906341,31.01007068617885],[119.98295112101616,31.05577227085265],[119.9813462,31.0610817]],[[121.1057256,31.2873036],[121.1062348,31.2879043],[121.1067455,31.2878896],[121.1069215,31.2891328],[121.1058894,31.2892467],[121.1058357,31.2885351],[121.1055782,31.2885497],[121.1055739,31.2882123],[121.1050504,31.2882235],[121.1048434,31.2873809],[121.1057256,31.2873036]]],[[[120.4182994,30.9062844],[120.41834978628181,30.90614519296684],[120.41814433707809,30.906263420350314],[120.4182994,30.9062844]]]]}},{"type":"Feature","properties":{"city_name":"连云港市","region":"苏北","osm_type":"relation","osm_id":3320347,"display_name":"连云港市, 江苏省, 中国"},"geometry":{"type":"MultiPolygon","coordinates":[[[[119.8191899,34.470299],[119.8179187,34.4700476],[119.8154303,34.4637791],[119.8142219,34.4640983],[119.8141189,34.4645488],[119.8120525,34.4649808],[119.8087534,34.4647188],[119.8063737,34.4640533],[119.8034641,34.4513098],[119.7949541,34.4538198],[119.7894016,34.4541123],[119.7921926,34.4475428],[119.7941494,34.4390532],[119.7935915,34.4338502],[119.7909319,34.4271614],[119.7828626,34.4137076],[119.7822618,34.4102733],[119.7830772,34.405635],[119.7855234,34.4011735],[119.7975118,34.3878762],[119.7996854,34.3832544],[119.7998252,34.3821271],[119.7993421,34.3810231],[119.7973466,34.3785172],[119.7925615,34.376029],[119.7798585,34.3730182],[119.7762537,34.3710346],[119.7738504,34.3683425],[119.7721095,34.3617564],[119.7703756,34.3583696],[119.7675601,34.3557438],[119.7663831,34.3551639],[119.7544956,34.3516918],[119.7525252,34.3509402],[119.7506003,34.3497454],[119.7480878,34.3463822],[119.7475433,34.3437196],[119.7491848,34.3394408],[119.7509336,34.3334254],[119.7508165,34.3304237],[119.7497257,34.3284598],[119.7487368,34.3273972],[119.7452082,34.3253815],[119.7391857,34.3228437],[119.7377032,34.320716],[119.7361198,34.3132253],[119.7343943,34.3096382],[119.7331913,34.3085274],[119.7284116,34.3062693],[119.7208929,34.3033862],[119.717288,34.3005146],[119.7111082,34.2927503],[119.6961798,34.2818446],[119.6867386,34.2759498],[119.669441,34.2643576],[119.6658841,34.2615673],[119.6606111,34.2583184],[119.6532476,34.2545464],[119.6327877,34.2484194],[119.6281567,34.2457716],[119.6057154,34.2304719],[119.603276,34.2290575],[119.5940437,34.2258065],[119.5844006,34.2201063],[119.5772267,34.2138507],[119.5739421,34.211565],[119.5631098,34.2079779],[119.559212,34.2070679],[119.5545189,34.2070158],[119.5478991,34.2085536],[119.5362397,34.1980359],[119.530788,34.190528],[119.5237276,34.1874862],[119.5188736,34.1828624],[119.5028406,34.1751961],[119.4974487,34.1730896],[119.4992792,34.1691519],[119.5011621,34.1678104],[119.5016851,34.1658198],[119.5046514,34.164473],[119.506026,34.1609297],[119.5080657,34.161752],[119.5080134,34.1627906],[119.5158139,34.1651923],[119.51612,34.1645649],[119.5218021,34.1661795],[119.5229724,34.163291],[119.525862,34.1638185],[119.5270975,34.1587201],[119.5289085,34.1588716],[119.5297181,34.1562557],[119.5287767,34.1557363],[119.5289336,34.1544379],[119.5264755,34.1533127],[119.5269276,34.1506404],[119.5257444,34.150397],[119.5262139,34.1490711],[119.5242265,34.1487248],[119.5250481,34.1466018],[119.5227621,34.1455218],[119.5231282,34.1442232],[119.5219776,34.1430978],[119.5236512,34.1395916],[119.5153956,34.1373358],[119.5178982,34.1330982],[119.5159108,34.1317129],[119.5165907,34.1310202],[119.5157539,34.130241],[119.5169568,34.1287257],[119.5190282,34.1304154],[119.5203333,34.1280881],[119.5250739,34.1222091],[119.5288757,34.1159508],[119.530037,34.1163512],[119.5330013,34.1109472],[119.5357757,34.1118415],[119.5377455,34.1132916],[119.5385969,34.1135487],[119.538261,34.1147513],[119.541734,34.1153554],[119.5411071,34.1174454],[119.5449375,34.118378],[119.5460997,34.1158494],[119.5472922,34.1160977],[119.5484032,34.1128973],[119.5503936,34.1100192],[119.55517,34.101467],[119.5557416,34.1017613],[119.5563292,34.1010726],[119.557438,34.1015153],[119.5562247,34.1037687],[119.5570828,34.1041717],[119.5573579,34.1046466],[119.5603952,34.1060676],[119.5615079,34.1038262],[119.5618258,34.1039135],[119.5628831,34.0994981],[119.5646873,34.0948609],[119.56591,34.0952968],[119.5652544,34.0965249],[119.5656675,34.0968385],[119.5651844,34.0975053],[119.5671652,34.0987182],[119.5664053,34.0996181],[119.5648047,34.0991381],[119.564195,34.1015319],[119.5686068,34.10242],[119.5691526,34.1033954],[119.5716238,34.103995],[119.5735981,34.102919],[119.5726044,34.1023993],[119.571663,34.1027891],[119.5709308,34.1020096],[119.5773638,34.0956432],[119.5807367,34.094925],[119.5829923,34.0929679],[119.5863594,34.0936943],[119.5865686,34.0929147],[119.5835875,34.0911822],[119.5823501,34.0914161],[119.579423,34.0900999],[119.5790389,34.0891619],[119.5791459,34.0868236],[119.5800013,34.0858606],[119.5806465,34.0793998],[119.5785487,34.0784721],[119.5773239,34.0775384],[119.5762167,34.0750774],[119.5748915,34.0734298],[119.5727275,34.0716913],[119.5712385,34.0712777],[119.5639525,34.0723624],[119.5610987,34.0720081],[119.553733,34.0663487],[119.5505019,34.0649805],[119.5502936,34.0647168],[119.5505774,34.0642435],[119.5475519,34.063011],[119.548453,34.060931],[119.5498216,34.0612646],[119.5556558,34.0512894],[119.5571432,34.0476478],[119.5592155,34.0462986],[119.5648704,34.0351668],[119.5629778,34.0342433],[119.5668514,34.025105],[119.5647051,34.0243804],[119.5533997,34.0249686],[119.5436228,34.0222101],[119.5427908,34.0260031],[119.5388384,34.0272099],[119.5380063,34.0308302],[119.5402945,34.034278],[119.5363422,34.0354847],[119.5224049,34.0382427],[119.5176205,34.0370361],[119.5190766,34.0291062],[119.5142922,34.0275547],[119.5109639,34.0220377],[119.4999389,34.0191067],[119.4928663,34.0141065],[119.4822574,34.0106579],[119.4545909,33.9925504],[119.4429419,33.9854788],[119.4437739,33.9899633],[119.4398216,33.992033],[119.4344131,33.9915156],[119.4319169,33.9934127],[119.4321249,33.9977244],[119.4275485,34.0011735],[119.4319169,34.0046225],[119.4283806,34.0077264],[119.4231801,34.0066918],[119.4102829,34.0054847],[119.4050825,34.0108303],[119.4084108,34.0185894],[119.4061226,34.0246238],[119.3988419,34.0282443],[119.3978018,34.0320369],[119.3940575,34.0372085],[119.3919773,34.0446205],[119.3834486,34.0422073],[119.3822004,34.0377256],[119.3807443,34.0349675],[119.3732556,34.0370361],[119.3674311,34.0375532],[119.3532859,34.0351399],[119.3408047,34.0339332],[119.3276996,34.0297958],[119.3183387,34.0358294],[119.3027374,34.0372085],[119.3012812,34.0487571],[119.2971209,34.0509977],[119.2846397,34.0491018],[119.2773591,34.043931],[119.2734067,34.0449652],[119.2717426,34.0399665],[119.2659181,34.0399665],[119.2619657,34.0344503],[119.2590535,34.0368637],[119.2515648,34.0370361],[119.2488606,34.0399665],[119.2413719,34.0399665],[119.2392917,34.047723],[119.2328431,34.0478953],[119.2268106,34.0551341],[119.2234823,34.0599595],[119.2178658,34.0585808],[119.2105851,34.0609935],[119.1941517,34.0756404],[119.1910314,34.0823599],[119.1885352,34.0937301],[119.1825026,34.0957973],[119.1690375,34.0945717],[119.1683871,34.0962817],[119.1667176,34.096092],[119.1666675,34.0963319],[119.1684073,34.0966118],[119.1679074,34.0980919],[119.1655571,34.1008718],[119.1641678,34.1035516],[119.1597076,34.1064619],[119.1592375,34.1072519],[119.1618077,34.1111518],[119.158318,34.1119321],[119.1598378,34.1138219],[119.1628278,34.1130717],[119.1623076,34.1130719],[119.1626576,34.112672],[119.1622174,34.112752],[119.1620179,34.112222],[119.1609478,34.1123917],[119.1608879,34.1121321],[119.1624278,34.1117221],[119.1665394,34.1136354],[119.1674078,34.1143817],[119.1687876,34.117112],[119.1709177,34.118972],[119.1710577,34.1194216],[119.1706181,34.1202818],[119.1659878,34.1232918],[119.1655178,34.1257419],[119.1639179,34.1298919],[119.1579677,34.1329519],[119.1541976,34.1338621],[119.153288,34.1319321],[119.1524777,34.132252],[119.1521982,34.131672],[119.1504481,34.132222],[119.1503878,34.1330621],[119.1512779,34.1348523],[119.1480879,34.1358121],[119.146948,34.1367219],[119.1466778,34.1373021],[119.1453982,34.1357022],[119.1420077,34.1336022],[119.1399278,34.1342323],[119.141668,34.1355721],[119.138698,34.1369621],[119.135018,34.1346722],[119.132798,34.1378525],[119.1319681,34.1379124],[119.1306079,34.1368723],[119.1306178,34.1389623],[119.1288083,34.1391321],[119.1288179,34.1413724],[119.1207879,34.1423923],[119.1208382,34.1439124],[119.120108,34.1450223],[119.1319483,34.1517722],[119.1359382,34.1555624],[119.1403582,34.1604023],[119.1367085,34.1626224],[119.1367384,34.1630725],[119.1363886,34.1632825],[119.1368882,34.1642323],[119.1372085,34.1642122],[119.1382714,34.1654443],[119.1376983,34.1660724],[119.1348081,34.1669822],[119.1348683,34.1673722],[119.1337887,34.1674424],[119.1341884,34.1694323],[119.1360583,34.1693521],[119.1362285,34.1700724],[119.1377683,34.1696925],[119.1387986,34.1730023],[119.140349,34.1727724],[119.1409185,34.1757225],[119.1393587,34.1759723],[119.1395988,34.1770023],[119.1380585,34.1771723],[119.1382787,34.1782224],[119.1320485,34.1790426],[119.1321288,34.1801225],[119.1292587,34.1803825],[119.1292683,34.1810825],[119.1268685,34.1813023],[119.1273087,34.1845024],[119.1281782,34.1846526],[119.1275992,34.1882225],[119.134319,34.1893624],[119.1342089,34.1936724],[119.134449,34.1938023],[119.1347788,34.1985426],[119.133179,34.1980624],[119.1324393,34.2007024],[119.1283089,34.1997124],[119.1274488,34.1998826],[119.1282955,34.2023964],[119.1276387,34.2039225],[119.1252394,34.2044125],[119.1254893,34.2069225],[119.1081489,34.2073227],[119.1079689,34.2030525],[119.0927892,34.2055427],[119.0932995,34.2108662],[119.0921092,34.211013],[119.092359,34.2134128],[119.092829,34.2133929],[119.0932892,34.217543],[119.0926191,34.2176228],[119.0928894,34.221183],[119.0909497,34.2214535],[119.0909294,34.2264927],[119.0912892,34.226613],[119.0912595,34.2292032],[119.09105,34.2292599],[119.0914786,34.2308372],[119.0902342,34.2311035],[119.090368,34.2320421],[119.0895864,34.2324342],[119.0901393,34.2359127],[119.0888094,34.2361428],[119.0894294,34.2383729],[119.0866397,34.2385727],[119.0867693,34.2412631],[119.0856024,34.2412674],[119.0858599,34.2515132],[119.0871794,34.2514029],[119.0874596,34.2529831],[119.0885598,34.2528427],[119.0886996,34.2537831],[119.0881999,34.2538329],[119.0885296,34.2559429],[119.0878093,34.2560331],[119.0879797,34.257863],[119.0868,34.258023],[119.0870897,34.2601032],[119.08466,34.2607532],[119.0850294,34.263363],[119.0784898,34.2639731],[119.07768,34.2645831],[119.0738296,34.2649533],[119.066258,34.26814],[119.06584,34.2686833],[119.0661601,34.2701634],[119.0673,34.2698835],[119.07104,34.2874032],[119.0714501,34.2874433],[119.0716901,34.2886234],[119.0707197,34.2875033],[119.0680001,34.2873336],[119.0684303,34.2899832],[119.0663003,34.2898436],[119.0660201,34.2996033],[119.0705801,34.2990533],[119.0713505,34.3021234],[119.0751503,34.3019534],[119.0770608,34.3127931],[119.0763006,34.3175234],[119.0753606,34.3188434],[119.0718809,34.3209335],[119.0705306,34.3223634],[119.0690405,34.3257635],[119.0676911,34.3306835],[119.067461,34.3323634],[119.070141,34.3432736],[119.0625809,34.3385034],[119.0621609,34.3460036],[119.0598909,34.3444437],[119.0591911,34.3481336],[119.0545512,34.3471437],[119.0541912,34.3480936],[119.0529113,34.3478437],[119.0521112,34.3508139],[119.0489513,34.3506137],[119.0488509,34.3527938],[119.051131,34.3528238],[119.0509211,34.3579637],[119.0500747,34.36603],[119.0488513,34.3734735],[119.0491715,34.3771536],[119.0524518,34.3906537],[119.052942,34.3910139],[119.0539717,34.3935736],[119.0569519,34.3980838],[119.0591417,34.3978836],[119.0593018,34.3985237],[119.0587917,34.3985436],[119.0593318,34.4002436],[119.058992,34.4003337],[119.059842,34.4028437],[119.0580419,34.4035238],[119.0596573,34.4101498],[119.0811817,34.4107733],[119.083832,34.4218634],[119.055523,34.4212009],[119.0559733,34.4170706],[119.0434718,34.4184739],[119.043482,34.420634],[119.0392622,34.4207842],[119.036552,34.421824],[119.0338123,34.4126139],[119.0316897,34.4125459],[119.0325495,34.403969],[119.0299723,34.403804],[119.0297117,34.4008539],[119.026838,34.400362],[119.0199921,34.4011341],[119.0175319,34.4024242],[119.016772,34.404034],[119.017065,34.4046073],[119.0099519,34.4047342],[119.0099319,34.4075543],[118.995452,34.4068944],[118.9956119,34.4047643],[118.9893418,34.4043947],[118.9883119,34.3989046],[118.9881717,34.3948047],[118.9864321,34.3952046],[118.9844116,34.3923446],[118.989072,34.3911744],[118.9797818,34.3850048],[118.9761876,34.3818217],[118.9713614,34.3746046],[118.967241,34.3762146],[118.9638313,34.3676548],[118.9613914,34.3657247],[118.9600512,34.3626849],[118.9565113,34.3622645],[118.9555411,34.3575847],[118.9559108,34.3574748],[118.9542511,34.3515848],[118.9573613,34.3510849],[118.9570256,34.3490033],[118.9450007,34.3505949],[118.9451212,34.3527246],[118.947972,34.3524503],[118.9484157,34.362077],[118.9480108,34.3619848],[118.9476707,34.3627048],[118.9485511,34.3672947],[118.9456013,34.371475],[118.9385913,34.3781749],[118.937221,34.3786848],[118.9375816,34.3797951],[118.9352914,34.3801649],[118.9341213,34.3782549],[118.9296211,34.3751051],[118.9286416,34.3757751],[118.9275514,34.3757352],[118.926721,34.375455],[118.9259011,34.3745851],[118.9227014,34.3739851],[118.9220613,34.3757051],[118.9212814,34.375535],[118.9206411,34.3773751],[118.9180785,34.3771315],[118.9139513,34.3758553],[118.9132114,34.3781052],[118.9101711,34.3777351],[118.9097712,34.3791752],[118.9054513,34.3788054],[118.9052709,34.3754154],[118.9065511,34.3743155],[118.9059207,34.3696553],[118.8821607,34.3688254],[118.8770411,34.3692256],[118.8695107,34.3690557],[118.8599006,34.3673657],[118.8558308,34.3677358],[118.8456611,34.3695459],[118.8363708,34.3705658],[118.8338108,34.3703859],[118.8320408,34.369906],[118.8258309,34.3664662],[118.8219106,34.3627662],[118.8263105,34.3619961],[118.8242861,34.3587078],[118.8180808,34.3574862],[118.8200911,34.3604062],[118.8191707,34.3608062],[118.8182208,34.3606662],[118.8161405,34.3615062],[118.8158909,34.360936],[118.8132407,34.3612962],[118.8131106,34.3602562],[118.8075509,34.3607063],[118.8067808,34.3563162],[118.8058909,34.3564563],[118.8065605,34.3588463],[118.8031006,34.3593662],[118.8025905,34.3570364],[118.8033707,34.3568463],[118.8027307,34.3546565],[118.8060308,34.3540663],[118.8036004,34.3460663],[118.8061705,34.3453762],[118.8045603,34.3422363],[118.8052803,34.3418663],[118.8046002,34.3401562],[118.8056405,34.3399061],[118.8049257,34.338079],[118.8021433,34.3387187],[118.8018302,34.3383964],[118.8005105,34.3387364],[118.7999606,34.3376063],[118.7982302,34.3379164],[118.79696,34.3339763],[118.7961803,34.334096],[118.7946602,34.3316563],[118.7932504,34.3301063],[118.79398,34.3286863],[118.7936291,34.3275369],[118.791274,34.3265567],[118.7887503,34.3234319],[118.7866148,34.3227754],[118.7859479,34.3222262],[118.7852015,34.3211672],[118.7850944,34.3185264],[118.7833853,34.3169872],[118.78055,34.315542],[118.7801299,34.3128494],[118.7792313,34.3126331],[118.7702899,34.3132868],[118.7666799,34.3139167],[118.7656398,34.3111266],[118.7641301,34.3115067],[118.7634498,34.3098866],[118.7625397,34.3093967],[118.7607601,34.3093567],[118.7618,34.3122068],[118.7572398,34.3135967],[118.7571702,34.3149565],[118.7565298,34.3126866],[118.7561499,34.3127367],[118.7555998,34.3089265],[118.7537999,34.3088166],[118.7543702,34.3119365],[118.7554102,34.3136368],[118.7544099,34.3145167],[118.7546301,34.3163567],[118.7543899,34.3163767],[118.7541802,34.3147067],[118.7537496,34.3147067],[118.7540104,34.3168468],[118.7509902,34.3169667],[118.7511599,34.3188666],[118.7544099,34.3180567],[118.7558798,34.3169366],[118.7563601,34.3212166],[118.7554498,34.3212766],[118.7555603,34.3220166],[118.7544199,34.3221167],[118.7545001,34.3230769],[118.7563203,34.3228366],[118.7564762,34.3230438],[118.7456802,34.3310069],[118.7454304,34.3308169],[118.7432498,34.3316367],[118.7431501,34.331377],[118.7444303,34.3309169],[118.7441003,34.3302269],[118.7411001,34.3309569],[118.7410301,34.3293271],[118.73992,34.3293769],[118.7398201,34.3280869],[118.7391901,34.328127],[118.7392098,34.3285369],[118.7363398,34.328817],[118.7360701,34.328007],[118.7365201,34.3279569],[118.73597,34.3249768],[118.7351501,34.3252368],[118.7352299,34.326157],[118.73431,34.3262768],[118.73335,34.325987],[118.7324999,34.326477],[118.73205,34.325557],[118.73069,34.3262969],[118.73016,34.325027],[118.7252702,34.3269372],[118.7267799,34.3303372],[118.7261002,34.330597],[118.72548,34.3289669],[118.72395,34.3293672],[118.7245503,34.3310572],[118.7207701,34.3321471],[118.7177297,34.3323671],[118.7180405,34.3345071],[118.7174602,34.3345772],[118.7177699,34.3366673],[118.7174302,34.336717],[118.7171406,34.3355372],[118.7164403,34.335237],[118.7163305,34.3338972],[118.71414,34.3363173],[118.7139302,34.3351672],[118.7120004,34.3353075],[118.7120201,34.3363074],[118.7088002,34.3360574],[118.7061103,34.3364371],[118.7018701,34.3364976],[118.70219,34.3387073],[118.70142,34.3388073],[118.70156,34.3396676],[118.7007199,34.3397774],[118.7009505,34.3413675],[118.6993703,34.3413274],[118.6996004,34.3429373],[118.6967502,34.3430475],[118.6967204,34.3427374],[118.6957802,34.3427474],[118.6958102,34.3438573],[118.6949401,34.3439475],[118.6951103,34.3453375],[118.6935001,34.3454876],[118.6936203,34.3462074],[118.6905003,34.3462775],[118.6917303,34.3501576],[118.6926604,34.3497374],[118.6928904,34.3523775],[118.6924105,34.3524776],[118.6918304,34.3517075],[118.6922001,34.3511174],[118.69162,34.3502177],[118.6903005,34.3508076],[118.6898904,34.3493378],[118.6882904,34.3497078],[118.6880908,34.3482478],[118.68666,34.3483976],[118.6851801,34.3480777],[118.6850706,34.3473876],[118.6809804,34.3476178],[118.6793504,34.3445477],[118.6776201,34.3455476],[118.6773603,34.3461177],[118.6769605,34.3427777],[118.6752401,34.3427075],[118.67519,34.3402877],[118.6679101,34.3410377],[118.6678302,34.3419378],[118.6645203,34.342398],[118.6647002,34.3426178],[118.6626599,34.3431077],[118.66281,34.3437178],[118.6612105,34.3437978],[118.6608504,34.345428],[118.6598403,34.3456177],[118.6596601,34.3445878],[118.6569303,34.345288],[118.65683,34.3459378],[118.6582403,34.3457777],[118.6583204,34.346338],[118.6565002,34.3465178],[118.65642,34.3475677],[118.65458,34.347978],[118.6548306,34.349648],[118.6539403,34.3498177],[118.6539701,34.3508078],[118.6515903,34.3513779],[118.65197,34.352298],[118.6503903,34.352618],[118.6504502,34.3531381],[118.6469001,34.3541278],[118.6467999,34.3537281],[118.64212,34.3549679],[118.6434404,34.3565181],[118.6391601,34.357818],[118.6407193,34.3618508],[118.6407007,34.3620821],[118.6390942,34.3626373],[118.6406073,34.3659371],[118.6410294,34.3658423],[118.6411283,34.3695829],[118.6385118,34.3767319],[118.6366423,34.3801994],[118.6366883,34.3827249],[118.6395033,34.3849794],[118.6425173,34.3840219],[118.6461333,34.3842049],[118.6533576,34.3851308],[118.6555551,34.3851342],[118.6599054,34.3866853],[118.66164,34.3912751],[118.6631005,34.3908951],[118.663603,34.3921915],[118.66447,34.3912697],[118.6662571,34.3943885],[118.6672423,34.3970071],[118.6688137,34.3989995],[118.6699808,34.402068],[118.6708302,34.4057984],[118.6707282,34.4065579],[118.6699089,34.4066992],[118.6710986,34.4120976],[118.6658678,34.4127634],[118.6656143,34.4138122],[118.6661378,34.4158324],[118.6640008,34.4197614],[118.6632233,34.4222944],[118.6588518,34.4251099],[118.6519309,34.4272075],[118.6484833,34.4323614],[118.6462938,34.4339979],[118.6444013,34.4360884],[118.639377,34.4380241],[118.6365917,34.4399695],[118.6365778,34.440249],[118.6355126,34.4400871],[118.6357097,34.4413224],[118.6244267,34.4415635],[118.6216616,34.4428544],[118.6171873,34.4463194],[118.6031723,34.4515534],[118.6004028,34.4515914],[118.5964963,34.4502639],[118.5945203,34.4482229],[118.5902874,34.4458403],[118.5900193,34.4443819],[118.5906092,34.4420774],[118.5899445,34.4396529],[118.5892305,34.4396034],[118.5884101,34.4380946],[118.5860807,34.4378947],[118.5839998,34.4339064],[118.5817413,34.4316369],[118.5789338,34.4296114],[118.5711593,34.4283334],[118.5681078,34.4281424],[118.5623093,34.4291344],[118.5458298,34.4357679],[118.5436403,34.4371759],[118.5403368,34.4383619],[118.5350878,34.4388884],[118.5317763,34.4396164],[118.5284578,34.4423109],[118.5217438,34.4393729],[118.5131003,34.4362674],[118.4915998,34.4269029],[118.4801638,34.4224549],[118.4765318,34.4204334],[118.4616933,34.4147339],[118.4466478,34.4167899],[118.4430693,34.4177514],[118.4380873,34.4178084],[118.4320068,34.4185714],[118.4287183,34.4202119],[118.4135973,34.4261284],[118.4081268,34.4300919],[118.4054033,34.4328764],[118.4033029,34.4273965],[118.400368,34.4273242],[118.395553,34.4262129],[118.4009014,34.4469657],[118.4036066,34.4659954],[118.4114597,34.4947431],[118.4293478,34.5201928],[118.430653,34.543903],[118.4271682,34.5438303],[118.428093,34.5484892],[118.4259237,34.5504474],[118.427048,34.5557774],[118.42105187423404,34.57136694331973],[118.422725,34.578484],[118.44341500591977,34.620541307827125],[118.4445336,34.6191922],[118.4463082,34.618553],[118.4507285,34.619224],[118.4537325,34.6208485],[118.4571846,34.6255455],[118.4610715,34.6240632],[118.4614577,34.6254405],[118.4630456,34.6251227],[118.4631743,34.6236748],[118.4705558,34.6222975],[118.473474,34.6329621],[118.4701266,34.6414011],[118.4684529,34.6411539],[118.4663308,34.6445045],[118.4645476,34.6442609],[118.4615007,34.6420719],[118.4595261,34.6417178],[118.4599553,34.642883],[118.4589682,34.6462371],[118.4584532,34.6494498],[118.45793778216192,34.65006226945896],[118.47059166274721,34.67578426069698],[118.475145,34.6748356],[118.4889128,34.6639101],[118.4953802,34.6637336],[118.5021902,34.6830373],[118.502708,34.6892131],[118.5050426,34.6907164],[118.5078851,34.6894987],[118.5238839,34.6878437],[118.5285617,34.6936518],[118.52438627272305,34.69644572442578],[118.596358,34.707494],[118.60014847470111,34.70643206698957],[118.59855,34.702202],[118.598645,34.701817],[118.599719,34.701834],[118.599688,34.698732],[118.598847,34.698816],[118.599313,34.692024],[118.599891,34.691313],[118.599491,34.691038],[118.599527,34.690409],[118.600569,34.691085],[118.60298,34.690507],[118.603381,34.691341],[118.605102,34.691732],[118.605287,34.692168],[118.606935,34.692258],[118.607105,34.69262],[118.608875,34.692543],[118.608725,34.691565],[118.609568,34.691444],[118.609989,34.692928],[118.611202,34.692985],[118.611547,34.694351],[118.613668,34.694419],[118.613942,34.693504],[118.617083,34.693031],[118.61676,34.691283],[118.617215,34.692889],[118.617629,34.69266],[118.61742,34.690901],[118.617877,34.690855],[118.618074,34.692125],[118.618049,34.690823],[118.618729,34.690775],[118.618916,34.692322],[118.619771,34.692376],[118.621857,34.690159],[118.622563,34.690114],[118.622516,34.689818],[118.623219,34.689656],[118.622588,34.688607],[118.623372,34.688848],[118.62447,34.687416],[118.624997,34.688125],[118.625557,34.687827],[118.62532,34.686482],[118.62804,34.686543],[118.628046,34.685546],[118.628486,34.685484],[118.628576,34.685034],[118.628097,34.684208],[118.6283427,34.684125],[118.6291026,34.6843354],[118.6303269,34.6841339],[118.630409,34.685194],[118.632348,34.687086],[118.6326,34.688694],[118.634629,34.689335],[118.634894,34.694095],[118.637343,34.693258],[118.637955,34.694138],[118.638182,34.695616],[118.638576,34.695654],[118.638595,34.695307],[118.639447,34.695165],[118.639495,34.694693],[118.641219,34.694404],[118.64126966909838,34.694911622401],[118.67416844621621,34.68569475639376],[118.674747,34.681594],[118.674407,34.679506],[118.681912,34.679746],[118.689279,34.684017],[118.690808,34.683916],[118.69101,34.684519],[118.691563,34.684279],[118.695058,34.685143],[118.696841,34.68487],[118.698181,34.686822],[118.699589,34.686941],[118.701054,34.687501],[118.701028,34.690019],[118.703264,34.690021],[118.703894,34.692103],[118.704357,34.692451],[118.705351,34.691574],[118.705497,34.69233],[118.706206,34.692947],[118.707471,34.69291],[118.707259,34.693986],[118.71032,34.69381],[118.710327,34.694308],[118.710759,34.69434],[118.710799,34.694005],[118.711602,34.694014],[118.711571,34.69331],[118.711799,34.693287],[118.711999,34.695028],[118.717378,34.694924],[118.717397,34.695963],[118.718597,34.696021],[118.718663,34.695377],[118.723789,34.6954],[118.72386,34.694877],[118.726579,34.694922],[118.726722,34.697145],[118.728053,34.696969],[118.727974,34.694826],[118.728219,34.69483],[118.728367,34.696978],[118.732031,34.696726],[118.732064,34.697749],[118.732385,34.697745],[118.732358,34.696345],[118.732791,34.696367],[118.732892,34.697504],[118.733659,34.697491],[118.733722,34.69824],[118.735983,34.698176],[118.736086,34.699203],[118.737155,34.69914],[118.737825,34.701408],[118.738456,34.701293],[118.737826,34.699229],[118.739392,34.698672],[118.740518,34.700453],[118.741475,34.700054],[118.741671,34.700331],[118.74074,34.700779],[118.740916,34.701058],[118.74242,34.700384],[118.742813,34.700964],[118.743978,34.701009],[118.744408,34.70291],[118.746177,34.702547],[118.746473,34.704262],[118.748965,34.705031],[118.748973,34.705429],[118.750553,34.7053],[118.750742,34.704824],[118.753587,34.705382],[118.753684,34.705727],[118.757525,34.705753],[118.757326,34.706758],[118.758678,34.707431],[118.756835,34.708058],[118.756721,34.709918],[118.757939,34.709984],[118.757809,34.712574],[118.759988,34.713459],[118.760021,34.713017],[118.76152,34.713152],[118.762339,34.713732],[118.763414,34.71323],[118.766702,34.715727],[118.765894,34.718123],[118.765999,34.719011],[118.765254,34.720145],[118.769114,34.721183],[118.769235,34.722001],[118.770233,34.721664],[118.770502,34.720219],[118.770521,34.72137],[118.77103,34.721389],[118.771233,34.720818],[118.771849,34.721985],[118.770423,34.722436],[118.771734,34.723621],[118.77143,34.723864],[118.771411,34.724534],[118.771993,34.724577],[118.771965,34.725178],[118.773384,34.724621],[118.772493,34.726406],[118.771384,34.726364],[118.771451,34.725518],[118.77002,34.725728],[118.770012,34.726247],[118.770439,34.726266],[118.770378,34.730718],[118.768811,34.733658],[118.767543,34.73449],[118.766097,34.734416],[118.76575,34.737535],[118.764266,34.737635],[118.764379,34.739859],[118.762487,34.73987],[118.762575,34.74062],[118.761699,34.740746],[118.760383,34.742415],[118.759105,34.743253],[118.758815,34.743166],[118.758368,34.744145],[118.757663,34.744169],[118.757716,34.744913],[118.756351,34.744319],[118.75636105561745,34.746087447921056],[118.759449,34.748629],[118.76975162524684,34.79952365738949],[118.770447,34.801246],[118.770949,34.801106],[118.771054,34.801374],[118.77017399831817,34.801610167598334],[118.77036618116968,34.80255954507735],[118.770423,34.802551],[118.77048,34.802884],[118.7704358095601,34.80290350722195],[118.77431587241061,34.82207090045375],[118.774986,34.822573],[118.775253,34.823439],[118.778897,34.824098],[118.778187,34.825361],[118.778857,34.828125],[118.780665,34.82824],[118.781082,34.83001],[118.782575,34.829309],[118.780461,34.832229],[118.778557,34.832229],[118.77861,34.833479],[118.777702,34.833562],[118.77758,34.834691],[118.77734544005588,34.83469468022063],[118.78590437817415,34.84785657923857],[118.787382,34.847207],[118.787804,34.844757],[118.790551,34.84448],[118.790785,34.844097],[118.792478,34.844184],[118.791127,34.846451],[118.791956,34.846708],[118.792232,34.845573],[118.793177,34.844241],[118.794465,34.846528],[118.796207,34.846481],[118.796271,34.847475],[118.79908,34.847669],[118.798852,34.850546],[118.801404,34.850841],[118.802024,34.855329],[118.798758,34.855715],[118.798706,34.85606],[118.795517,34.855932],[118.795713,34.860635],[118.798145,34.860478],[118.798741,34.864701],[118.79944,34.8647],[118.800161,34.867104],[118.800793,34.867232],[118.800219,34.867248],[118.800748,34.870354],[118.803071,34.870567],[118.801858,34.871583],[118.80135036453404,34.87160935205829],[118.83556966338901,34.924231645825365],[118.836957,34.923893],[118.836824,34.924953],[118.83632355580932,34.92539097841653],[118.83661598003461,34.92584066715953],[118.837085,34.926107],[118.837694,34.925443],[118.837293,34.925246],[118.837603,34.924593],[118.838486,34.924729],[118.838769,34.925347],[118.838265,34.925731],[118.838727,34.926484],[118.838442,34.92661],[118.837799,34.925882],[118.83741,34.92633],[118.839138,34.927342],[118.840107,34.929284],[118.840376,34.929019],[118.84012,34.928247],[118.840405,34.928192],[118.840735,34.929115],[118.84125,34.929206],[118.841947,34.930329],[118.842953,34.930318],[118.842742,34.931081],[118.845389,34.93139],[118.846583,34.931902],[118.845718,34.931994],[118.846258,34.932702],[118.8472,34.932573],[118.846649,34.931464],[118.847474,34.931087],[118.847678,34.930265],[118.846651,34.9302],[118.846146,34.929692],[118.846114,34.929208],[118.844899,34.928019],[118.844877,34.926832],[118.845871,34.926593],[118.846025,34.927319],[118.848724,34.927032],[118.850395,34.927454],[118.849915,34.927971],[118.850088,34.928453],[118.851338,34.928526],[118.852397,34.929347],[118.854541,34.927544],[118.855128,34.926482],[118.855629,34.926607],[118.856939,34.928333],[118.857134,34.929132],[118.856655,34.931199],[118.854181,34.935111],[118.85483,34.937716],[118.853385,34.938311],[118.852865,34.939011],[118.854652,34.941526],[118.855366,34.94172],[118.856689,34.941388],[118.856758,34.941935],[118.856068,34.94218],[118.855897,34.943156],[118.856358,34.94407],[118.857094,34.944071],[118.857556,34.945973],[118.856854,34.946524],[118.858136,34.948106],[118.857499,34.948364],[118.858393,34.949934],[118.85813,34.950176],[118.858461,34.951033],[118.857386,34.951571],[118.859266,34.952355],[118.859799,34.952975],[118.859012,34.953068],[118.858933,34.954429],[118.85856,34.954332],[118.858613,34.954947],[118.857916,34.955135],[118.858219,34.956363],[118.857677,34.956408],[118.857455,34.955414],[118.856462,34.955553],[118.856292,34.956751],[118.855598,34.957366],[118.855008,34.957029],[118.854573,34.957037],[118.854903,34.957436],[118.854147,34.95751],[118.852947,34.957153],[118.852675,34.959032],[118.853048,34.959816],[118.851595,34.959735],[118.851487,34.960101],[118.853244,34.960824],[118.853808,34.963793],[118.852293,34.963856],[118.85224,34.965679],[118.850146,34.965752],[118.850249,34.967262],[118.850904,34.967273],[118.851012,34.96843],[118.8526,34.969142],[118.85281,34.972433],[118.853563,34.972467],[118.853637,34.972941],[118.854606,34.973047],[118.854599,34.973525],[118.853613,34.973322],[118.853601,34.973775],[118.854881,34.975017],[118.855296,34.976274],[118.857113,34.9763],[118.857129,34.976504],[118.855619,34.976651],[118.856116,34.977338],[118.855671,34.977364],[118.855753,34.978135],[118.854502,34.978286],[118.854906,34.979042],[118.853431,34.979319],[118.853521,34.980412],[118.856211,34.98026],[118.856639,34.981525],[118.857139,34.981576],[118.857269,34.984212],[118.857637,34.985336],[118.856799,34.98555],[118.856826,34.985806],[118.857699,34.985713],[118.857777,34.988547],[118.860534,34.988568],[118.86102,34.991826],[118.863627,34.991845],[118.862729,34.9943],[118.863937,34.994597],[118.864196,34.995152],[118.864752,34.995224],[118.86481,34.995656],[118.866065,34.995811],[118.86625,34.996382],[118.863281,34.996878],[118.863881,34.997313],[118.864506,34.998611],[118.864294,35.000302],[118.863311,35.00034],[118.8639,35.000501],[118.863893,35.001252],[118.862422,35.001165],[118.86265,35.002631],[118.860761,35.002918],[118.860774,35.003188],[118.862443,35.003095],[118.86292,35.003819],[118.862993,35.005542],[118.862331,35.005883],[118.860615,35.005398],[118.861663,35.006312],[118.861124,35.007886],[118.86015058368217,35.00876858355764],[118.86598641654525,35.033010340228444],[118.868176,35.033721],[118.871012,35.034181],[118.87146,35.034007],[118.872085,35.032171],[118.871887,35.034487],[118.873394,35.034529],[118.873405,35.035345],[118.874475,35.035385],[118.876228,35.034087],[118.876741,35.033137],[118.879187,35.034502],[118.881356,35.035139],[118.882071,35.034994],[118.883059,35.035837],[118.883799,35.035952],[118.88461,35.03672],[118.884659,35.037348],[118.885504,35.037334],[118.88583605832993,35.037540188424934],[119.03911496046386,35.04742778094908],[119.039346,35.046275],[119.039549,35.046328],[119.039395548225,35.04744588087941],[119.076277,35.049825],[119.08970575493196,35.0574092815077],[119.089894,35.056922],[119.091386,35.0569],[119.09136,35.057405],[119.091896,35.056777],[119.091871,35.055585],[119.092537,35.055635],[119.092603,35.056198],[119.092967,35.056449],[119.094848,35.056224],[119.094146,35.054419],[119.094864,35.05424],[119.094544,35.053419],[119.094943,35.053048],[119.096181,35.053412],[119.098363,35.051844],[119.100666,35.053136],[119.102336,35.052819],[119.103531,35.05126],[119.102965,35.050651],[119.101578,35.050345],[119.102238,35.049777],[119.100723,35.048393],[119.100823,35.047972],[119.102336,35.047637],[119.102837,35.048073],[119.103127,35.049477],[119.104383,35.049603],[119.104711,35.048935],[119.105996,35.048989],[119.106003,35.051089],[119.107929,35.051146],[119.108542,35.050825],[119.109033,35.05123],[119.109135,35.050558],[119.110166,35.050643],[119.110486,35.05131],[119.110899,35.051602],[119.111369,35.051495],[119.111857,35.052441],[119.113799,35.053144],[119.113496,35.053489],[119.118361,35.054213],[119.119,35.054993],[119.120785,35.055038],[119.121415,35.05591],[119.120146,35.056372],[119.120083,35.056673],[119.120616,35.056956],[119.12092,35.057748],[119.120472,35.057899],[119.119595,35.060509],[119.118376,35.060452],[119.119674,35.060842],[119.118357,35.060861],[119.118179,35.062219],[119.116839,35.06224],[119.117307,35.065138],[119.115405,35.065557],[119.115586,35.068707],[119.116581,35.068905],[119.116283,35.069692],[119.114805,35.071453],[119.11514001857464,35.071774024656605],[119.11719701775753,35.072935775015694],[119.118429,35.072851],[119.119911,35.074057],[119.121644,35.073423],[119.122665,35.074706],[119.121861,35.075447],[119.12189879635905,35.07559124178692],[119.12283125102157,35.076117872788046],[119.122949,35.07576],[119.12437,35.076608],[119.12450453013807,35.07706290603385],[119.175599,35.10592],[119.295127,35.070838],[119.21582,35.011768],[119.165332,34.848828],[119.200977,34.748437],[119.351367,34.749414],[119.426758,34.71416],[119.58291,34.582227],[119.769727,34.496191],[119.82963317888127,34.48124480296627],[119.8191899,34.470299]]],[[[118.751237,34.741305],[118.753031,34.741268],[118.753288,34.739969],[118.75,34.739535],[118.749736,34.738671],[118.74738325766765,34.73869821475594],[118.75133690596296,34.74195228989444],[118.751237,34.741305]]],[[[118.752086,34.742355],[118.752028,34.741984],[118.75146849897764,34.74206059835425],[118.75186338701873,34.74238561344436],[118.752086,34.742355]]],[[[118.755177,34.743606],[118.75406508393876,34.74419773396567],[118.75512891848665,34.74507332969276],[118.755177,34.743606]]]]}},{"type":"Feature","properties":{"city_name":"镇江市","region":"苏南","osm_type":"relation","osm_id":3429680,"display_name":"镇江市, 江苏省, 中国"},"geometry":{"type":"Polygon","coordinates":[[[118.9634704,31.8375087],[118.9631256,31.8382487],[118.9632889,31.8385817],[118.9637897,31.8373915],[118.9637462,31.8365929],[118.9647848,31.8362396],[118.9646513,31.8367759],[118.9642612,31.836741],[118.9642253,31.8375521],[118.9644614,31.8380405],[118.9653773,31.8383044],[118.9650071,31.8385541],[118.9652826,31.8391655],[118.9651543,31.8398064],[118.9659602,31.8396189],[118.9660115,31.8387163],[118.9664375,31.8385332],[118.9677308,31.8387769],[118.9681953,31.8383237],[118.9694511,31.8384778],[118.9710147,31.8379565],[118.9711255,31.8389295],[118.9712209,31.8379305],[118.9721315,31.8379504],[118.9720236,31.839088],[118.9726985,31.8396292],[118.9724285,31.8409686],[118.9741995,31.841175],[118.9741905,31.8427476],[118.9746105,31.8427995],[118.9746716,31.8437401],[118.9738087,31.8436687],[118.9735889,31.8451963],[118.9771525,31.8451275],[118.9773144,31.8455357],[118.9826264,31.8459912],[118.9829567,31.8452192],[118.9844747,31.8458174],[118.9843698,31.8461996],[118.9859413,31.8463007],[118.9867507,31.8446012],[118.9888964,31.8448931],[118.9883448,31.8464361],[118.989055,31.8466112],[118.9888259,31.8473117],[118.9895513,31.8476295],[118.9897116,31.8472404],[118.9900171,31.8472858],[118.9909257,31.8455345],[118.9965601,31.8481578],[118.9969113,31.8481059],[118.9976367,31.8469902],[118.9979956,31.8457773],[118.996559,31.8450635],[118.9959816,31.8451145],[118.9960191,31.8448469],[118.9932088,31.8434175],[118.9928639,31.8436595],[118.9929013,31.8433347],[118.9915488,31.8426907],[118.9921815,31.8423091],[118.992234,31.8426595],[118.9942231,31.8436375],[118.9947414,31.8427156],[118.9950869,31.8427293],[118.9976084,31.8440411],[118.9979972,31.8431375],[118.999347,31.843743],[119.0002108,31.8420258],[119.0035114,31.8437581],[119.0027113,31.8451275],[119.0024144,31.8450194],[119.0018099,31.8458752],[119.0033369,31.8463166],[119.0030612,31.8468841],[119.0013115,31.8461094],[119.0010984,31.8464441],[119.0023816,31.8470296],[119.0020542,31.8475573],[119.0025116,31.847863],[119.001824,31.8489999],[119.0032302,31.8496484],[119.0034642,31.8492621],[119.0023083,31.8487037],[119.0024462,31.8482443],[119.0032097,31.8485145],[119.0038035,31.8476227],[119.0048958,31.8481091],[119.0044398,31.849127],[119.0047685,31.849064],[119.0053836,31.8475957],[119.0098695,31.8491051],[119.0103047,31.848411],[119.0131618,31.8491467],[119.0135207,31.8484656],[119.0139865,31.848498],[119.0148035,31.846883],[119.0179113,31.8481478],[119.0176898,31.8488029],[119.0208816,31.8489261],[119.021884,31.8515791],[119.0226772,31.8513735],[119.0230713,31.8524742],[119.0234277,31.8523779],[119.023946,31.8533135],[119.0246749,31.8528503],[119.0251279,31.8543099],[119.0276116,31.8530991],[119.0283684,31.8549061],[119.035145,31.8545194],[119.0351018,31.8554504],[119.0355176,31.8553862],[119.0363977,31.8568399],[119.0378501,31.8566106],[119.0378285,31.8562988],[119.037321,31.8563584],[119.0372845,31.8557566],[119.0399624,31.8555438],[119.0399242,31.8563285],[119.0380481,31.8565771],[119.0381561,31.8572696],[119.0385287,31.8575631],[119.0398728,31.8575512],[119.0397965,31.8602621],[119.0407694,31.8603376],[119.0406722,31.8618005],[119.0420185,31.8616759],[119.0425224,31.8611182],[119.0434616,31.8617018],[119.0450499,31.862052],[119.0453859,31.8628238],[119.0470734,31.8635696],[119.0481347,31.863148],[119.0487303,31.8614619],[119.0508434,31.861906],[119.0514695,31.8621719],[119.051523,31.8624962],[119.0508739,31.8632355],[119.0527752,31.8645455],[119.0543482,31.8637154],[119.0545086,31.8632485],[119.05515,31.8633198],[119.0564958,31.8626538],[119.0580292,31.8634975],[119.0589118,31.8643218],[119.0587401,31.8647159],[119.0575307,31.8644683],[119.0584594,31.8662292],[119.0578654,31.8663759],[119.0573039,31.8657431],[119.0573039,31.8664951],[119.0563212,31.8664951],[119.0577035,31.8677974],[119.0606407,31.8696774],[119.0605543,31.8703652],[119.062768,31.8723094],[119.0640315,31.87186],[119.0663748,31.8680542],[119.066993,31.867334],[119.067917,31.8671006],[119.0687722,31.8678333],[119.0674588,31.8685532],[119.0673366,31.8688061],[119.0680468,31.8691238],[119.0675963,31.869902],[119.0680773,31.8706477],[119.0688256,31.8702068],[119.0699557,31.8707126],[119.0708644,31.8719382],[119.0697145,31.8726125],[119.0700658,31.8740391],[119.0706537,31.8740651],[119.0700581,31.8728719],[119.0706003,31.8724115],[119.071341,31.8728071],[119.0712417,31.8738057],[119.0717304,31.8729692],[119.0728681,31.8730146],[119.0729139,31.8721521],[119.0723107,31.8721457],[119.0721854,31.8713999],[119.0728879,31.8709655],[119.0730482,31.8716593],[119.0737202,31.8715167],[119.0733002,31.8705894],[119.0738652,31.8703494],[119.0734987,31.8698501],[119.0727504,31.8702781],[119.0723839,31.8700965],[119.0719181,31.8705829],[119.0711698,31.8699798],[119.0707804,31.8702781],[119.071544,31.8692924],[119.0710324,31.8686958],[119.0702841,31.8692535],[119.0696808,31.8687607],[119.068902,31.8693832],[119.0684362,31.8692211],[119.0683217,31.8689033],[119.0688027,31.869046],[119.0707498,31.8681511],[119.0702993,31.8672367],[119.0689402,31.867775],[119.0682753,31.8666877],[119.0883576,31.8621043],[119.0891518,31.8624346],[119.0920875,31.865835],[119.0957353,31.8680678],[119.0965131,31.8716587],[119.097729,31.8745053],[119.0980795,31.8789239],[119.0988135,31.8807564],[119.1004018,31.8823563],[119.103228,31.8873325],[119.1043782,31.887872],[119.1061747,31.8874441],[119.110907,31.8882068],[119.1120681,31.8885975],[119.1127582,31.8892392],[119.1134045,31.8937315],[119.1129992,31.894615],[119.1131636,31.8954706],[119.1144014,31.8965216],[119.1144342,31.8976469],[119.1131964,31.8998231],[119.1121119,31.900688],[119.1087071,31.9019269],[119.1081639,31.9025033],[119.1082544,31.9039443],[119.11028,31.9064803],[119.1092955,31.9069126],[119.1099292,31.9085072],[119.1083676,31.9087089],[119.1081865,31.9097752],[119.1085826,31.9112833],[119.1043299,31.9127721],[119.1041059,31.9191022],[119.1022495,31.9251058],[119.1023776,31.9285285],[119.1003642,31.9317462],[119.1003364,31.9330834],[119.0989643,31.9330904],[119.098642,31.933357],[119.0990883,31.9339883],[119.0986585,31.9356438],[119.0966334,31.9351036],[119.0963028,31.9354403],[119.0968318,31.9359734],[119.0966252,31.9371378],[119.0961375,31.9374675],[119.0923932,31.9348722],[119.0895911,31.936261],[119.0864133,31.9360534],[119.0830843,31.934536],[119.0793959,31.9378633],[119.0765611,31.9383415],[119.0713015,31.9386024],[119.064729,31.9408252],[119.0626132,31.9419914],[119.0616088,31.9420978],[119.0598293,31.9420869],[119.0555875,31.9410437],[119.0482137,31.9411876],[119.0472343,31.9387195],[119.0449681,31.9385238],[119.0389292,31.9391917],[119.0333644,31.9411497],[119.0329433,31.9429412],[119.034833,31.942341],[119.0347412,31.9430741],[119.0330405,31.9437063],[119.0322576,31.9434864],[119.030573,31.9443844],[119.0307565,31.9449709],[119.0296983,31.9454382],[119.0299898,31.9460247],[119.0285104,31.9463912],[119.0276033,31.9473258],[119.0247074,31.9486113],[119.0246229,31.9490301],[119.0235754,31.9491676],[119.0242882,31.953025],[119.0238778,31.9541612],[119.0240722,31.955224],[119.0236402,31.9561311],[119.0213419,31.9573161],[119.0212062,31.9582142],[119.0220698,31.9586187],[119.0225966,31.958055],[119.0239863,31.9584567],[119.0241467,31.9580162],[119.0245743,31.9580939],[119.0251623,31.9574525],[119.0253073,31.9578283],[119.0259564,31.9579384],[119.0262694,31.9574331],[119.027033,31.9576145],[119.0270865,31.9579773],[119.0262847,31.9580809],[119.0258342,31.9585409],[119.025712,31.960925],[119.0264457,31.9621391],[119.0284187,31.9640875],[119.0284645,31.963647],[119.0292128,31.9637506],[119.0289761,31.9641782],[119.0295717,31.9647677],[119.0306025,31.9640486],[119.0310225,31.9644243],[119.0303811,31.9648713],[119.0311905,31.9648778],[119.0313585,31.9644373],[119.0325497,31.9649167],[119.0330231,31.9646446],[119.0318701,31.9640356],[119.0314348,31.9631676],[119.0317403,31.9627141],[119.0320304,31.9627854],[119.0323053,31.9636988],[119.0331529,31.9631158],[119.0334201,31.9634202],[119.033863,31.9632907],[119.0339088,31.9623772],[119.0343212,31.9626882],[119.0343441,31.9632129],[119.0355582,31.9633619],[119.0349778,31.9642494],[119.0355047,31.9643207],[119.0354513,31.9645604],[119.0348938,31.9645604],[119.0347259,31.9651563],[119.0364286,31.9656292],[119.036925,31.9661928],[119.0373907,31.9670868],[119.0370471,31.9681103],[119.0379176,31.9680325],[119.0383529,31.9686738],[119.0382536,31.9694965],[119.0386965,31.9693799],[119.0391775,31.9702025],[119.0394448,31.9701313],[119.0397502,31.970954],[119.0409185,31.9695742],[119.0421249,31.9695354],[119.042186,31.970358],[119.0425067,31.9706625],[119.0439575,31.9702349],[119.0447364,31.9717572],[119.0461414,31.9713685],[119.0480961,31.971796],[119.0481419,31.9714333],[119.0484932,31.9714916],[119.0484932,31.9722365],[119.0498905,31.9723207],[119.0499364,31.9728],[119.0514712,31.9730397],[119.0512192,31.9741927],[119.0526394,31.9742315],[119.0536223,31.9733986],[119.0564314,31.973364],[119.0570835,31.9743481],[119.0593055,31.9746267],[119.0592138,31.9754234],[119.060092,31.9759286],[119.0608371,31.9769621],[119.0612442,31.9757419],[119.0629541,31.9756959],[119.0652203,31.9774801],[119.0659124,31.975339],[119.0644412,31.9717608],[119.067481,31.96909],[119.0716335,31.9692512],[119.073072,31.9727048],[119.0762203,31.9756288],[119.089725,31.9752042],[119.0949511,31.9696537],[119.1005275,31.9673373],[119.1014889,31.9692622],[119.1037579,31.9712197],[119.1058731,31.9714154],[119.1074114,31.9735686],[119.1045271,31.975787],[119.1047194,31.9808434],[119.11418,31.97993],[119.1152569,31.9845295],[119.1125263,31.9875957],[119.1086806,31.9903682],[119.1089405,31.9933248],[119.1080983,31.9977747],[119.1033112,32.0013119],[119.1033497,32.0040677],[119.1007345,32.0059919],[119.0998885,32.0085193],[119.0972925,32.0088454],[119.0970618,32.0056984],[119.0917546,32.0023229],[119.086332,32.0023229],[119.0850821,32.0048504],[119.0860244,32.0079975],[119.0878319,32.0109651],[119.0882934,32.0141934],[119.0916392,32.0201118],[119.0918058,32.0216874],[119.0902011,32.0235427],[119.0882025,32.0240127],[119.0896468,32.0269934],[119.0907409,32.0268821],[119.0912369,32.0280818],[119.0900698,32.0284776],[119.090347,32.0299246],[119.0870938,32.0310748],[119.0909014,32.0388536],[119.0868629,32.0422061],[119.0864544,32.045619],[119.0813777,32.0490318],[119.0802689,32.0510596],[119.0809692,32.0531369],[119.0786059,32.0549174],[119.0806774,32.0553625],[119.0816111,32.0566978],[119.0803273,32.0576127],[119.0805607,32.0580455],[119.0836097,32.0567596],[119.0840911,32.0582804],[119.0870397,32.0597942],[119.0864368,32.0608252],[119.0871635,32.0608957],[119.0880094,32.0592696],[119.0887314,32.0606684],[119.0887314,32.0619273],[119.0922387,32.063396],[119.0926513,32.0656339],[119.0945494,32.0656164],[119.0949827,32.0688333],[119.0942193,32.0693578],[119.0930846,32.0668927],[119.0919912,32.0672948],[119.0928783,32.0704417],[119.0937448,32.0722599],[119.0937861,32.0740081],[119.0953334,32.0764206],[119.0956429,32.0778891],[119.0932758,32.0810881],[119.0956276,32.0886791],[119.0940037,32.0897703],[119.0956276,32.0930911],[119.0913719,32.0939925],[119.0899335,32.0966764],[119.0858948,32.0959384],[119.082648,32.0958043],[119.0811235,32.0986554],[119.0821134,32.0987728],[119.0834795,32.0971628],[119.0832023,32.0990579],[119.0842318,32.099863],[119.0840734,32.1003829],[119.0818758,32.1000978],[119.0801732,32.1006344],[119.0777381,32.0989405],[119.0763127,32.0994101],[119.0754218,32.1030997],[119.0747685,32.1092376],[119.06972,32.1078121],[119.0678788,32.1087345],[119.0673839,32.1106294],[119.0657407,32.1108977],[119.0641569,32.1086674],[119.062672,32.1095729],[119.0596034,32.1075103],[119.0536046,32.1044581],[119.0481999,32.1059004],[119.0460296,32.1076109],[119.0445016,32.1105644],[119.0444011,32.1118342],[119.0438986,32.1123307],[119.0425754,32.1124513],[119.0414196,32.1119122],[119.0426089,32.1097628],[119.0410763,32.1111886],[119.041093,32.1098692],[119.0405905,32.1099969],[119.0403477,32.1105006],[119.0396191,32.1102168],[119.0398871,32.1109191],[119.0394851,32.1113021],[119.0398117,32.1121392],[119.0396023,32.1123023],[119.0376342,32.1112028],[119.0368386,32.1103445],[119.0370229,32.1109191],[119.0385471,32.1121463],[119.0372741,32.1123945],[119.0390077,32.1126357],[119.0400294,32.1136217],[119.0348538,32.114097],[119.0340666,32.1151964],[119.032869,32.1160902],[119.031864,32.1163597],[119.027082,32.1161044],[119.0237823,32.1176152],[119.0229532,32.1175159],[119.0213118,32.1180266],[119.0167559,32.116835],[119.0153908,32.1173244],[119.0122586,32.1161044],[119.0116138,32.117062],[119.0092604,32.1173528],[119.0090614,32.1166697],[119.0077467,32.1166747],[119.0078415,32.1175023],[119.0035487,32.1179476],[119.0043476,32.1236963],[119.003637,32.1252711],[119.0039035,32.1267506],[119.004845,32.1261036],[119.0048154,32.12657],[119.0057688,32.1271217],[119.00568,32.1282952],[119.0066986,32.1284406],[119.0066216,32.1286964],[119.0073974,32.1289873],[119.0073441,32.1292982],[119.0076875,32.1293834],[119.0078178,32.1289572],[119.0083745,32.1291778],[119.0085403,32.1300354],[119.0106011,32.1309882],[119.0107787,32.1317655],[119.0113887,32.1317454],[119.0117144,32.1323221],[119.0128986,32.1324902],[119.0128315,32.1308779],[119.0146457,32.1305168],[119.0151432,32.1308879],[119.015386,32.131605],[119.0167776,32.1320112],[119.0170086,32.1324977],[119.0173639,32.1325077],[119.0174066,32.1343557],[119.0177406,32.1349858],[119.018902,32.1351681],[119.0194271,32.1362568],[119.0189419,32.1362593],[119.0189419,32.1366699],[119.0197097,32.1369248],[119.0189458,32.1396326],[119.0182825,32.1398182],[119.0198873,32.1408611],[119.0206157,32.1420846],[119.0213678,32.1426212],[119.0214448,32.1431627],[119.0230259,32.1432078],[119.023957,32.144688],[119.023977,32.145196],[119.025124,32.145023],[119.025549,32.146035],[119.025445,32.146519],[119.026862,32.147312],[119.027133,32.148142],[119.029746,32.146895],[119.029817,32.147286],[119.030664,32.147629],[119.031994,32.151232],[119.032689,32.151102],[119.032681,32.150836],[119.03475,32.150727],[119.034477,32.151774],[119.033648,32.152821],[119.035178,32.15382],[119.033121,32.1555],[119.033152,32.15617],[119.032474,32.156278],[119.03324,32.156644],[119.033016,32.157313],[119.0339872,32.1589834],[119.0356201,32.1581077],[119.036257,32.1589438],[119.0386585,32.1579754],[119.0420087,32.1582465],[119.0423141,32.160274],[119.0476481,32.1595869],[119.0473446,32.1602005],[119.0478113,32.1608795],[119.0492758,32.1608727],[119.0493429,32.1595148],[119.0500563,32.1595988],[119.0531623,32.1583704],[119.0535459,32.1610543],[119.0493858,32.1617718],[119.0495172,32.1623145],[119.0490425,32.1624735],[119.046599,32.1619103],[119.0425887,32.1630728],[119.0424451,32.1632809],[119.04292,32.1635908],[119.0423754,32.1648719],[119.043861,32.1655797],[119.0451872,32.1642463],[119.0474325,32.1636417],[119.0549948,32.1647632],[119.0572129,32.1640353],[119.0587974,32.1641365],[119.0604209,32.1647859],[119.0617232,32.1639897],[119.0629023,32.1641593],[119.0652845,32.1653031],[119.0681622,32.1646721],[119.0707821,32.165272],[119.072474,32.1641828],[119.0716865,32.1651399],[119.0716602,32.165724],[119.0739406,32.1666307],[119.0747356,32.1673479],[119.0764458,32.1676804],[119.0776065,32.1686629],[119.0713649,32.1709086],[119.0722176,32.1746379],[119.0739942,32.1745277],[119.0739982,32.1742761],[119.074819,32.1745171],[119.074819,32.1764878],[119.0736884,32.1763673],[119.0735209,32.1783449],[119.0723735,32.1787206],[119.0721307,32.1783733],[119.0714523,32.178593],[119.072235,32.1804599],[119.0747436,32.1807195],[119.0795507,32.1803084],[119.0818287,32.1805352],[119.0887044,32.1819245],[119.0917277,32.1832216],[119.1023637,32.1856315],[119.1104286,32.188176],[119.1140046,32.1884241],[119.1156545,32.1893384],[119.1172038,32.1908622],[119.1183847,32.1911669],[119.1185773,32.1918686],[119.1204281,32.1924214],[119.120738,32.1930805],[119.1237864,32.1936758],[119.1238702,32.1933569],[119.129364,32.1953484],[119.1317592,32.195235],[119.1338027,32.1947035],[119.1362816,32.1937538],[119.1404439,32.1915071],[119.1467082,32.1889698],[119.1462767,32.1871383],[119.1474994,32.1867698],[119.1474157,32.1856924],[119.1496266,32.1851112],[119.1496936,32.1841756],[119.1507656,32.1842181],[119.1508159,32.1828431],[119.1541155,32.1828147],[119.1547018,32.1857349],[119.1555057,32.1875636],[119.1580349,32.1875352],[119.1650949,32.1887189],[119.1672501,32.1887064],[119.1694649,32.1895183],[119.1784187,32.1915129],[119.1795055,32.1913987],[119.182827,32.1887548],[119.1846946,32.1876775],[119.1870731,32.1869404],[119.1890411,32.186749],[119.1908645,32.1869534],[119.1951756,32.1881462],[119.2039637,32.1911933],[119.2107738,32.1923158],[119.2122543,32.1937591],[119.2149665,32.2018372],[119.2164233,32.2032302],[119.218567,32.2043626],[119.2395068,32.2181113],[119.223504,32.2246314],[119.2381869,32.2311125],[119.2600699,32.2347486],[119.2850791,32.2367318],[119.326931,32.2350869],[119.3561991,32.2281375],[119.3847252,32.2261541],[119.4034821,32.2443337],[119.4257559,32.2582138],[119.4663959,32.265814],[119.5086979,32.2559774],[119.5141843,32.2619924],[119.5178831,32.2587209],[119.5316941,32.2669971],[119.5332984,32.2695479],[119.531361,32.2723257],[119.537763,32.2778809],[119.5400374,32.2780946],[119.5388581,32.2846465],[119.5575586,32.2872814],[119.5722158,32.2870678],[119.5724685,32.2778097],[119.5638777,32.2767155],[119.5666721,32.2468814],[119.574722,32.2519276],[119.5884537,32.2553283],[119.5990874,32.255729],[119.6095327,32.2538768],[119.6198938,32.2267309],[119.6251165,32.229225],[119.6248638,32.2369917],[119.6222009,32.2521391],[119.6243584,32.2560852],[119.6278121,32.2587921],[119.633211,32.2619455],[119.6421083,32.2647803],[119.6506403,32.2643482],[119.6627767,32.2675531],[119.6725989,32.2723358],[119.6805425,32.2776764],[119.6833027,32.2834475],[119.6892821,32.2830863],[119.7029008,32.2803182],[119.7068943,32.2883843],[119.7128351,32.2991342],[119.725664,32.3102973],[119.7382812,32.3173791],[119.7518833,32.32645],[119.7688382,32.3275847],[119.7861633,32.3251891],[119.7927379,32.3235545],[119.7995185,32.3211638],[119.8159091,32.3122902],[119.8329064,32.2950573],[119.8524168,32.2789892],[119.8579905,32.2729264],[119.8738534,32.2526028],[119.8808597,32.2319524],[119.8962416,32.1560461],[119.9228139,32.0872084],[119.9486986,32.0484582],[119.9648153,32.0164068],[119.9520487,32.0100696],[119.9508818,32.0087621],[119.9503587,32.0070906],[119.9502681,32.0043954],[119.9495202,32.0036809],[119.9339288,32.0064402],[119.9282438,32.0067419],[119.9151882,32.0058026],[119.9124115,32.0061521],[119.9102022,32.0073975],[119.9048002,32.0120708],[119.901671,32.016277],[119.8974916,32.027156],[119.8912636,32.0415355],[119.891096,32.0434072],[119.8914594,32.0455062],[119.8920902,32.0473067],[119.8931807,32.0489309],[119.8874288,32.0497724],[119.885927,32.0497954],[119.8849788,32.0494728],[119.8835209,32.0485205],[119.8819549,32.0462013],[119.8814466,32.0449331],[119.8814647,32.0416667],[119.8794393,32.0412959],[119.877554,32.0417123],[119.8742519,32.0433853],[119.8705349,32.0480685],[119.8689449,32.0509032],[119.8689272,32.0519297],[119.8677008,32.0549682],[119.8689803,32.0556381],[119.8666101,32.0602623],[119.8658116,32.0611029],[119.8643793,32.0603086],[119.8641212,32.0610096],[119.8624523,32.0599481],[119.8595748,32.0576758],[119.8543241,32.0543866],[119.8548891,32.0537983],[119.8546748,32.0536395],[119.8451045,32.0608987],[119.8392273,32.0620891],[119.8393646,32.0618019],[119.8386878,32.0611766],[119.8344759,32.0585624],[119.834506,32.0562757],[119.8312605,32.0556027],[119.829153,32.0547101],[119.8285583,32.0550774],[119.8279754,32.0549713],[119.8274339,32.0541729],[119.8236909,32.0544416],[119.8217909,32.0540674],[119.8182688,32.0565486],[119.8148484,32.057591],[119.8137844,32.0575987],[119.8130411,32.0571702],[119.810992,32.0573675],[119.8105453,32.0569541],[119.8089046,32.0569916],[119.8054638,32.05789],[119.7983066,32.0575764],[119.7964986,32.057149],[119.7960586,32.0576511],[119.7940254,32.0568674],[119.7922936,32.0549571],[119.7922523,32.0542637],[119.7879289,32.0482653],[119.7875003,32.0483955],[119.787322,32.0478775],[119.7870733,32.0479459],[119.7869908,32.0476778],[119.7875554,32.0474315],[119.7837187,32.0402499],[119.7833285,32.0374904],[119.7837684,32.0373538],[119.7835699,32.0359831],[119.7831209,32.0353805],[119.7824028,32.0355791],[119.7805009,32.0313227],[119.7790291,32.031537],[119.7790486,32.0297349],[119.7783648,32.0297194],[119.7783938,32.0286723],[119.7767115,32.0285758],[119.7765157,32.0258945],[119.7776496,32.0257068],[119.7750033,32.0195102],[119.7727642,32.0196899],[119.7726827,32.0185551],[119.7716229,32.0186611],[119.7712365,32.0171008],[119.7736734,32.0163405],[119.7735044,32.0151762],[119.7758936,32.0148751],[119.7760207,32.0157301],[119.7774332,32.0153494],[119.7775495,32.0159659],[119.7801172,32.0154724],[119.7799142,32.0136033],[119.778718,32.0134773],[119.7785882,32.0127245],[119.7774514,32.012695],[119.7773718,32.0110854],[119.776985,32.0111204],[119.7768782,32.0105835],[119.7754611,32.0106958],[119.7753914,32.0100516],[119.7746057,32.0102531],[119.7745123,32.0092957],[119.7735802,32.0093035],[119.7734818,32.0070429],[119.7730405,32.0071223],[119.7729581,32.0059484],[119.7733361,32.0059361],[119.7732912,32.0054274],[119.7740796,32.0053477],[119.7740628,32.0051193],[119.7755541,32.0049199],[119.7755549,32.0043589],[119.7751492,32.0043633],[119.7747376,32.0013625],[119.7736935,32.0014063],[119.773624,31.9999059],[119.7743017,31.9999457],[119.7742431,31.9991884],[119.7745414,31.9991481],[119.7745279,31.9975765],[119.7747421,31.9975357],[119.7745136,31.99673],[119.7747315,31.9967481],[119.7746824,31.9956895],[119.7749605,31.9956536],[119.7747262,31.9932802],[119.7729247,31.9932353],[119.773002,31.9925295],[119.7726599,31.9927482],[119.7722118,31.9922283],[119.7717148,31.9900493],[119.7719364,31.9898627],[119.7715639,31.9895844],[119.7710013,31.9870423],[119.7742401,31.9865388],[119.7744055,31.9842972],[119.7730517,31.9843888],[119.7722634,31.9818638],[119.7701296,31.980889],[119.7701072,31.9790879],[119.7690914,31.9792253],[119.7687502,31.9774863],[119.7683569,31.9775324],[119.768207,31.9763464],[119.7686634,31.9762714],[119.7685742,31.9756179],[119.7681879,31.9756663],[119.7681315,31.9741131],[119.7693059,31.9738458],[119.7691748,31.9732479],[119.7697049,31.973121],[119.7682714,31.9680341],[119.7671799,31.968152],[119.7663156,31.9654622],[119.7657156,31.9656307],[119.7654735,31.9649682],[119.7672318,31.9645482],[119.7662065,31.9608301],[119.7647266,31.9609358],[119.7645004,31.9596073],[119.7635987,31.9596675],[119.7631638,31.956682],[119.7650282,31.956529],[119.7640994,31.953146],[119.7661383,31.9528409],[119.7660982,31.9524733],[119.7666415,31.9523551],[119.7665719,31.9504987],[119.7660347,31.9500278],[119.7657379,31.9491876],[119.7673185,31.9481587],[119.7674896,31.9484636],[119.7688451,31.9481804],[119.769075,31.9486502],[119.7703792,31.9483719],[119.7702247,31.9496509],[119.7709379,31.949698],[119.7710375,31.9488964],[119.7722048,31.9490252],[119.7725191,31.9468718],[119.7719679,31.9453768],[119.772668,31.9452179],[119.7717761,31.9430466],[119.7724973,31.9428546],[119.7714373,31.940571],[119.7743451,31.9391886],[119.7739705,31.9383383],[119.7750729,31.9379792],[119.7754473,31.9388036],[119.7772161,31.9382565],[119.777404,31.9387447],[119.7777378,31.9386658],[119.7777177,31.9381057],[119.7782543,31.9379149],[119.7780979,31.9373219],[119.779378,31.9366922],[119.7789226,31.9351891],[119.7795653,31.9350084],[119.7793878,31.9343939],[119.7802208,31.932984],[119.7797735,31.9323112],[119.7805762,31.9323141],[119.7804648,31.9317107],[119.7833607,31.9310169],[119.7833206,31.9317097],[119.7843217,31.9312732],[119.7864608,31.9310465],[119.7871137,31.9284963],[119.786764,31.9274039],[119.7845317,31.9272001],[119.783576,31.9250972],[119.7800362,31.9260958],[119.7793144,31.9251753],[119.7794861,31.9249701],[119.7787825,31.9250374],[119.7782736,31.9237446],[119.7778916,31.9239044],[119.7770202,31.9228585],[119.7781951,31.9216676],[119.7777187,31.9215679],[119.7774965,31.9210585],[119.778019,31.9158023],[119.778763,31.913234],[119.7776843,31.9133664],[119.7774431,31.9122515],[119.776466,31.9122679],[119.7762772,31.9108791],[119.7767175,31.910853],[119.7767902,31.9087052],[119.7779142,31.9084347],[119.7783372,31.9049865],[119.7781187,31.9044736],[119.776882,31.9044504],[119.7766919,31.9037338],[119.7723749,31.9037516],[119.7716372,31.9030449],[119.7708383,31.9036068],[119.7704428,31.9028419],[119.7695442,31.903702],[119.7676055,31.9037061],[119.767601,31.9022209],[119.7666098,31.9022199],[119.7665893,31.9017868],[119.7660865,31.9019492],[119.7648618,31.9014511],[119.7653515,31.8995035],[119.7650726,31.8991273],[119.7639714,31.8991102],[119.7640535,31.8979938],[119.763551,31.8976573],[119.7632803,31.897873],[119.762704,31.8973683],[119.7631818,31.8970123],[119.7619936,31.8969129],[119.76059,31.896121],[119.7625451,31.8948502],[119.7606379,31.8943516],[119.760358,31.8940198],[119.7597171,31.894214],[119.7601244,31.8931559],[119.7598735,31.8932839],[119.7593346,31.8926455],[119.7583051,31.8933367],[119.756403,31.8913259],[119.7560889,31.8915122],[119.7545097,31.8890754],[119.7495053,31.8918482],[119.7484468,31.8889839],[119.7484601,31.8863754],[119.7485714,31.8856808],[119.7491975,31.8853353],[119.7494241,31.8843124],[119.751404,31.8834816],[119.7531779,31.8817324],[119.7535231,31.8809423],[119.7531526,31.8806542],[119.7542255,31.8796704],[119.7546216,31.8786323],[119.7549954,31.8788044],[119.7556996,31.8777996],[119.7559328,31.8779046],[119.7563743,31.8764288],[119.7571384,31.8769935],[119.7598237,31.8757867],[119.7594129,31.8742152],[119.7605597,31.8740885],[119.7604671,31.8726941],[119.761276,31.8726955],[119.7615811,31.8720461],[119.760568,31.8702341],[119.7604282,31.8687022],[119.7599978,31.8689014],[119.7599021,31.8684489],[119.760913,31.8677651],[119.7603103,31.8655948],[119.761014,31.8656518],[119.7611641,31.8653314],[119.7603601,31.8640557],[119.7589841,31.863755],[119.7591858,31.8632472],[119.7587819,31.8624182],[119.7578431,31.8621028],[119.759415,31.8601403],[119.7623345,31.8553394],[119.7634876,31.8554795],[119.7639563,31.8560357],[119.7644425,31.8557732],[119.7630053,31.8542173],[119.7655067,31.8499493],[119.7664968,31.8508891],[119.7694725,31.8516194],[119.7712505,31.850932],[119.7712904,31.8514568],[119.7717682,31.8512322],[119.771596,31.8507831],[119.7732013,31.850532],[119.773408,31.8510582],[119.7739663,31.8509702],[119.774101,31.8515154],[119.774344,31.8515013],[119.7743726,31.8522369],[119.7737209,31.852536],[119.7754108,31.8525503],[119.7756689,31.8531073],[119.7748237,31.8533734],[119.7764017,31.8541066],[119.777206,31.8550737],[119.7776049,31.8547312],[119.7784663,31.8549374],[119.7789239,31.8544631],[119.7796019,31.8558675],[119.7805175,31.8551027],[119.7807016,31.8552869],[119.7810889,31.8550357],[119.7814868,31.8556711],[119.7819376,31.8552064],[119.7826005,31.8554265],[119.7837545,31.8550236],[119.7850015,31.8557018],[119.7853902,31.855171],[119.7849981,31.8545508],[119.7836389,31.8543536],[119.7836965,31.8535459],[119.7832439,31.8534104],[119.783109,31.8526057],[119.7842617,31.8523886],[119.7844191,31.8532814],[119.7886274,31.8550227],[119.7888462,31.8553871],[119.7892585,31.8549624],[119.7899997,31.8549924],[119.7927368,31.8562225],[119.7944599,31.8542841],[119.7948311,31.8548623],[119.7966211,31.855235],[119.796973,31.8547724],[119.7966277,31.8545513],[119.7968625,31.854068],[119.797093,31.8544433],[119.7979248,31.8541202],[119.7978537,31.8549243],[119.7996576,31.8545674],[119.7998405,31.8551265],[119.8007083,31.8549406],[119.8007013,31.8542413],[119.8011789,31.854171],[119.8023145,31.8545957],[119.8027921,31.8542181],[119.8034432,31.854524],[119.8059913,31.8542146],[119.8057943,31.8545073],[119.8061795,31.8547355],[119.8066871,31.8543309],[119.7988407,31.8405403],[119.7980086,31.8408506],[119.7982874,31.8414223],[119.7976944,31.8416217],[119.7974682,31.8410253],[119.7970552,31.8412223],[119.7966034,31.8404144],[119.7957066,31.8407556],[119.7952581,31.8399146],[119.7978504,31.8387447],[119.7970335,31.8372975],[119.7960291,31.8376724],[119.7953064,31.836455],[119.7944435,31.836452],[119.7946581,31.8354788],[119.7957945,31.8350502],[119.7952004,31.834149],[119.7945462,31.8344436],[119.7943557,31.8340866],[119.7939962,31.8341757],[119.7932583,31.8328839],[119.7908653,31.8325364],[119.789698,31.8320903],[119.7897197,31.8311624],[119.7883828,31.8312906],[119.7873138,31.8306397],[119.7874475,31.8277655],[119.7865239,31.8279189],[119.7865787,31.8271271],[119.7886372,31.8250465],[119.7885191,31.824374],[119.7890992,31.8233287],[119.7873374,31.8224543],[119.7866804,31.8209668],[119.7860324,31.8205904],[119.7843897,31.8221101],[119.7836682,31.8217893],[119.7830631,31.8208799],[119.7826167,31.8210219],[119.781991,31.8207283],[119.7818484,31.8202882],[119.7809983,31.8204886],[119.780892,31.8197938],[119.7815343,31.8195936],[119.7813205,31.8192791],[119.7819758,31.8188277],[119.7835907,31.8139131],[119.7851276,31.8140617],[119.7855226,31.8137597],[119.7863765,31.8113413],[119.7846595,31.8111316],[119.7845626,31.8098298],[119.7833609,31.8103085],[119.7826266,31.8116829],[119.782164,31.811805],[119.7809463,31.8111535],[119.7805316,31.8114676],[119.7795305,31.8112619],[119.7801882,31.8095511],[119.7797641,31.8093174],[119.7773946,31.8092246],[119.778497,31.8097238],[119.7779448,31.8107136],[119.7781142,31.81012],[119.7775566,31.8098635],[119.7766463,31.8101241],[119.7759545,31.8098388],[119.7766461,31.8091706],[119.7760272,31.8092767],[119.7758932,31.8095908],[119.7722197,31.809436],[119.7710665,31.8099583],[119.7704165,31.8097758],[119.769211,31.8107163],[119.7645088,31.8105119],[119.7621147,31.8098878],[119.7609467,31.8106244],[119.7593918,31.8100411],[119.7593017,31.8090477],[119.7600512,31.8086119],[119.7597251,31.8071386],[119.7605032,31.8072206],[119.7605295,31.8069884],[119.7598673,31.806943],[119.7588336,31.8046827],[119.7592377,31.8042785],[119.7595219,31.8031399],[119.7598307,31.8031431],[119.7599926,31.8023654],[119.7589248,31.8021184],[119.7589766,31.8016855],[119.7585417,31.8016191],[119.7585222,31.8013188],[119.7594188,31.8016523],[119.759887,31.8014907],[119.7598528,31.8009266],[119.7589367,31.8006599],[119.7592086,31.8003364],[119.7574671,31.7994143],[119.7570422,31.7998249],[119.7567775,31.7996332],[119.7572039,31.7992382],[119.7556738,31.7973569],[119.7553659,31.7975793],[119.7549317,31.797197],[119.7548202,31.7959979],[119.7538373,31.7957456],[119.7541013,31.7951988],[119.753632,31.7940019],[119.7554165,31.7935012],[119.7539085,31.7879293],[119.7518799,31.7877377],[119.7514165,31.7874346],[119.7503489,31.7875231],[119.7503196,31.7878802],[119.7498726,31.7879003],[119.7497997,31.7874231],[119.7486327,31.7876427],[119.7477398,31.787401],[119.7478949,31.787033],[119.7475378,31.7869414],[119.7471003,31.7872242],[119.7470561,31.786801],[119.7477474,31.7858064],[119.7475054,31.7853646],[119.7470195,31.78569],[119.7472836,31.7859399],[119.7470331,31.7862405],[119.7464969,31.786412],[119.7464562,31.785621],[119.7460975,31.7855637],[119.7466245,31.7847381],[119.7469092,31.7847387],[119.7466639,31.7856088],[119.7469125,31.7856522],[119.7473679,31.7833338],[119.7481449,31.7833508],[119.747774,31.7813424],[119.7464695,31.7811528],[119.7464633,31.7807381],[119.7430049,31.7805394],[119.7429994,31.780117],[119.7437961,31.7799765],[119.7433372,31.779991],[119.7431659,31.7793164],[119.7426732,31.7793213],[119.7426594,31.7787894],[119.7422892,31.7789587],[119.7412062,31.7786609],[119.7408662,31.7782379],[119.7412801,31.7780455],[119.7416388,31.7782977],[119.7418627,31.7779707],[119.7414397,31.7768148],[119.7408673,31.7769032],[119.7402014,31.7764408],[119.7393136,31.7763491],[119.7388255,31.7752215],[119.7352151,31.773436],[119.7336052,31.770047],[119.7322291,31.7680315],[119.7337116,31.7641244],[119.732835,31.7639859],[119.7332115,31.7635387],[119.7327935,31.7635772],[119.7325207,31.7631331],[119.7328294,31.7628241],[119.7335717,31.7628274],[119.7336773,31.7600195],[119.7323675,31.7594003],[119.7315117,31.7583918],[119.7313554,31.7575682],[119.7330676,31.7570716],[119.7329139,31.7553819],[119.7320061,31.7555997],[119.7322248,31.7541952],[119.7316637,31.7541219],[119.7308647,31.7533344],[119.7306362,31.7524942],[119.7302159,31.7523298],[119.7299542,31.7516593],[119.7302737,31.751638],[119.7302871,31.7500316],[119.7297588,31.7500108],[119.7296384,31.7484013],[119.7292958,31.7478525],[119.7296628,31.7478255],[119.7294009,31.7475142],[119.7297178,31.7474107],[119.7303517,31.7479572],[119.7307297,31.7475142],[119.7301955,31.7469942],[119.7307976,31.746511],[119.7295602,31.7456242],[119.729299,31.7429997],[119.72995,31.74209],[119.7327605,31.7407165],[119.7345538,31.7377938],[119.7343918,31.7361919],[119.7345954,31.7361031],[119.7347785,31.7373519],[119.7352055,31.7376351],[119.739088,31.7327326],[119.7388059,31.7323932],[119.7295399,31.7324004],[119.7294783,31.7335996],[119.728534,31.7340385],[119.7281815,31.735464],[119.7268934,31.7349766],[119.7259922,31.7350122],[119.719721,31.7368458],[119.7194592,31.7374445],[119.7155388,31.7386249],[119.7140793,31.7364815],[119.7132432,31.7369818],[119.7141639,31.7388372],[119.7133912,31.7382075],[119.7129865,31.738602],[119.712097,31.7386379],[119.7121634,31.7392759],[119.711158,31.7400243],[119.7090485,31.7403351],[119.7090255,31.7398909],[119.7078998,31.7405583],[119.7055786,31.7396827],[119.7050769,31.7392198],[119.7050015,31.7404694],[119.7045097,31.7407187],[119.7034824,31.7404235],[119.7034059,31.7409139],[119.7045821,31.741117],[119.7043819,31.7416171],[119.7030131,31.741471],[119.703121,31.7410515],[119.7017602,31.740945],[119.7031165,31.7420336],[119.7034033,31.7435664],[119.7022269,31.7435642],[119.7022256,31.7441847],[119.7029692,31.7443678],[119.7029156,31.7463957],[119.7025021,31.7466088],[119.7021774,31.7473772],[119.7021028,31.7521367],[119.6978194,31.7532777],[119.6959869,31.7529386],[119.6951416,31.7545827],[119.6934637,31.7545258],[119.6933927,31.7556314],[119.6918549,31.756467],[119.6927905,31.7573333],[119.6924491,31.757737],[119.6903828,31.7566458],[119.6892433,31.7590538],[119.6898004,31.759335],[119.6895062,31.7596316],[119.6890936,31.7594889],[119.6890307,31.7600147],[119.6881624,31.7611038],[119.6865984,31.7612714],[119.6874151,31.7616615],[119.6867764,31.7619137],[119.6878336,31.7622144],[119.6878733,31.7631046],[119.6887502,31.763182],[119.6891559,31.7640434],[119.6883355,31.7642267],[119.6888945,31.7652579],[119.6885662,31.7656964],[119.6887758,31.7658704],[119.6882702,31.7662328],[119.6886197,31.7666556],[119.6879488,31.7669589],[119.6879433,31.7672347],[119.6884181,31.7672636],[119.6885009,31.7677953],[119.6878024,31.7682524],[119.6881017,31.7691336],[119.686945,31.7695316],[119.686488,31.7688517],[119.6854949,31.7695994],[119.6854456,31.7702045],[119.684132,31.7705652],[119.6842238,31.7707916],[119.6834722,31.7715188],[119.6828331,31.7716478],[119.6833922,31.7711196],[119.6831982,31.7709775],[119.6820879,31.771656],[119.6818694,31.7723897],[119.6802493,31.7712064],[119.6775735,31.7713896],[119.676089,31.7718111],[119.6741751,31.7717732],[119.674036,31.7711975],[119.6737857,31.7711881],[119.6740856,31.7733181],[119.6733064,31.7731544],[119.6732714,31.7735035],[119.6718358,31.7732411],[119.6721246,31.7744901],[119.6728273,31.7744601],[119.672661,31.7748716],[119.6721122,31.7750347],[119.6707437,31.7745926],[119.6703587,31.774904],[119.6703392,31.775508],[119.6699986,31.7754966],[119.6700312,31.7748915],[119.6694316,31.7749351],[119.669187,31.7754398],[119.6690383,31.7749376],[119.6687406,31.774919],[119.6686942,31.7754673],[119.6681064,31.7754543],[119.6676515,31.7751967],[119.6672565,31.7738757],[119.6669178,31.7741093],[119.6662623,31.7738714],[119.6661639,31.774516],[119.6647207,31.7739458],[119.6647062,31.7743411],[119.6669019,31.7749068],[119.6668711,31.7751795],[119.6645763,31.7747728],[119.6643797,31.7744538],[119.664648,31.7737393],[119.6643817,31.7736083],[119.6646932,31.7733074],[119.6643139,31.7730911],[119.6629721,31.7738341],[119.6625385,31.7733895],[119.6621944,31.7737913],[119.6620315,31.7735965],[119.661659,31.7742627],[119.6610256,31.773492],[119.6606612,31.773791],[119.6613231,31.774813],[119.6609113,31.7752403],[119.6613878,31.7756261],[119.6595509,31.7760959],[119.659266,31.7764498],[119.6593751,31.7768899],[119.6588668,31.7768031],[119.6592651,31.7759985],[119.6585435,31.7756942],[119.6580873,31.7759717],[119.6583115,31.7755646],[119.6574757,31.7748114],[119.6570398,31.7747898],[119.656809,31.7752386],[119.6560708,31.7749452],[119.656203,31.7746548],[119.6558619,31.7746223],[119.655968,31.7748943],[119.6553043,31.77458],[119.655023,31.774966],[119.6542931,31.7751086],[119.6539534,31.7744616],[119.652882,31.7748083],[119.652759,31.7756074],[119.6519782,31.7762242],[119.6503163,31.775583],[119.6503434,31.7763134],[119.6498558,31.7772101],[119.6478042,31.778431],[119.6476859,31.778928],[119.6467237,31.7796496],[119.6473688,31.7798984],[119.6469159,31.781059],[119.6465706,31.78102],[119.6467763,31.7818775],[119.6459218,31.7824579],[119.6456871,31.7823233],[119.6453859,31.7828106],[119.6459719,31.7837145],[119.6456549,31.7838647],[119.6451679,31.7835145],[119.6437344,31.7842045],[119.6439876,31.7845598],[119.6429584,31.7848152],[119.6420754,31.7871236],[119.6420775,31.7880984],[119.6413846,31.7882449],[119.6413428,31.7884935],[119.6417616,31.7884747],[119.6420122,31.7894686],[119.6414864,31.790024],[119.6412225,31.7897689],[119.6410964,31.7899546],[119.64131,31.7901689],[119.6411469,31.7908164],[119.6415924,31.7911783],[119.6406419,31.7919338],[119.6402842,31.791854],[119.6389908,31.793339],[119.6384527,31.7927885],[119.6377746,31.7933331],[119.6387577,31.7944517],[119.6397432,31.7943812],[119.6431016,31.795592],[119.6437086,31.796096],[119.6391517,31.8002374],[119.6377957,31.7987375],[119.6373223,31.7993827],[119.6364084,31.7998062],[119.6371323,31.7991486],[119.6370213,31.7988322],[119.6364644,31.7990472],[119.6363323,31.7987533],[119.634168,31.7985203],[119.6339185,31.7983881],[119.6343025,31.798057],[119.633855,31.7973691],[119.6335443,31.7975923],[119.6330266,31.7972407],[119.6326909,31.7974774],[119.6329835,31.7979495],[119.6325218,31.7982121],[119.6321426,31.7977879],[119.6319313,31.7979245],[119.6321311,31.7985259],[119.6318333,31.7987133],[119.6325728,31.7990059],[119.6322104,31.7992253],[119.6324354,31.7995097],[119.6322481,31.7998707],[119.631706,31.7997648],[119.6320411,31.8002745],[119.6309044,31.7997111],[119.6303392,31.8007725],[119.6297997,31.8009925],[119.6295826,31.8020842],[119.6287696,31.8020771],[119.6284483,31.8024379],[119.6291155,31.8028372],[119.6289458,31.803251],[119.6298362,31.8037072],[119.6297746,31.8039808],[119.6296003,31.8036972],[119.628927,31.8044243],[119.6240839,31.8053367],[119.6232166,31.8053443],[119.6232406,31.8011794],[119.6222867,31.8010994],[119.6215453,31.7999206],[119.6212335,31.7999824],[119.6203783,31.7991651],[119.6197385,31.7997115],[119.618597,31.799148],[119.6140955,31.8000337],[119.6091353,31.800143],[119.6083228,31.7997148],[119.6073756,31.8005961],[119.6064,31.8008608],[119.6045926,31.8006307],[119.6055292,31.8031555],[119.6043871,31.8049894],[119.6038046,31.8053822],[119.6040577,31.8075399],[119.6008869,31.807325],[119.6003888,31.8089733],[119.5991269,31.8097777],[119.6015165,31.8134403],[119.6001683,31.8138272],[119.6001831,31.8144459],[119.5996948,31.814663],[119.5989982,31.8141882],[119.5986809,31.8144409],[119.5986553,31.8140335],[119.5974232,31.8149874],[119.5982814,31.8164042],[119.5990923,31.8162976],[119.5993932,31.8171892],[119.5990115,31.8171735],[119.5987771,31.8166839],[119.5985155,31.8167443],[119.5986937,31.817161],[119.5974985,31.8169972],[119.598247,31.8184154],[119.5984189,31.8198216],[119.5998653,31.8195328],[119.6005756,31.8213895],[119.6016793,31.8216213],[119.6024583,31.8237902],[119.6011071,31.8234695],[119.60001,31.8236073],[119.5998876,31.8245029],[119.6009783,31.8245104],[119.6011039,31.8248332],[119.5997374,31.825305],[119.5997599,31.8259833],[119.5948545,31.8260154],[119.5945748,31.827163],[119.5938525,31.8270854],[119.5936427,31.8291864],[119.5943814,31.8292479],[119.5943768,31.8299969],[119.5949764,31.8300818],[119.5946313,31.8319635],[119.5948973,31.8321838],[119.5937671,31.8331249],[119.5933057,31.8327369],[119.5929572,31.8329447],[119.5930491,31.833551],[119.5913053,31.833575],[119.5889766,31.8342938],[119.5881711,31.8341098],[119.5880209,31.8344818],[119.5874489,31.8346208],[119.5868832,31.8340982],[119.5850529,31.8345636],[119.5857017,31.8351101],[119.586894,31.8347868],[119.5872946,31.8362477],[119.5861967,31.8368128],[119.5867674,31.8373146],[119.5861467,31.837733],[119.5865161,31.8380064],[119.5855937,31.8387562],[119.5864189,31.8394814],[119.5866896,31.8392208],[119.5869336,31.839636],[119.5861406,31.8398064],[119.5861809,31.8403411],[119.5858663,31.8404808],[119.5874995,31.8408418],[119.5873806,31.8415223],[119.5883295,31.8423482],[119.5883036,31.8428223],[119.5864732,31.843335],[119.5865626,31.8439686],[119.5853228,31.844052],[119.5853501,31.8452676],[119.5844965,31.845454],[119.5847027,31.846749],[119.5843801,31.8467417],[119.5843423,31.8477865],[119.5849361,31.8478217],[119.5850159,31.8485628],[119.5845101,31.8486627],[119.5842466,31.850105],[119.5835662,31.8500122],[119.5842098,31.8507705],[119.5808031,31.8507887],[119.5807254,31.8492186],[119.5789572,31.8489816],[119.5804491,31.8486494],[119.5805246,31.8483072],[119.5798278,31.8481241],[119.5787334,31.8488108],[119.5774158,31.8480371],[119.5766223,31.8482903],[119.5760549,31.8475908],[119.575141,31.8481087],[119.5752438,31.84767],[119.5742254,31.8477085],[119.5742133,31.8482509],[119.5729939,31.8483876],[119.5722615,31.8489225],[119.5717053,31.8487569],[119.5719083,31.8484826],[119.5716707,31.8482886],[119.5712864,31.8482867],[119.5707963,31.8488601],[119.5707819,31.8503668],[119.5713121,31.8503747],[119.5713071,31.8508332],[119.5710223,31.8507691],[119.5708138,31.8518821],[119.5701604,31.8522282],[119.570732,31.8526196],[119.568153,31.8537302],[119.5691463,31.8542842],[119.5686634,31.8543991],[119.5679631,31.8565476],[119.5674432,31.85662],[119.5672722,31.8574247],[119.566985,31.8564328],[119.566147,31.8562941],[119.5661961,31.8559617],[119.5653042,31.8560109],[119.5652173,31.8564912],[119.564626,31.8564162],[119.5647511,31.8558933],[119.5643187,31.8556429],[119.564372,31.8552021],[119.5631135,31.8551533],[119.5631028,31.8555101],[119.5639806,31.8559045],[119.5639188,31.8561882],[119.562957,31.8561265],[119.562825,31.8568689],[119.5614144,31.8574786],[119.5606423,31.8569609],[119.5601289,31.8574413],[119.5589171,31.8573533],[119.5587134,31.858116],[119.5549628,31.8571668],[119.554823,31.8573691],[119.5555984,31.8575473],[119.5552319,31.8590787],[119.5540742,31.8584267],[119.5524357,31.861382],[119.5527602,31.8615709],[119.5523293,31.8615863],[119.5521816,31.8620572],[119.5533716,31.8622281],[119.5533732,31.8624376],[119.5523921,31.8624564],[119.5535347,31.8627759],[119.5534164,31.8635452],[119.5536791,31.8633096],[119.554427,31.8634343],[119.5544507,31.8638521],[119.5540026,31.8637618],[119.5540732,31.8666104],[119.5513661,31.8643328],[119.5512694,31.8654534],[119.549408,31.865516],[119.5492512,31.8646423],[119.5481902,31.8644549],[119.5484033,31.863486],[119.5493391,31.8638206],[119.5495506,31.8626494],[119.5473371,31.8605663],[119.5478729,31.8583963],[119.5453835,31.8579735],[119.5458536,31.8558785],[119.5434775,31.8554847],[119.5433665,31.8563929],[119.5425643,31.85708],[119.530576,31.8562864],[119.5280257,31.8556369],[119.5245131,31.8567492],[119.5215057,31.8569769],[119.5182343,31.856011],[119.5148102,31.8560913],[119.5120365,31.8553717],[119.5089337,31.8550949],[119.5054974,31.8538336],[119.5043164,31.8536861],[119.5025335,31.8540401],[119.4999996,31.8570965],[119.4962544,31.8583156],[119.4963161,31.8597274],[119.4949023,31.859971],[119.4950537,31.8604135],[119.4947017,31.860553],[119.4943166,31.8596809],[119.4930381,31.8599537],[119.4927531,31.8594078],[119.4922339,31.859537],[119.4922248,31.859904],[119.4917566,31.8592314],[119.4880166,31.8611698],[119.4860766,31.8637506],[119.4851314,31.86452],[119.4781611,31.8686476],[119.4784977,31.8694989],[119.4789944,31.8693559],[119.4794045,31.8697044],[119.4782049,31.8701325],[119.4783537,31.8709732],[119.4775605,31.8711143],[119.4772557,31.8707866],[119.4767951,31.8709843],[119.4769267,31.8711928],[119.4759338,31.8713527],[119.4757204,31.8697917],[119.4747539,31.8697244],[119.4746624,31.8694686],[119.47377,31.8696328],[119.4704945,31.8738502],[119.4632978,31.8735186],[119.4631117,31.8746296],[119.4624697,31.8750657],[119.4615888,31.8772802],[119.4609821,31.8779561],[119.4605921,31.87953],[119.4591089,31.8795422],[119.45802,31.8805329],[119.4569255,31.8806463],[119.4576858,31.8816334],[119.4575916,31.8820383],[119.457073,31.882087],[119.4571895,31.883212],[119.4562808,31.8842549],[119.4565841,31.8848611],[119.4557382,31.8851577],[119.4560156,31.8858073],[119.4509583,31.8877941],[119.4476526,31.8886917],[119.4479985,31.8892536],[119.4475173,31.8895393],[119.4469103,31.8886577],[119.4451255,31.8872647],[119.4449378,31.8867454],[119.4435058,31.8859765],[119.441994,31.8856739],[119.4401938,31.8843068],[119.4389556,31.884973],[119.4371803,31.8832447],[119.4375241,31.8825616],[119.4357002,31.8812994],[119.4360104,31.8806651],[119.43582,31.8798499],[119.4347809,31.8798722],[119.4344311,31.8786473],[119.429661,31.8793687],[119.4289727,31.8781824],[119.4274118,31.8770748],[119.417661,31.8736277],[119.4187488,31.8716437],[119.4206279,31.8713158],[119.4212426,31.8708294],[119.4214133,31.8701582],[119.4207931,31.8685472],[119.4169695,31.8643362],[119.41344,31.8630187],[119.4132391,31.8614838],[119.4126377,31.8615944],[119.4123871,31.8622385],[119.4125367,31.8632689],[119.4123004,31.863316],[119.411627,31.8618604],[119.4124954,31.8613063],[119.4112798,31.8612088],[119.411348,31.8591995],[119.4108634,31.8593295],[119.4106446,31.8586215],[119.4109121,31.8562782],[119.4126365,31.8565452],[119.4136395,31.8542818],[119.4143399,31.8538366],[119.4174389,31.8539362],[119.4205101,31.854546],[119.4249544,31.8530336],[119.428832,31.8528072],[119.4285409,31.8520365],[119.4290019,31.8519978],[119.42855,31.8517361],[119.428676,31.8510755],[119.4273444,31.8504545],[119.4265706,31.8510129],[119.4263002,31.8498912],[119.4254387,31.8494425],[119.4259776,31.8493498],[119.4269412,31.8467018],[119.4275531,31.8466733],[119.426888,31.8460207],[119.426798,31.8450728],[119.4279922,31.8450314],[119.4280172,31.8455687],[119.4285204,31.8455027],[119.4282251,31.8438419],[119.4287436,31.8434263],[119.4288913,31.8436954],[119.42946,31.843445],[119.4293099,31.8431193],[119.4295835,31.842961],[119.4298143,31.8432858],[119.4305937,31.8430468],[119.4314278,31.8435841],[119.4322356,31.8423578],[119.4307261,31.8419154],[119.4307536,31.8411161],[119.4282564,31.8416317],[119.4281499,31.8406855],[119.4294756,31.8404684],[119.429852,31.8368881],[119.4327391,31.8362708],[119.4329769,31.8355386],[119.4343222,31.8359107],[119.4343408,31.8353931],[119.4364317,31.8330118],[119.4358024,31.8324692],[119.4362155,31.8319485],[119.4368816,31.8325355],[119.4375444,31.8315568],[119.4367428,31.8309018],[119.4380537,31.8296124],[119.4351979,31.8281345],[119.4302633,31.8276427],[119.4299807,31.8286491],[119.4277606,31.8287092],[119.4276855,31.8293064],[119.4294142,31.8294343],[119.4290889,31.8309077],[119.427751,31.8309771],[119.4277372,31.8321577],[119.4265943,31.8324003],[119.4267894,31.8334954],[119.4248097,31.8336934],[119.4248104,31.8342065],[119.4244011,31.8343538],[119.4245674,31.8349434],[119.4233601,31.8351057],[119.4225609,31.8337754],[119.4217009,31.8339131],[119.4217027,31.834182],[119.4204562,31.8342558],[119.4203704,31.8322583],[119.4199672,31.8322719],[119.4193335,31.8310758],[119.4186552,31.8311742],[119.4184053,31.8308296],[119.4170907,31.8310485],[119.417015,31.8301143],[119.4167017,31.83013],[119.4166761,31.8298284],[119.4158729,31.8299352],[119.4154002,31.8295407],[119.4145765,31.8300042],[119.4145596,31.8319582],[119.4140264,31.8318467],[119.4137275,31.8310586],[119.4124783,31.8310948],[119.4133181,31.8315154],[119.4134165,31.8321599],[119.4128839,31.8321044],[119.4127487,31.8326253],[119.4115811,31.8328207],[119.4109018,31.8342745],[119.4103787,31.8340462],[119.4093626,31.8342918],[119.4100575,31.8346573],[119.4100358,31.8351335],[119.4091026,31.8349116],[119.4082723,31.8352787],[119.4021914,31.8344885],[119.3979554,31.8356082],[119.3974238,31.8348023],[119.3963544,31.8353385],[119.3941933,31.8354083],[119.3925444,31.8370052],[119.3914871,31.8369269],[119.3892246,31.8374299],[119.3902792,31.8393351],[119.3910995,31.8389555],[119.390502,31.8395133],[119.3904901,31.8402313],[119.3908514,31.8402527],[119.3910703,31.8410277],[119.3909151,31.8418735],[119.389136,31.8436517],[119.3891854,31.8440173],[119.3897038,31.8442237],[119.3896069,31.8448408],[119.3887588,31.8448142],[119.3888215,31.8453662],[119.3870665,31.8456408],[119.3869712,31.8451154],[119.3863926,31.8447244],[119.3859844,31.8450446],[119.3860913,31.8459366],[119.385512,31.8462121],[119.3855483,31.8466629],[119.3850602,31.8467184],[119.3846522,31.8461179],[119.3847555,31.8455226],[119.3833318,31.8461889],[119.3834449,31.8467999],[119.3826042,31.8470998],[119.3826383,31.8474695],[119.3821091,31.8475312],[119.3821067,31.8484217],[119.3813615,31.8484883],[119.381351,31.8491516],[119.3807781,31.8491332],[119.3805306,31.8485375],[119.377231,31.8487779],[119.3761918,31.8485073],[119.3755649,31.8489794],[119.374595,31.8483208],[119.3738242,31.8482353],[119.3736232,31.8486164],[119.3718336,31.8481678],[119.371362,31.848989],[119.3710616,31.8489889],[119.3689821,31.8478113],[119.3665881,31.847616],[119.3660607,31.84851],[119.364849,31.8489459],[119.3654436,31.8481814],[119.3656226,31.8472345],[119.3648166,31.847242],[119.3647314,31.8483213],[119.3636568,31.8489115],[119.3641313,31.849763],[119.3650425,31.849769],[119.3668173,31.8506079],[119.3682134,31.8498662],[119.3685401,31.8505173],[119.3670129,31.8511891],[119.3657962,31.853099],[119.3649401,31.8526921],[119.3630053,31.8545977],[119.3628193,31.8556193],[119.3642925,31.855765],[119.3643673,31.856256],[119.364842,31.8562988],[119.3648645,31.8565502],[119.3633472,31.8567254],[119.3623027,31.8563767],[119.3612311,31.8570615],[119.3615167,31.8573458],[119.360887,31.8577849],[119.3608916,31.8591495],[119.3602551,31.8591379],[119.3601601,31.8601178],[119.3580667,31.8601046],[119.3579552,31.8612578],[119.3568829,31.8612915],[119.3569184,31.8602288],[119.3551207,31.8599069],[119.3529693,31.8602251],[119.3498433,31.8591523],[119.349323,31.8606157],[119.3466602,31.8591616],[119.3446655,31.8585844],[119.3440696,31.8591462],[119.3447761,31.8609345],[119.3436127,31.8626594],[119.3429965,31.8620754],[119.3417736,31.8594345],[119.3396513,31.8565944],[119.3380884,31.8572506],[119.3378055,31.8588701],[119.3354077,31.8588997],[119.3351972,31.8600897],[119.334198,31.8590136],[119.3329865,31.8585867],[119.3319508,31.8590557],[119.3308667,31.8565367],[119.3297472,31.8553103],[119.3300024,31.8546017],[119.3283446,31.8539734],[119.3291026,31.8518069],[119.3270699,31.8519343],[119.326545,31.8510996],[119.3253815,31.8510383],[119.3252037,31.8518404],[119.323688,31.8492983],[119.323394,31.849269],[119.3233708,31.8488511],[119.3237448,31.8488402],[119.3237777,31.8472168],[119.3253965,31.8437631],[119.3234798,31.8408903],[119.3256698,31.838337],[119.3232056,31.8357713],[119.3230298,31.8351244],[119.3194831,31.8326571],[119.317757,31.8303529],[119.3165866,31.8296131],[119.3162542,31.8290199],[119.3165262,31.826975],[119.3148878,31.8249786],[119.3151581,31.82286],[119.3144819,31.8225766],[119.3121369,31.8198769],[119.3120365,31.8191375],[119.3096526,31.8151816],[119.3113351,31.8141097],[119.3120647,31.8120974],[119.3111032,31.8108637],[119.3104897,31.8085203],[119.3087431,31.8077265],[119.3092337,31.8062524],[119.3078426,31.8012985],[119.3087615,31.7985975],[119.311339,31.7984958],[119.3150093,31.7993388],[119.3144482,31.7979925],[119.3137332,31.7939809],[119.3137381,31.791427],[119.3129837,31.7908207],[119.3123488,31.7891738],[119.313343,31.7877516],[119.3148471,31.7875609],[119.3132986,31.787318],[119.313096,31.7862829],[119.3124076,31.7860091],[119.3130378,31.7856548],[119.3128842,31.7849283],[119.310813,31.7842637],[119.3101434,31.7835418],[119.3092052,31.7831758],[119.3086826,31.7792535],[119.3023589,31.7784859],[119.3028846,31.7771241],[119.3021153,31.7751174],[119.3022689,31.7732565],[119.3018262,31.7721968],[119.30213,31.7715216],[119.3018598,31.7712304],[119.3019668,31.7691601],[119.3010895,31.7686474],[119.301002,31.7667549],[119.3014832,31.7662029],[119.3006958,31.7658733],[119.3003648,31.7649914],[119.3006977,31.7646823],[119.3005991,31.7635059],[119.3002216,31.7631498],[119.2994103,31.7604165],[119.2999906,31.7600205],[119.30034,31.7583718],[119.3019655,31.7589454],[119.3021749,31.7586644],[119.3019304,31.7569892],[119.3025552,31.7557145],[119.3020556,31.7543525],[119.3028153,31.7530885],[119.3026569,31.75244],[119.3047333,31.7500518],[119.3048374,31.7485898],[119.3043646,31.7468025],[119.3032052,31.7460505],[119.3030586,31.7454395],[119.3079267,31.7442272],[119.3073782,31.7423267],[119.3063622,31.7426647],[119.3058463,31.7419832],[119.3067743,31.7419224],[119.3039192,31.7399462],[119.3031579,31.7398492],[119.3009519,31.7403883],[119.3004381,31.7402063],[119.3018084,31.7386739],[119.3004969,31.737644],[119.3038458,31.736123],[119.3032661,31.7356012],[119.3033816,31.7345656],[119.3039218,31.7348361],[119.3049645,31.7339206],[119.3053212,31.7340763],[119.3052522,31.7351057],[119.3062662,31.7349973],[119.30702,31.7343711],[119.3076311,31.7327886],[119.3082374,31.7323867],[119.309008,31.7323657],[119.3095151,31.7328978],[119.3115873,31.7308105],[119.3132729,31.7310145],[119.3155478,31.7322316],[119.3162776,31.7331349],[119.3178321,31.7334658],[119.3161843,31.7334249],[119.3163681,31.7337953],[119.3174374,31.7338408],[119.3170089,31.734371],[119.3188032,31.7342146],[119.3191983,31.7345946],[119.3175863,31.7353905],[119.3177818,31.7357399],[119.3187052,31.7355492],[119.3204407,31.7360448],[119.3212729,31.7359001],[119.3214056,31.7351025],[119.3201299,31.7351435],[119.3235606,31.7313099],[119.3262544,31.7293317],[119.3247618,31.7269697],[119.3252062,31.7264573],[119.3253681,31.7254745],[119.3248321,31.7242292],[119.3240112,31.7239076],[119.3243241,31.7245872],[119.3238236,31.725078],[119.323306,31.7250916],[119.3216188,31.7242592],[119.3176233,31.7236142],[119.3172175,31.7225623],[119.3159033,31.7211181],[119.3159268,31.7203749],[119.3150012,31.7201014],[119.3153623,31.7196094],[119.3150403,31.7190966],[119.315617,31.7171922],[119.3171435,31.7171753],[119.3165125,31.7162957],[119.3159831,31.7145675],[119.3163188,31.7138298],[119.3169402,31.7140246],[119.3173968,31.7131058],[119.3169292,31.7128475],[119.3185332,31.7097634],[119.3194094,31.7095071],[119.3205081,31.7082743],[119.3214354,31.7079926],[119.3216191,31.7075325],[119.3224215,31.7071607],[119.322644,31.7073051],[119.322487,31.7078698],[119.3236715,31.7074811],[119.3245595,31.7083334],[119.3258191,31.70715],[119.3255778,31.7067319],[119.3246741,31.7063545],[119.3243948,31.7049096],[119.3246222,31.7036287],[119.3241988,31.7032702],[119.3238638,31.7035994],[119.3212524,31.702897],[119.322223,31.7016911],[119.3217306,31.6993754],[119.3212214,31.6991848],[119.3209065,31.6972012],[119.3194283,31.6953584],[119.31918,31.692923],[119.3182208,31.6930556],[119.3178098,31.692873],[119.3175482,31.6922216],[119.3193756,31.6909106],[119.3190391,31.6896864],[119.3179599,31.6882218],[119.3176559,31.6882945],[119.3164009,31.6869241],[119.316405,31.6854685],[119.3144846,31.68388],[119.3134117,31.6803741],[119.3114376,31.6777811],[119.3101072,31.6770689],[119.3099355,31.6763932],[119.3113275,31.675384],[119.3116951,31.6745854],[119.3098068,31.6714626],[119.306395,31.6714261],[119.3048072,31.6706043],[119.3026185,31.6650159],[119.2995071,31.664888],[119.2952585,31.660523],[119.2952371,31.6586874],[119.2966962,31.6573998],[119.2960578,31.6567285],[119.2948401,31.6581121],[119.2915356,31.6552262],[119.2874694,31.6547879],[119.2857957,31.6541486],[119.2826629,31.6499109],[119.280461,31.647579],[119.2780065,31.646148],[119.2764723,31.6447505],[119.2702603,31.6424762],[119.2679107,31.640759],[119.2640091,31.6366188],[119.2627279,31.6372197],[119.2618001,31.6380963],[119.2604641,31.6379798],[119.2600074,31.6373105],[119.258059,31.6375803],[119.2576625,31.6372923],[119.2579371,31.635613],[119.2590755,31.6339014],[119.2599446,31.6342074],[119.2603844,31.6339585],[119.2595208,31.6323645],[119.2598748,31.6314144],[119.2594242,31.6311861],[119.2590862,31.6312089],[119.258303,31.632844],[119.257611,31.632844],[119.2569405,31.6312454],[119.2591935,31.6304644],[119.2589736,31.6297153],[119.2578953,31.6299209],[119.2570531,31.6296879],[119.2567956,31.6286922],[119.2552078,31.628546],[119.2550683,31.6292312],[119.2543173,31.6295509],[119.2546821,31.6310125],[119.2555189,31.631314],[119.2558086,31.6328029],[119.255476,31.6342097],[119.2549503,31.634776],[119.2513776,31.6350044],[119.2490387,31.6340544],[119.2474937,31.6338717],[119.2452621,31.6350501],[119.2431056,31.6325928],[119.2380416,31.6300807],[119.2330634,31.628884],[119.2323875,31.6285369],[119.2317867,31.6273493],[119.2304349,31.6270432],[119.229852,31.628315],[119.229562,31.628175],[119.228492,31.628756],[119.228032,31.629325],[119.227632,31.629135],[119.226952,31.629475],[119.226642,31.628745],[119.225462,31.627685],[119.223802,31.628735],[119.223942,31.629295],[119.225222,31.630675],[119.225602,31.630725],[119.225872,31.630335],[119.226862,31.630945],[119.226912,31.632315],[119.227862,31.634265],[119.225852,31.633955],[119.224752,31.632555],[119.223432,31.632095],[119.223202,31.631595],[119.222302,31.631205],[119.222262,31.630695],[119.221192,31.630295],[119.218892,31.630295],[119.219192,31.631215],[119.217972,31.631335],[119.218102,31.631566],[119.216962,31.632915],[119.214682,31.631126],[119.213972,31.631175],[119.212212,31.630545],[119.212422,31.629985],[119.212172,31.629945],[119.210172,31.630715],[119.210052,31.631365],[119.209732,31.631495],[119.208032,31.631736],[119.207582,31.631286],[119.206832,31.631335],[119.206852,31.631656],[119.207732,31.632115],[119.207822,31.632645],[119.206982,31.632285],[119.205542,31.632616],[119.205452,31.633125],[119.206122,31.633426],[119.206092,31.633876],[119.206912,31.634125],[119.207032,31.635466],[119.206702,31.635276],[119.206012,31.635556],[119.204922,31.635206],[119.202562,31.635496],[119.202842,31.637095],[119.203122,31.637026],[119.203162,31.638236],[119.202872,31.638275],[119.202833,31.639075],[119.202412,31.639346],[119.202682,31.639935],[119.202092,31.639736],[119.201942,31.640366],[119.203172,31.640375],[119.203172,31.640695],[119.202642,31.641626],[119.202153,31.641616],[119.201162,31.643006],[119.201542,31.644735],[119.201782,31.644906],[119.202012,31.644486],[119.202013,31.645396],[119.202662,31.645406],[119.201212,31.646086],[119.201102,31.648746],[119.200742,31.649406],[119.198933,31.648516],[119.198492,31.647806],[119.198262,31.647906],[119.198442,31.647636],[119.198172,31.647236],[119.197833,31.647506],[119.196172,31.645966],[119.195292,31.646275],[119.195053,31.645726],[119.194143,31.646416],[119.194452,31.646716],[119.194283,31.648166],[119.194632,31.649966],[119.193122,31.650126],[119.192033,31.650635],[119.190862,31.650296],[119.190702,31.650526],[119.189523,31.650356],[119.189802,31.650826],[119.187853,31.650486],[119.187863,31.651066],[119.187512,31.651206],[119.187302,31.650486],[119.185262,31.650536],[119.184352,31.650866],[119.184102,31.650176],[119.183032,31.650716],[119.182373,31.649916],[119.182093,31.650066],[119.181862,31.649656],[119.181702,31.649886],[119.180992,31.649566],[119.180732,31.649706],[119.180872,31.650226],[119.179513,31.649796],[119.179682,31.650526],[119.178522,31.649696],[119.177893,31.651356],[119.178192,31.650896],[119.178442,31.651736],[119.179632,31.651696],[119.179473,31.652926],[119.180542,31.655166],[119.180692,31.657396],[119.182902,31.655876],[119.182863,31.656986],[119.184853,31.656836],[119.184753,31.658236],[119.185132,31.658346],[119.185642,31.659306],[119.187243,31.658816],[119.186953,31.657916],[119.186423,31.657536],[119.187273,31.656516],[119.187562,31.656356],[119.188183,31.656716],[119.188112,31.657216],[119.188483,31.657296],[119.187762,31.657766],[119.187783,31.658306],[119.188363,31.658466],[119.187122,31.659446],[119.187482,31.659716],[119.187373,31.660176],[119.188003,31.660926],[119.188153,31.661666],[119.188643,31.662076],[119.188033,31.662566],[119.188252,31.662956],[119.187583,31.663756],[119.187823,31.663976],[119.188183,31.663706],[119.188482,31.664286],[119.188153,31.664666],[119.188052,31.664096],[119.187293,31.664196],[119.187233,31.665436],[119.186963,31.665566],[119.186623,31.663786],[119.186033,31.663686],[119.185873,31.664896],[119.186092,31.666116],[119.187092,31.666156],[119.187363,31.667306],[119.186733,31.667676],[119.186163,31.667416],[119.184713,31.667676],[119.184533,31.668576],[119.183393,31.669126],[119.182993,31.668976],[119.182782,31.668436],[119.182223,31.668606],[119.181503,31.669476],[119.181853,31.669516],[119.181382,31.671056],[119.182033,31.671196],[119.181953,31.671476],[119.181133,31.672006],[119.182343,31.673476],[119.182353,31.674136],[119.181443,31.675966],[119.181923,31.676546],[119.181883,31.677536],[119.182573,31.677696],[119.182183,31.678346],[119.182263,31.680846],[119.182893,31.681176],[119.183293,31.681956],[119.183483,31.683486],[119.183883,31.683476],[119.183803,31.683916],[119.184293,31.683866],[119.185253,31.684396],[119.187423,31.683846],[119.188573,31.684306],[119.188093,31.685826],[119.187683,31.686016],[119.187153,31.685636],[119.186693,31.686716],[119.186053,31.686736],[119.18525,31.687564],[119.185023,31.689266],[119.185923,31.690846],[119.184543,31.690796],[119.184143,31.691396],[119.183193,31.691656],[119.182283,31.692356],[119.181273,31.693916],[119.181523,31.694646],[119.180813,31.697216],[119.177183,31.695896],[119.174583,31.696226],[119.172203,31.698596],[119.168273,31.699856],[119.168943,31.701276],[119.168503,31.701836],[119.168513,31.701616],[119.167933,31.701746],[119.167153,31.701186],[119.166663,31.701276],[119.166743,31.700836],[119.167453,31.700226],[119.166953,31.699596],[119.167263,31.699236],[119.166933,31.699126],[119.166683,31.699846],[119.166273,31.699756],[119.166463,31.699256],[119.165253,31.699736],[119.164993,31.698856],[119.163613,31.699166],[119.163893,31.700526],[119.162093,31.700656],[119.161743,31.700836],[119.161533,31.701666],[119.160483,31.701396],[119.159803,31.701666],[119.159563,31.702236],[119.158973,31.702116],[119.158783,31.701296],[119.158223,31.701106],[119.158243,31.700736],[119.157903,31.700796],[119.157913,31.700566],[119.157203,31.700836],[119.156283,31.700666],[119.155733,31.699886],[119.154623,31.699656],[119.154623,31.699176],[119.153413,31.699536],[119.153873,31.700346],[119.153223,31.700616],[119.153053,31.701146],[119.152713,31.701126],[119.153283,31.701456],[119.152883,31.702886],[119.152083,31.703106],[119.151513,31.702766],[119.151563,31.703606],[119.150813,31.703346],[119.150203,31.703526],[119.150083,31.704166],[119.149233,31.704856],[119.149193,31.705296],[119.150583,31.705186],[119.151343,31.705696],[119.151623,31.706376],[119.152493,31.706646],[119.151223,31.706936],[119.150783,31.706556],[119.150383,31.706866],[119.149953,31.706706],[119.149493,31.707286],[119.150053,31.707496],[119.149713,31.707636],[119.150043,31.707976],[119.149363,31.707846],[119.148833,31.708296],[119.147123,31.706806],[119.146013,31.707366],[119.145893,31.708506],[119.144893,31.708596],[119.144663,31.708186],[119.144293,31.708446],[119.144573,31.708726],[119.143853,31.708916],[119.141233,31.712456],[119.141723,31.712526],[119.141703,31.712916],[119.142213,31.712936],[119.142033,31.713756],[119.140613,31.713556],[119.140643,31.713246],[119.139833,31.713606],[119.139783,31.715267],[119.140213,31.715696],[119.140263,31.716097],[119.139953,31.716286],[119.140263,31.716776],[119.139673,31.717306],[119.140543,31.717966],[119.139774,31.718866],[119.140453,31.719186],[119.140273,31.719566],[119.139643,31.719296],[119.139103,31.720186],[119.138163,31.720556],[119.137853,31.721016],[119.137234,31.720946],[119.137033,31.721366],[119.136573,31.721177],[119.136563,31.722186],[119.136083,31.723216],[119.135603,31.723297],[119.135403,31.722886],[119.134653,31.723486],[119.134744,31.724656],[119.134393,31.725226],[119.134053,31.725167],[119.133893,31.724406],[119.133693,31.724736],[119.133254,31.724497],[119.131843,31.724757],[119.131644,31.724467],[119.130693,31.724686],[119.130814,31.725006],[119.130354,31.725327],[119.129773,31.725217],[119.129573,31.724446],[119.128063,31.724766],[119.126803,31.724057],[119.125563,31.724767],[119.124393,31.724546],[119.123493,31.724836],[119.123183,31.725896],[119.122663,31.725966],[119.122413,31.726406],[119.122203,31.726166],[119.121963,31.726347],[119.122103,31.727467],[119.121554,31.727837],[119.121563,31.728306],[119.121753,31.729597],[119.122243,31.730267],[119.121654,31.730446],[119.121774,31.730736],[119.121183,31.731756],[119.121853,31.731657],[119.122083,31.730896],[119.122003,31.731626],[119.122233,31.731706],[119.121733,31.732387],[119.122293,31.732887],[119.121633,31.733277],[119.121713,31.734247],[119.121364,31.734297],[119.121623,31.734677],[119.120953,31.734917],[119.121583,31.735256],[119.121943,31.734796],[119.122343,31.734937],[119.122073,31.736287],[119.121544,31.736207],[119.121623,31.735537],[119.120463,31.736007],[119.120493,31.735647],[119.119753,31.735397],[119.119634,31.736017],[119.118483,31.736137],[119.119293,31.736846],[119.119263,31.737937],[119.117903,31.737897],[119.117324,31.738836],[119.117963,31.739216],[119.118223,31.740296],[119.118424,31.740047],[119.118143,31.739856],[119.118203,31.739396],[119.118403,31.739797],[119.118864,31.739847],[119.118644,31.739967],[119.118994,31.740606],[119.117604,31.742337],[119.116984,31.742307],[119.116264,31.742756],[119.116614,31.742187],[119.115933,31.742077],[119.115303,31.742137],[119.114893,31.742577],[119.114883,31.741297],[119.114563,31.741237],[119.114573,31.741996],[119.114073,31.742137],[119.114083,31.741557],[119.112943,31.741617],[119.112793,31.741297],[119.112174,31.741297],[119.112164,31.741647],[119.111513,31.741866],[119.111544,31.742097],[119.110473,31.742177],[119.110293,31.742527],[119.111254,31.742507],[119.111303,31.742737],[119.109643,31.743116],[119.109423,31.743397],[119.109614,31.743597],[119.108463,31.744287],[119.107313,31.744447],[119.107394,31.745367],[119.107123,31.744497],[119.106704,31.744587],[119.106753,31.745267],[119.105973,31.745307],[119.105824,31.746497],[119.106333,31.746447],[119.106363,31.746977],[119.105784,31.747447],[119.104513,31.747557],[119.103524,31.748217],[119.103873,31.748387],[119.103714,31.748627],[119.104584,31.750297],[119.104233,31.750407],[119.104444,31.751277],[119.105193,31.751647],[119.104463,31.751837],[119.104863,31.752067],[119.104854,31.752607],[119.104584,31.752637],[119.104453,31.751987],[119.103884,31.752167],[119.103603,31.752827],[119.104454,31.754087],[119.105004,31.754367],[119.104294,31.755117],[119.104913,31.755517],[119.104852,31.755837],[119.102284,31.755547],[119.100974,31.754307],[119.101143,31.753927],[119.100553,31.753697],[119.100363,31.753967],[119.099873,31.753787],[119.099734,31.754117],[119.098994,31.754027],[119.098764,31.754427],[119.099404,31.755117],[119.098694,31.755657],[119.098554,31.756807],[119.096664,31.756297],[119.094844,31.756637],[119.095024,31.756037],[119.094614,31.755707],[119.093964,31.756087],[119.093934,31.756537],[119.093064,31.755737],[119.092173,31.756107],[119.091894,31.756927],[119.090553,31.756837],[119.090594,31.757627],[119.091094,31.758287],[119.090784,31.758107],[119.090434,31.758507],[119.090684,31.759097],[119.089744,31.759447],[119.088794,31.759277],[119.088394,31.759697],[119.089294,31.759907],[119.089433,31.760697],[119.090004,31.761137],[119.089684,31.762077],[119.089174,31.762437],[119.090284,31.763297],[119.090104,31.764267],[119.089353,31.764847],[119.089874,31.765427],[119.089803,31.766477],[119.088734,31.766607],[119.088404,31.765937],[119.087874,31.765987],[119.087694,31.766407],[119.085974,31.767277],[119.085764,31.768357],[119.084914,31.768817],[119.085314,31.769307],[119.084444,31.770367],[119.084654,31.770967],[119.085064,31.771097],[119.084664,31.771717],[119.084914,31.772377],[119.083614,31.773777],[119.083214,31.773527],[119.082474,31.774677],[119.081574,31.773827],[119.082234,31.773147],[119.080564,31.772917],[119.078994,31.773417],[119.078554,31.772467],[119.076724,31.773297],[119.076034,31.772757],[119.075984,31.772227],[119.075434,31.771817],[119.075074,31.772017],[119.074804,31.771807],[119.074804,31.771547],[119.075334,31.771397],[119.075094,31.770847],[119.074304,31.770827],[119.074394,31.771657],[119.073894,31.771947],[119.072914,31.770297],[119.071814,31.770697],[119.071994,31.771417],[119.070904,31.772217],[119.070184,31.771277],[119.070514,31.769667],[119.068774,31.769457],[119.068754,31.770297],[119.069054,31.770307],[119.068984,31.769877],[119.069334,31.769907],[119.069344,31.770487],[119.069054,31.770637],[119.069264,31.771087],[119.069804,31.771457],[119.069784,31.771767],[119.070414,31.771717],[119.070094,31.771997],[119.070334,31.772607],[119.070894,31.772847],[119.070204,31.773107],[119.070454,31.773507],[119.070124,31.773727],[119.071034,31.773627],[119.071474,31.773967],[119.071614,31.774717],[119.072124,31.774817],[119.071754,31.775047],[119.072054,31.775747],[119.073134,31.775607],[119.072764,31.775997],[119.071944,31.775867],[119.071594,31.776847],[119.074314,31.776937],[119.074334,31.778527],[119.072524,31.778327],[119.072964,31.778807],[119.072904,31.780077],[119.072644,31.780727],[119.072034,31.780847],[119.072774,31.782157],[119.073554,31.782017],[119.073634,31.781557],[119.074114,31.781837],[119.073024,31.782927],[119.073824,31.782857],[119.074914,31.784107],[119.073304,31.783897],[119.073404,31.784957],[119.073064,31.785117],[119.072694,31.784817],[119.071274,31.786357],[119.070014,31.786307],[119.070064,31.787007],[119.069634,31.787447],[119.068744,31.786707],[119.068604,31.786337],[119.068854,31.786327],[119.068434,31.785587],[119.068314,31.785997],[119.068234,31.785537],[119.068024,31.785947],[119.067364,31.785747],[119.067544,31.785037],[119.067224,31.784867],[119.064764,31.784747],[119.062874,31.783857],[119.061794,31.784037],[119.061454,31.783687],[119.061414,31.784598],[119.061694,31.784767],[119.060934,31.785167],[119.059944,31.785297],[119.059914,31.784157],[119.059004,31.784177],[119.058434,31.785267],[119.058194,31.785217],[119.058424,31.784317],[119.057944,31.785207],[119.058134,31.784167],[119.057214,31.785797],[119.058234,31.785707],[119.057214,31.786377],[119.057214,31.786857],[119.056784,31.786877],[119.056684,31.786407],[119.055444,31.786007],[119.056524,31.786737],[119.055134,31.786687],[119.054544,31.786977],[119.054524,31.787207],[119.055564,31.787427],[119.053344,31.787267],[119.052754,31.788717],[119.053024,31.788257],[119.053374,31.788537],[119.053834,31.788227],[119.054044,31.789147],[119.052964,31.789337],[119.053754,31.790317],[119.053254,31.790487],[119.053344,31.791248],[119.052704,31.791347],[119.052704,31.791577],[119.050284,31.791267],[119.051164,31.792037],[119.049784,31.791927],[119.050034,31.792238],[119.047694,31.792217],[119.047044,31.792597],[119.046524,31.792067],[119.047294,31.791548],[119.047354,31.790408],[119.046784,31.790487],[119.046284,31.791197],[119.046164,31.790557],[119.044584,31.790808],[119.044634,31.791267],[119.043034,31.790998],[119.042044,31.791197],[119.04192,31.791474],[119.041464,31.791237],[119.041534,31.790337],[119.040784,31.790247],[119.038764,31.791108],[119.038003,31.790498],[119.038254,31.790068],[119.037644,31.789247],[119.037314,31.789447],[119.037244,31.789077],[119.036904,31.789028],[119.036724,31.789338],[119.035674,31.788808],[119.035214,31.789307],[119.033024,31.789177],[119.032844,31.788918],[119.033494,31.788587],[119.032914,31.788178],[119.031974,31.788548],[119.030434,31.788178],[119.030114,31.787918],[119.030264,31.787498],[119.029924,31.786608],[119.029654,31.786538],[119.028904,31.786798],[119.028924,31.787138],[119.028504,31.787418],[119.028034,31.786728],[119.026144,31.786027],[119.026144,31.786558],[119.025364,31.786678],[119.025624,31.787398],[119.024814,31.787988],[119.023984,31.787118],[119.023974,31.786718],[119.023594,31.786648],[119.023584,31.786188],[119.022184,31.786338],[119.021174,31.786838],[119.018974,31.785218],[119.020014,31.787358],[119.018624,31.784777],[119.017374,31.784478],[119.016064,31.783228],[119.015394,31.783388],[119.014874,31.782908],[119.014624,31.783178],[119.013764,31.782948],[119.013364,31.783138],[119.012924,31.782328],[119.013724,31.781628],[119.013874,31.782208],[119.014364,31.782438],[119.014004,31.781468],[119.014274,31.780718],[119.012844,31.781118],[119.012224,31.780628],[119.011214,31.780948],[119.011014,31.781478],[119.010464,31.781398],[119.010244,31.780478],[119.009844,31.781318],[119.009134,31.780298],[119.009094,31.779798],[119.009914,31.779088],[119.009134,31.777178],[119.008554,31.777348],[119.008584,31.778148],[119.007634,31.778538],[119.008024,31.778728],[119.007994,31.779438],[119.007244,31.779468],[119.006324,31.781118],[119.005914,31.780938],[119.006394,31.780418],[119.005424,31.779778],[119.005334,31.779248],[119.004754,31.779068],[119.004544,31.779698],[119.005474,31.779968],[119.005214,31.781438],[119.004154,31.780848],[119.003844,31.781418],[119.003554,31.781378],[119.003624,31.782038],[119.003034,31.782128],[119.003094,31.781268],[119.002284,31.781188],[119.002254,31.780608],[119.001784,31.780368],[119.000844,31.780498],[119.000784,31.780068],[118.999914,31.779798],[118.999844,31.778308],[118.998614,31.774898],[118.996894,31.774988],[118.996144,31.773458],[118.996594,31.773148],[118.996384,31.772858],[118.995894,31.772948],[118.993903,31.768768],[118.991614,31.771108],[118.990254,31.771618],[118.990544,31.770628],[118.989494,31.770078],[118.990254,31.769878],[118.989894,31.768838],[118.990904,31.767968],[118.9905676,31.7670014],[118.9895323,31.7686182],[118.9886793,31.7688371],[118.9877191,31.7687094],[118.9868286,31.7680641],[118.9864826,31.7680641],[118.9863646,31.7684974],[118.9850262,31.7682009],[118.9850101,31.7675123],[118.9838943,31.7676057],[118.983897,31.7671884],[118.983272,31.7672363],[118.9832827,31.7662124],[118.9842698,31.7662215],[118.9843315,31.7657381],[118.9807641,31.765428],[118.9806408,31.7661189],[118.9795035,31.7662124],[118.9794043,31.7668281],[118.9786532,31.7669399],[118.9777547,31.7667666],[118.9778915,31.7662763],[118.9771754,31.7664222],[118.9770868,31.7657198],[118.9767435,31.76577],[118.9767811,31.7664792],[118.9765504,31.766518],[118.9765236,31.7657609],[118.9752147,31.7661486],[118.9753488,31.7666047],[118.9762178,31.7665932],[118.9762768,31.7668965],[118.9748338,31.7673093],[118.9745119,31.7675966],[118.9747158,31.767909],[118.974123,31.7679569],[118.9748955,31.7684153],[118.974587,31.7689375],[118.9740291,31.7688007],[118.9735662,31.7698519],[118.9772084,31.7719559],[118.9771057,31.7726259],[118.9763268,31.7730219],[118.9765864,31.7742422],[118.9761461,31.7748881],[118.9767491,31.7767557],[118.9758521,31.777455],[118.9745354,31.7772285],[118.9746541,31.7778573],[118.9752188,31.7778297],[118.9748752,31.7782808],[118.9750432,31.7786054],[118.9761821,31.7782796],[118.9758946,31.7788261],[118.97557,31.7787612],[118.9753222,31.779808],[118.9748951,31.7800626],[118.9750841,31.7807373],[118.9746306,31.7806639],[118.9741959,31.7813107],[118.974257,31.7819111],[118.9734416,31.7821523],[118.9731323,31.7826878],[118.9731705,31.7835673],[118.9740444,31.7839457],[118.973789,31.7846902],[118.9741288,31.7850537],[118.9734301,31.7855697],[118.9736134,31.7859234],[118.9739188,31.7858131],[118.9745335,31.7862317],[118.9755239,31.7853891],[118.9767761,31.7857752],[118.9771236,31.7853047],[118.9767991,31.7848179],[118.9773259,31.7845745],[118.9793838,31.784701],[118.9775397,31.7849639],[118.9776886,31.7853631],[118.9794258,31.7852787],[118.9790402,31.7849542],[118.9796663,31.7849736],[118.9799565,31.7845875],[118.9802123,31.7859505],[118.9863001,31.7846653],[118.9881597,31.7837278],[118.9866079,31.7820271],[118.9876723,31.7806208],[118.990545,31.7800758],[118.9920711,31.7814276],[118.9918916,31.7837278],[118.9930586,31.78569],[118.9970342,31.7868782],[118.9998042,31.7892436],[119.0042022,31.7903119],[119.0000094,31.7912493],[119.0010738,31.7956312],[119.0008302,31.7984324],[119.001356,31.8003398],[119.0008943,31.8011137],[118.9958092,31.8035224],[118.9931207,31.8036378],[118.9926898,31.8045374],[118.9898983,31.8075148],[118.9877063,31.810699],[118.9871255,31.812092],[118.9869101,31.8145677],[118.9866478,31.814902],[118.9849336,31.8148701],[118.9831912,31.8173696],[118.9825636,31.8176084],[118.9816946,31.8195712],[118.980807,31.8202523],[118.9784297,31.8211251],[118.9755081,31.8227441],[118.973697,31.8245266],[118.9659385,31.8267007],[118.9654457,31.8282009],[118.9658871,31.8291777],[118.9670985,31.8302069],[118.9686177,31.832335],[118.9687472,31.8334924],[118.9673152,31.8333659],[118.9664991,31.8337453],[118.9671202,31.8345084],[118.9685933,31.8348049],[118.9685562,31.8352566],[118.9683303,31.8355706],[118.9673962,31.8355183],[118.9665248,31.8369503],[118.9656368,31.8363617],[118.9663195,31.8349052],[118.9660012,31.8335447],[118.9651492,31.833706],[118.9652313,31.8345346],[118.965606,31.8347046],[118.9652365,31.836039],[118.9633252,31.8363925],[118.9634595,31.8367594],[118.9621166,31.8373082],[118.9634704,31.8375087]]]}}]}